[{"pk": 16, "model": "contenttypes.contenttype", "fields": {"model": "commentwithmood", "name": "Comment", "app_label": "om_comments"}}, {"pk": 13, "model": "contenttypes.contenttype", "fields": {"model": "tag", "name": "Tag", "app_label": "taggit"}}, {"pk": 42, "model": "contenttypes.contenttype", "fields": {"model": "tag", "name": "Tag", "app_label": "taxonomy"}}, {"pk": 14, "model": "contenttypes.contenttype", "fields": {"model": "taggeditem", "name": "Tagged Item", "app_label": "taggit"}}, {"pk": 17, "model": "contenttypes.contenttype", "fields": {"model": "act", "name": "act", "app_label": "acts"}}, {"pk": 18, "model": "contenttypes.contenttype", "fields": {"model": "actsection", "name": "act section", "app_label": "acts"}}, {"pk": 19, "model": "contenttypes.contenttype", "fields": {"model": "actsupport", "name": "act support", "app_label": "acts"}}, {"pk": 34, "model": "contenttypes.contenttype", "fields": {"model": "administrationcharge", "name": "administration charge", "app_label": "people"}}, {"pk": 20, "model": "contenttypes.contenttype", "fields": {"model": "agenda", "name": "agenda", "app_label": "acts"}}, {"pk": 27, "model": "contenttypes.contenttype", "fields": {"model": "attach", "name": "attach", "app_label": "acts"}}, {"pk": 51, "model": "contenttypes.contenttype", "fields": {"model": "newscache", "name": "cached news", "app_label": "newscache"}}, {"pk": 30, "model": "contenttypes.contenttype", "fields": {"model": "calendar", "name": "calendar", "app_label": "acts"}}, {"pk": 44, "model": "contenttypes.contenttype", "fields": {"model": "category", "name": "category", "app_label": "taxonomy"}}, {"pk": 48, "model": "contenttypes.contenttype", "fields": {"model": "chargevote", "name": "charge vote", "app_label": "votations"}}, {"pk": 5, "model": "contenttypes.contenttype", "fields": {"model": "comment", "name": "comment", "app_label": "comments"}}, {"pk": 6, "model": "contenttypes.contenttype", "fields": {"model": "commentflag", "name": "comment flag", "app_label": "comments"}}, {"pk": 39, "model": "contenttypes.contenttype", "fields": {"model": "company", "name": "company", "app_label": "people"}}, {"pk": 7, "model": "contenttypes.contenttype", "fields": {"model": "contenttype", "name": "content type", "app_label": "contenttypes"}}, {"pk": 21, "model": "contenttypes.contenttype", "fields": {"model": "deliberation", "name": "deliberation", "app_label": "acts"}}, {"pk": 25, "model": "contenttypes.contenttype", "fields": {"model": "emendation", "name": "emendation", "app_label": "acts"}}, {"pk": 2, "model": "contenttypes.contenttype", "fields": {"model": "group", "name": "group", "app_label": "auth"}}, {"pk": 35, "model": "contenttypes.contenttype", "fields": {"model": "group", "name": "group", "app_label": "people"}}, {"pk": 36, "model": "contenttypes.contenttype", "fields": {"model": "groupcharge", "name": "group charge", "app_label": "people"}}, {"pk": 37, "model": "contenttypes.contenttype", "fields": {"model": "groupismajority", "name": "group majority", "app_label": "people"}}, {"pk": 47, "model": "contenttypes.contenttype", "fields": {"model": "groupvote", "name": "group vote", "app_label": "votations"}}, {"pk": 38, "model": "contenttypes.contenttype", "fields": {"model": "institution", "name": "institution", "app_label": "people"}}, {"pk": 32, "model": "contenttypes.contenttype", "fields": {"model": "institutioncharge", "name": "institution charge", "app_label": "people"}}, {"pk": 23, "model": "contenttypes.contenttype", "fields": {"model": "interpellation", "name": "interpellation", "app_label": "acts"}}, {"pk": 22, "model": "contenttypes.contenttype", "fields": {"model": "interrogation", "name": "interrogation", "app_label": "acts"}}, {"pk": 45, "model": "contenttypes.contenttype", "fields": {"model": "location", "name": "location", "app_label": "taxonomy"}}, {"pk": 10, "model": "contenttypes.contenttype", "fields": {"model": "logentry", "name": "log entry", "app_label": "admin"}}, {"pk": 4, "model": "contenttypes.contenttype", "fields": {"model": "message", "name": "message", "app_label": "auth"}}, {"pk": 12, "model": "contenttypes.contenttype", "fields": {"model": "migrationhistory", "name": "migration history", "app_label": "south"}}, {"pk": 28, "model": "contenttypes.contenttype", "fields": {"model": "minute", "name": "minute", "app_label": "acts"}}, {"pk": 50, "model": "contenttypes.contenttype", "fields": {"model": "monitoring", "name": "monitoring", "app_label": "monitoring"}}, {"pk": 24, "model": "contenttypes.contenttype", "fields": {"model": "motion", "name": "motion", "app_label": "acts"}}, {"pk": 40, "model": "contenttypes.contenttype", "fields": {"model": "office", "name": "office", "app_label": "people"}}, {"pk": 33, "model": "contenttypes.contenttype", "fields": {"model": "companycharge", "name": "organization charge", "app_label": "people"}}, {"pk": 29, "model": "contenttypes.contenttype", "fields": {"model": "outcome", "name": "outcome", "app_label": "acts"}}, {"pk": 1, "model": "contenttypes.contenttype", "fields": {"model": "permission", "name": "permission", "app_label": "auth"}}, {"pk": 31, "model": "contenttypes.contenttype", "fields": {"model": "person", "name": "person", "app_label": "people"}}, {"pk": 11, "model": "contenttypes.contenttype", "fields": {"model": "registrationprofile", "name": "registration profile", "app_label": "registration"}}, {"pk": 8, "model": "contenttypes.contenttype", "fields": {"model": "session", "name": "session", "app_label": "sessions"}}, {"pk": 9, "model": "contenttypes.contenttype", "fields": {"model": "site", "name": "site", "app_label": "sites"}}, {"pk": 41, "model": "contenttypes.contenttype", "fields": {"model": "sitting", "name": "sitting", "app_label": "people"}}, {"pk": 26, "model": "contenttypes.contenttype", "fields": {"model": "transition", "name": "status transition", "app_label": "acts"}}, {"pk": 43, "model": "contenttypes.contenttype", "fields": {"model": "taggedact", "name": "tagged act", "app_label": "taxonomy"}}, {"pk": 3, "model": "contenttypes.contenttype", "fields": {"model": "user", "name": "user", "app_label": "auth"}}, {"pk": 49, "model": "contenttypes.contenttype", "fields": {"model": "userprofile", "name": "user profile", "app_label": "users"}}, {"pk": 46, "model": "contenttypes.contenttype", "fields": {"model": "votation", "name": "votation", "app_label": "votations"}}, {"pk": 15, "model": "contenttypes.contenttype", "fields": {"model": "vote", "name": "vote", "app_label": "voting"}}, {"pk": "333fb04ea236550f42403a9b6708aedf", "model": "sessions.session", "fields": {"expire_date": "2012-03-27 09:52:18", "session_data": "N2Q1MTk4OWRiMjgwZjU1MDNmMTliZWM3ZmYzMzU3ZTZkZmJhMmRmMTqAAn1xAS4=\n"}}, {"pk": "e4df3da55aa0a76a23fe7e98a7f80769", "model": "sessions.session", "fields": {"expire_date": "2012-03-27 09:54:11", "session_data": "MmFmODUwOTAzNDAwMzI2ODFmNDNkMThhYTg4NmZhMWNkNjQzN2IzYjqAAn1xAShVCnRlc3Rjb29r\naWVxAlUGd29ya2VkcQNVDV9hdXRoX3VzZXJfaWRxBEsEVRJfYXV0aF91c2VyX2JhY2tlbmRxBVUp\nZGphbmdvLmNvbnRyaWIuYXV0aC5iYWNrZW5kcy5Nb2RlbEJhY2tlbmRxBnUu\n"}}, {"pk": "8b9ed1717f596de96c7ffa16324b5b52", "model": "sessions.session", "fields": {"expire_date": "2012-04-01 09:57:32", "session_data": "ZTgzMmNlMjNhYmFjZDI1YzNjMTgxYmYxYTAzMjljZmJhN2E3MTIxNDqAAn1xAShVEl9hdXRoX3Vz\nZXJfYmFja2VuZHECVSlkamFuZ28uY29udHJpYi5hdXRoLmJhY2tlbmRzLk1vZGVsQmFja2VuZHED\nVQ1fYXV0aF91c2VyX2lkcQRLAXUu\n"}}, {"pk": 1, "model": "sites.site", "fields": {"domain": "local.openmunicipio.it:8000", "name": "Open Municipio (locale)"}}, {"pk": 16, "model": "admin.logentry", "fields": {"action_flag": 3, "action_time": "2012-03-18 10:00:30", "object_repr": "seduta num. 1 del 03/03/2012", "object_id": "1", "change_message": "", "user": 1, "content_type": 41}}, {"pk": 15, "model": "admin.logentry", "fields": {"action_flag": 3, "action_time": "2012-03-18 10:00:30", "object_repr": "seduta num. 2 del 04/03/2012", "object_id": "2", "change_message": "", "user": 1, "content_type": 41}}, {"pk": 14, "model": "admin.logentry", "fields": {"action_flag": 3, "action_time": "2012-03-18 10:00:30", "object_repr": "seduta num. 3 del 05/03/2012", "object_id": "3", "change_message": "", "user": 1, "content_type": 41}}, {"pk": 13, "model": "admin.logentry", "fields": {"action_flag": 3, "action_time": "2012-03-18 10:00:30", "object_repr": "seduta num. 4 del 06/03/2012", "object_id": "4", "change_message": "", "user": 1, "content_type": 41}}, {"pk": 12, "model": "admin.logentry", "fields": {"action_flag": 3, "action_time": "2012-03-18 10:00:30", "object_repr": "seduta num. 5 del 07/03/2012", "object_id": "5", "change_message": "", "user": 1, "content_type": 41}}, {"pk": 11, "model": "admin.logentry", "fields": {"action_flag": 3, "action_time": "2012-03-18 10:00:30", "object_repr": "seduta num. 6 del 08/03/2012", "object_id": "6", "change_message": "", "user": 1, "content_type": 41}}, {"pk": 10, "model": "admin.logentry", "fields": {"action_flag": 3, "action_time": "2012-03-18 09:59:49", "object_repr": "1 - Nam ac ridiculus eu, nunc eros curae penatibus.", "object_id": "1", "change_message": "", "user": 1, "content_type": 17}}, {"pk": 9, "model": "admin.logentry", "fields": {"action_flag": 3, "action_time": "2012-03-18 09:59:49", "object_repr": "2 - Ultricies sit phasellus nulla molestie mus, auctor nulla nascetur.", "object_id": "2", "change_message": "", "user": 1, "content_type": 17}}, {"pk": 8, "model": "admin.logentry", "fields": {"action_flag": 3, "action_time": "2012-03-18 09:59:49", "object_repr": "3 - Conubia risus nisl, placerat ac.", "object_id": "3", "change_message": "", "user": 1, "content_type": 17}}, {"pk": 7, "model": "admin.logentry", "fields": {"action_flag": 3, "action_time": "2012-03-18 09:59:49", "object_repr": "4 - Morbi sodales quis, eget posuere.", "object_id": "4", "change_message": "", "user": 1, "content_type": 17}}, {"pk": 6, "model": "admin.logentry", "fields": {"action_flag": 2, "action_time": "2012-03-18 09:59:14", "object_repr": "editor", "object_id": "2", "change_message": "user_permissions e groups modificato/a.", "user": 1, "content_type": 3}}, {"pk": 5, "model": "admin.logentry", "fields": {"action_flag": 1, "action_time": "2012-03-18 09:59:10", "object_repr": "editors", "object_id": "1", "change_message": "", "user": 1, "content_type": 2}}, {"pk": 4, "model": "admin.logentry", "fields": {"action_flag": 2, "action_time": "2012-03-18 09:58:25", "object_repr": "guglielmo", "object_id": "4", "change_message": "first_name, last_name e email modificato/a.", "user": 1, "content_type": 3}}, {"pk": 3, "model": "admin.logentry", "fields": {"action_flag": 3, "action_time": "2012-03-18 09:57:50", "object_repr": "user", "object_id": "3", "change_message": "", "user": 1, "content_type": 3}}, {"pk": 2, "model": "admin.logentry", "fields": {"action_flag": 2, "action_time": "2012-03-13 09:52:08", "object_repr": "local.openmunicipio.it:8000", "object_id": "1", "change_message": "domain e name modificato/a.", "user": 1, "content_type": 9}}, {"pk": 1, "model": "admin.logentry", "fields": {"action_flag": 2, "action_time": "2012-03-13 09:48:00", "object_repr": "editor", "object_id": "2", "change_message": "user_permissions modificato/a.", "user": 1, "content_type": 3}}, {"pk": 1, "model": "registration.registrationprofile", "fields": {"activation_key": "ALREADY_ACTIVATED", "user": 4}}, {"pk": 1, "model": "people.person", "fields": {"first_name": "Raffaele", "last_name": "ZAPPOLI", "birth_location": "Torella dei Lombardi (AV)", "op_politician_id": null, "sex": 1, "birth_date": "1981-10-08", "slug": "raffaele-zappoli-1981-10-08"}}, {"pk": 2, "model": "people.person", "fields": {"first_name": "ENZO", "last_name": "INTERBARTOLO", "birth_location": "Forli' (FO)", "op_politician_id": null, "sex": 1, "birth_date": "1976-12-23", "slug": "enzo-interbartolo-1976-12-23"}}, {"pk": 3, "model": "people.person", "fields": {"first_name": "SANDRO", "last_name": "MARIAZZI", "birth_location": "Monte Romano (VT)", "op_politician_id": null, "sex": 1, "birth_date": "1941-04-08", "slug": "sandro-mariazzi-1941-04-08"}}, {"pk": 4, "model": "people.person", "fields": {"first_name": "GIULIO", "last_name": "Varchetta", "birth_location": "Aprica (SO)", "op_politician_id": null, "sex": 1, "birth_date": "1955-09-29", "slug": "giulio-varchetta-1955-09-29"}}, {"pk": 5, "model": "people.person", "fields": {"first_name": "SESTO", "last_name": "GRECCO", "birth_location": "CASTIGLIONE D.", "op_politician_id": null, "sex": 1, "birth_date": "1959-05-03", "slug": "sesto-grecco-1959-05-03"}}, {"pk": 6, "model": "people.person", "fields": {"first_name": "R.", "last_name": "Marchisotti", "birth_location": "Bellegra (RM)", "op_politician_id": null, "sex": 0, "birth_date": "1951-12-26", "slug": "r-marchisotti-1951-12-26"}}, {"pk": 7, "model": "people.person", "fields": {"first_name": "BRIGIDA", "last_name": "Di Vagno", "birth_location": "Fiesse (BS)", "op_politician_id": null, "sex": 0, "birth_date": "1946-04-12", "slug": "brigida-di-vagno-1946-04-12"}}, {"pk": 8, "model": "people.person", "fields": {"first_name": "ALBERTO", "last_name": "Giovenco", "birth_location": "Sackingen D", "op_politician_id": null, "sex": 1, "birth_date": "1986-02-14", "slug": "alberto-giovenco-1986-02-14"}}, {"pk": 9, "model": "people.person", "fields": {"first_name": "GIUSEPPE", "last_name": "NOCIVELLI", "birth_location": "Fumane (VR)", "op_politician_id": null, "sex": 1, "birth_date": "1961-01-30", "slug": "giuseppe-nocivelli-1961-01-30"}}, {"pk": 10, "model": "people.person", "fields": {"first_name": "GAETANO", "last_name": "DI SILVIO", "birth_location": "Serra San Bruno (VV)", "op_politician_id": null, "sex": 1, "birth_date": "1947-05-08", "slug": "gaetano-di-silvio-1947-05-08"}}, {"pk": 11, "model": "people.person", "fields": {"first_name": "Giuseppr", "last_name": "LUNARDINI", "birth_location": "Alassio", "op_politician_id": null, "sex": 1, "birth_date": "1940-04-06", "slug": "giuseppr-lunardini-1940-04-06"}}, {"pk": 12, "model": "people.person", "fields": {"first_name": "PIER", "last_name": "Touadi", "birth_location": "TORONTO", "op_politician_id": null, "sex": 1, "birth_date": "1955-03-16", "slug": "pier-touadi-1955-03-16"}}, {"pk": 13, "model": "people.person", "fields": {"first_name": "Perseo", "last_name": "BERCIGLI", "birth_location": "THIONVILLE", "op_politician_id": null, "sex": 1, "birth_date": "1950-11-12", "slug": "perseo-bercigli-1950-11-12"}}, {"pk": 14, "model": "people.person", "fields": {"first_name": "EMILIO", "last_name": "DEMICHELI", "birth_location": "Germasino (CO)", "op_politician_id": null, "sex": 1, "birth_date": "1950-03-01", "slug": "emilio-demicheli-1950-03-01"}}, {"pk": 15, "model": "people.person", "fields": {"first_name": "PAOLINA", "last_name": "SOLETI", "birth_location": "CUTIGLIANO PISTOIA", "op_politician_id": null, "sex": 0, "birth_date": "1977-12-20", "slug": "paolina-soleti-1977-12-20"}}, {"pk": 16, "model": "people.person", "fields": {"first_name": "ANTONIO", "last_name": "AGIOVI", "birth_location": "Travesio (PN)", "op_politician_id": null, "sex": 1, "birth_date": "1942-06-25", "slug": "antonio-agiovi-1942-06-25"}}, {"pk": 17, "model": "people.person", "fields": {"first_name": "FRANCISCO", "last_name": "FAZZINI", "birth_location": "Casalvolone (NO)", "op_politician_id": null, "sex": 1, "birth_date": "1965-10-11", "slug": "francisco-fazzini-1965-10-11"}}, {"pk": 18, "model": "people.person", "fields": {"first_name": "AMERINO", "last_name": "MANDARELLI", "birth_location": "Villa di Briano (CE)", "op_politician_id": null, "sex": 1, "birth_date": "1930-05-06", "slug": "amerino-mandarelli-1930-05-06"}}, {"pk": 19, "model": "people.person", "fields": {"first_name": "GERVASIO", "last_name": "PELLEGRINOTTI", "birth_location": "Lanusei (OG)", "op_politician_id": null, "sex": 1, "birth_date": "1961-01-28", "slug": "gervasio-pellegrinotti-1961-01-28"}}, {"pk": 20, "model": "people.person", "fields": {"first_name": "MATILDE", "last_name": "PREZALIS", "birth_location": "Stornarella", "op_politician_id": null, "sex": 0, "birth_date": "1971-06-05", "slug": "matilde-prezalis-1971-06-05"}}, {"pk": 21, "model": "people.person", "fields": {"first_name": "GIUEPPINA", "last_name": "ARBUSCHI", "birth_location": "Marino (RM)", "op_politician_id": null, "sex": 0, "birth_date": "1932-05-04", "slug": "giueppina-arbuschi-1932-05-04"}}, {"pk": 22, "model": "people.person", "fields": {"first_name": "Emanuele", "last_name": "Straudi", "birth_location": "Dipignano (CS)", "op_politician_id": null, "sex": 1, "birth_date": "1982-07-20", "slug": "emanuele-straudi-1982-07-20"}}, {"pk": 23, "model": "people.person", "fields": {"first_name": "Egidio", "last_name": "CERRUTI MICLET", "birth_location": "Falconara Marittima (AN)", "op_politician_id": null, "sex": 1, "birth_date": "1986-05-08", "slug": "egidio-cerruti-miclet-1986-05-08"}}, {"pk": 24, "model": "people.person", "fields": {"first_name": "MARCELA", "last_name": "Tommasinelli", "birth_location": "La Mornaghia Tunisia", "op_politician_id": null, "sex": 0, "birth_date": "1972-10-06", "slug": "marcela-tommasinelli-1972-10-06"}}, {"pk": 25, "model": "people.person", "fields": {"first_name": "LORENZO", "last_name": "Peyrachia", "birth_location": "Letino (CE)", "op_politician_id": null, "sex": 1, "birth_date": "1954-08-12", "slug": "lorenzo-peyrachia-1954-08-12"}}, {"pk": 26, "model": "people.person", "fields": {"first_name": "GLADISEO", "last_name": "PORTOLANI", "birth_location": "Aiello del Friuli (UD)", "op_politician_id": null, "sex": 1, "birth_date": "1958-07-11", "slug": "gladiseo-portolani-1958-07-11"}}, {"pk": 27, "model": "people.person", "fields": {"first_name": "LUIGI", "last_name": "TORCOLACCI", "birth_location": "Ponte nelle Alpi (BL)", "op_politician_id": null, "sex": 1, "birth_date": "1949-05-24", "slug": "luigi-torcolacci-1949-05-24"}}, {"pk": 28, "model": "people.person", "fields": {"first_name": "SPIRITO", "last_name": "PROTTO", "birth_location": "Carlton (EE)", "op_politician_id": null, "sex": 1, "birth_date": "1945-12-25", "slug": "spirito-protto-1945-12-25"}}, {"pk": 29, "model": "people.person", "fields": {"first_name": "IRVANO", "last_name": "SCARUFFI", "birth_location": "San Salvo (CH)", "op_politician_id": null, "sex": 1, "birth_date": "1950-01-11", "slug": "irvano-scaruffi-1950-01-11"}}, {"pk": 30, "model": "people.person", "fields": {"first_name": "SERGIO", "last_name": "LANCIOLI", "birth_location": "Bonorva (SS)", "op_politician_id": null, "sex": 1, "birth_date": "1940-10-06", "slug": "sergio-lancioli-1940-10-06"}}, {"pk": 31, "model": "people.person", "fields": {"first_name": "Manuela", "last_name": "BUSA'", "birth_location": "Veronella (VR)", "op_politician_id": null, "sex": 0, "birth_date": "1937-04-04", "slug": "manuela-busa-1937-04-04"}}, {"pk": 32, "model": "people.person", "fields": {"first_name": "ANGELO", "last_name": "MICHELETTO", "birth_location": "Terzo (AL)", "op_politician_id": null, "sex": 1, "birth_date": "1963-01-21", "slug": "angelo-micheletto-1963-01-21"}}, {"pk": 33, "model": "people.person", "fields": {"first_name": "MIRKA", "last_name": "RIZZANTE", "birth_location": "Besozzo (VA)", "op_politician_id": null, "sex": 0, "birth_date": "1935-01-02", "slug": "mirka-rizzante-1935-01-02"}}, {"pk": 34, "model": "people.person", "fields": {"first_name": "ANDREA", "last_name": "SVARA", "birth_location": "Brindisi (BR)", "op_politician_id": null, "sex": 1, "birth_date": "1985-02-23", "slug": "andrea-svara-1985-02-23"}}, {"pk": 35, "model": "people.person", "fields": {"first_name": "ERNESTO", "last_name": "SCARSO", "birth_location": "GELSWENKIRCHEN D", "op_politician_id": null, "sex": 1, "birth_date": "1976-01-20", "slug": "ernesto-scarso-1976-01-20"}}, {"pk": 36, "model": "people.person", "fields": {"first_name": "GIANCARLO", "last_name": "BUCCI", "birth_location": "BRIGNANOGERA D'ADDA", "op_politician_id": null, "sex": 1, "birth_date": "1965-07-02", "slug": "giancarlo-bucci-1965-07-02"}}, {"pk": 37, "model": "people.person", "fields": {"first_name": "Franco", "last_name": "IAVECCHIA", "birth_location": "Campofranco (CL)", "op_politician_id": null, "sex": 1, "birth_date": "1978-02-23", "slug": "franco-iavecchia-1978-02-23"}}, {"pk": 38, "model": "people.person", "fields": {"first_name": "Nelda", "last_name": "MURREDDA", "birth_location": "Sanfront (CN)", "op_politician_id": null, "sex": 0, "birth_date": "1946-11-24", "slug": "nelda-murredda-1946-11-24"}}, {"pk": 39, "model": "people.person", "fields": {"first_name": "M.CRISTINA", "last_name": "Trojano", "birth_location": "Balvano (PZ)", "op_politician_id": null, "sex": 0, "birth_date": "1938-11-05", "slug": "mcristina-trojano-1938-11-05"}}, {"pk": 40, "model": "people.person", "fields": {"first_name": "PIERO", "last_name": "GALVANIN", "birth_location": "Oriolo (CS)", "op_politician_id": null, "sex": 1, "birth_date": "1960-06-04", "slug": "piero-galvanin-1960-06-04"}}, {"pk": 41, "model": "people.person", "fields": {"first_name": "GEROLAMA", "last_name": "MUSSINO", "birth_location": "Marzi (CS)", "op_politician_id": null, "sex": 0, "birth_date": "1934-05-02", "slug": "gerolama-mussino-1934-05-02"}}, {"pk": 42, "model": "people.person", "fields": {"first_name": "NORBERT", "last_name": "GIAI VIA", "birth_location": "MONTHEY", "op_politician_id": null, "sex": 1, "birth_date": "1958-06-21", "slug": "norbert-giai-via-1958-06-21"}}, {"pk": 43, "model": "people.person", "fields": {"first_name": "PASQUALE", "last_name": "MOLLAR", "birth_location": "krefeld germania", "op_politician_id": null, "sex": 1, "birth_date": "1979-05-11", "slug": "pasquale-mollar-1979-05-11"}}, {"pk": 44, "model": "people.person", "fields": {"first_name": "DEODATO", "last_name": "MANDANICI", "birth_location": "Maropati (RC)", "op_politician_id": null, "sex": 1, "birth_date": "1971-04-01", "slug": "deodato-mandanici-1971-04-01"}}, {"pk": 45, "model": "people.person", "fields": {"first_name": "SALVATORE", "last_name": "MIGNANELLI", "birth_location": "Sant'orsola (TN)", "op_politician_id": null, "sex": 1, "birth_date": "1956-03-03", "slug": "salvatore-mignanelli-1956-03-03"}}, {"pk": 46, "model": "people.person", "fields": {"first_name": "Domenico", "last_name": "TURLO", "birth_location": "Fluminimaggiore (CI)", "op_politician_id": null, "sex": 1, "birth_date": "1930-12-22", "slug": "domenico-turlo-1930-12-22"}}, {"pk": 47, "model": "people.person", "fields": {"first_name": "DEMETRIO", "last_name": "GARABINI", "birth_location": "Tenno (TN)", "op_politician_id": null, "sex": 1, "birth_date": "1936-09-23", "slug": "demetrio-garabini-1936-09-23"}}, {"pk": 48, "model": "people.person", "fields": {"first_name": "ZARKO", "last_name": "PETRIZZO", "birth_location": "ADLISWIL", "op_politician_id": null, "sex": 1, "birth_date": "1943-05-28", "slug": "zarko-petrizzo-1943-05-28"}}, {"pk": 1, "model": "people.institutioncharge", "fields": {"charge_type": 1, "op_charge_id": null, "substituted_by": null, "substitutes": null, "description": "Descrizione incarico di sindaco", "end_date": null, "institution": 1, "person": 1, "end_reason": "", "start_date": "2008-05-08"}}, {"pk": 2, "model": "people.institutioncharge", "fields": {"charge_type": 3, "op_charge_id": null, "substituted_by": null, "substitutes": null, "description": "Consigliere semplice", "end_date": null, "institution": 3, "person": 2, "end_reason": "", "start_date": "2008-05-08"}}, {"pk": 3, "model": "people.institutioncharge", "fields": {"charge_type": 3, "op_charge_id": null, "substituted_by": null, "substitutes": null, "description": "Consigliere semplice", "end_date": null, "institution": 3, "person": 3, "end_reason": "", "start_date": "2008-05-08"}}, {"pk": 4, "model": "people.institutioncharge", "fields": {"charge_type": 3, "op_charge_id": null, "substituted_by": null, "substitutes": null, "description": "Consigliere semplice", "end_date": null, "institution": 3, "person": 4, "end_reason": "", "start_date": "2008-05-08"}}, {"pk": 5, "model": "people.institutioncharge", "fields": {"charge_type": 3, "op_charge_id": null, "substituted_by": null, "substitutes": null, "description": "Consigliere semplice", "end_date": null, "institution": 3, "person": 5, "end_reason": "", "start_date": "2008-05-08"}}, {"pk": 6, "model": "people.institutioncharge", "fields": {"charge_type": 3, "op_charge_id": null, "substituted_by": null, "substitutes": null, "description": "Consigliere semplice", "end_date": null, "institution": 3, "person": 6, "end_reason": "", "start_date": "2008-05-08"}}, {"pk": 7, "model": "people.institutioncharge", "fields": {"charge_type": 3, "op_charge_id": null, "substituted_by": null, "substitutes": null, "description": "Consigliere semplice", "end_date": null, "institution": 3, "person": 7, "end_reason": "", "start_date": "2008-05-08"}}, {"pk": 8, "model": "people.institutioncharge", "fields": {"charge_type": 3, "op_charge_id": null, "substituted_by": null, "substitutes": null, "description": "Consigliere semplice", "end_date": null, "institution": 3, "person": 8, "end_reason": "", "start_date": "2008-05-08"}}, {"pk": 9, "model": "people.institutioncharge", "fields": {"charge_type": 3, "op_charge_id": null, "substituted_by": null, "substitutes": null, "description": "Consigliere semplice", "end_date": null, "institution": 3, "person": 9, "end_reason": "", "start_date": "2008-05-08"}}, {"pk": 10, "model": "people.institutioncharge", "fields": {"charge_type": 3, "op_charge_id": null, "substituted_by": null, "substitutes": null, "description": "Consigliere semplice", "end_date": null, "institution": 3, "person": 10, "end_reason": "", "start_date": "2008-05-08"}}, {"pk": 11, "model": "people.institutioncharge", "fields": {"charge_type": 3, "op_charge_id": null, "substituted_by": null, "substitutes": null, "description": "Consigliere semplice", "end_date": null, "institution": 3, "person": 11, "end_reason": "", "start_date": "2008-05-08"}}, {"pk": 12, "model": "people.institutioncharge", "fields": {"charge_type": 3, "op_charge_id": null, "substituted_by": null, "substitutes": null, "description": "Consigliere semplice", "end_date": null, "institution": 3, "person": 12, "end_reason": "", "start_date": "2008-05-08"}}, {"pk": 13, "model": "people.institutioncharge", "fields": {"charge_type": 3, "op_charge_id": null, "substituted_by": null, "substitutes": null, "description": "Consigliere semplice", "end_date": null, "institution": 3, "person": 13, "end_reason": "", "start_date": "2008-05-08"}}, {"pk": 14, "model": "people.institutioncharge", "fields": {"charge_type": 5, "op_charge_id": null, "substituted_by": null, "substitutes": null, "description": "Vicepresidente del Consiglio Comunale", "end_date": null, "institution": 3, "person": 13, "end_reason": "", "start_date": "2008-05-08"}}, {"pk": 15, "model": "people.institutioncharge", "fields": {"charge_type": 3, "op_charge_id": null, "substituted_by": null, "substitutes": null, "description": "Consigliere semplice", "end_date": null, "institution": 3, "person": 14, "end_reason": "", "start_date": "2008-05-08"}}, {"pk": 16, "model": "people.institutioncharge", "fields": {"charge_type": 3, "op_charge_id": null, "substituted_by": null, "substitutes": null, "description": "Consigliere semplice", "end_date": null, "institution": 3, "person": 15, "end_reason": "", "start_date": "2008-05-08"}}, {"pk": 17, "model": "people.institutioncharge", "fields": {"charge_type": 3, "op_charge_id": null, "substituted_by": null, "substitutes": null, "description": "Consigliere semplice", "end_date": null, "institution": 3, "person": 16, "end_reason": "", "start_date": "2008-05-08"}}, {"pk": 18, "model": "people.institutioncharge", "fields": {"charge_type": 3, "op_charge_id": null, "substituted_by": null, "substitutes": null, "description": "Consigliere semplice", "end_date": null, "institution": 3, "person": 17, "end_reason": "", "start_date": "2008-05-08"}}, {"pk": 19, "model": "people.institutioncharge", "fields": {"charge_type": 4, "op_charge_id": null, "substituted_by": null, "substitutes": null, "description": "Presidente del Consiglio Comunale", "end_date": null, "institution": 3, "person": 17, "end_reason": "", "start_date": "2008-05-08"}}, {"pk": 20, "model": "people.institutioncharge", "fields": {"charge_type": 3, "op_charge_id": null, "substituted_by": null, "substitutes": null, "description": "Consigliere semplice", "end_date": null, "institution": 3, "person": 18, "end_reason": "", "start_date": "2008-05-08"}}, {"pk": 21, "model": "people.institutioncharge", "fields": {"charge_type": 3, "op_charge_id": null, "substituted_by": null, "substitutes": null, "description": "Consigliere semplice", "end_date": null, "institution": 3, "person": 19, "end_reason": "", "start_date": "2008-05-08"}}, {"pk": 22, "model": "people.institutioncharge", "fields": {"charge_type": 3, "op_charge_id": null, "substituted_by": null, "substitutes": null, "description": "Consigliere semplice", "end_date": null, "institution": 3, "person": 20, "end_reason": "", "start_date": "2008-05-08"}}, {"pk": 23, "model": "people.institutioncharge", "fields": {"charge_type": 3, "op_charge_id": null, "substituted_by": null, "substitutes": null, "description": "Consigliere semplice", "end_date": null, "institution": 3, "person": 21, "end_reason": "", "start_date": "2008-05-08"}}, {"pk": 24, "model": "people.institutioncharge", "fields": {"charge_type": 3, "op_charge_id": null, "substituted_by": null, "substitutes": null, "description": "Consigliere semplice", "end_date": null, "institution": 3, "person": 22, "end_reason": "", "start_date": "2008-05-08"}}, {"pk": 25, "model": "people.institutioncharge", "fields": {"charge_type": 3, "op_charge_id": null, "substituted_by": null, "substitutes": null, "description": "Consigliere semplice", "end_date": null, "institution": 3, "person": 23, "end_reason": "", "start_date": "2008-05-08"}}, {"pk": 26, "model": "people.institutioncharge", "fields": {"charge_type": 3, "op_charge_id": null, "substituted_by": null, "substitutes": null, "description": "Consigliere semplice", "end_date": null, "institution": 3, "person": 24, "end_reason": "", "start_date": "2008-05-08"}}, {"pk": 27, "model": "people.institutioncharge", "fields": {"charge_type": 3, "op_charge_id": null, "substituted_by": null, "substitutes": null, "description": "Consigliere semplice", "end_date": null, "institution": 3, "person": 25, "end_reason": "", "start_date": "2008-05-08"}}, {"pk": 28, "model": "people.institutioncharge", "fields": {"charge_type": 3, "op_charge_id": null, "substituted_by": null, "substitutes": null, "description": "Consigliere semplice", "end_date": null, "institution": 3, "person": 26, "end_reason": "", "start_date": "2008-05-08"}}, {"pk": 29, "model": "people.institutioncharge", "fields": {"charge_type": 3, "op_charge_id": null, "substituted_by": null, "substitutes": null, "description": "Consigliere semplice", "end_date": null, "institution": 3, "person": 27, "end_reason": "", "start_date": "2008-05-08"}}, {"pk": 30, "model": "people.institutioncharge", "fields": {"charge_type": 3, "op_charge_id": null, "substituted_by": null, "substitutes": null, "description": "Consigliere semplice", "end_date": null, "institution": 3, "person": 28, "end_reason": "", "start_date": "2008-05-08"}}, {"pk": 31, "model": "people.institutioncharge", "fields": {"charge_type": 3, "op_charge_id": null, "substituted_by": null, "substitutes": null, "description": "Consigliere semplice", "end_date": null, "institution": 3, "person": 29, "end_reason": "", "start_date": "2008-05-08"}}, {"pk": 32, "model": "people.institutioncharge", "fields": {"charge_type": 3, "op_charge_id": null, "substituted_by": null, "substitutes": null, "description": "Consigliere semplice", "end_date": null, "institution": 3, "person": 30, "end_reason": "", "start_date": "2008-05-08"}}, {"pk": 33, "model": "people.institutioncharge", "fields": {"charge_type": 3, "op_charge_id": null, "substituted_by": null, "substitutes": null, "description": "Consigliere semplice", "end_date": null, "institution": 3, "person": 31, "end_reason": "", "start_date": "2008-05-08"}}, {"pk": 34, "model": "people.institutioncharge", "fields": {"charge_type": 3, "op_charge_id": null, "substituted_by": null, "substitutes": null, "description": "Consigliere semplice", "end_date": null, "institution": 3, "person": 32, "end_reason": "", "start_date": "2008-05-08"}}, {"pk": 35, "model": "people.institutioncharge", "fields": {"charge_type": 3, "op_charge_id": null, "substituted_by": null, "substitutes": null, "description": "Consigliere semplice", "end_date": null, "institution": 3, "person": 33, "end_reason": "", "start_date": "2008-05-08"}}, {"pk": 36, "model": "people.institutioncharge", "fields": {"charge_type": 3, "op_charge_id": null, "substituted_by": null, "substitutes": null, "description": "Consigliere semplice", "end_date": null, "institution": 3, "person": 34, "end_reason": "", "start_date": "2008-05-08"}}, {"pk": 37, "model": "people.institutioncharge", "fields": {"charge_type": 3, "op_charge_id": null, "substituted_by": null, "substitutes": null, "description": "Consigliere semplice", "end_date": null, "institution": 3, "person": 35, "end_reason": "", "start_date": "2008-05-08"}}, {"pk": 38, "model": "people.institutioncharge", "fields": {"charge_type": 3, "op_charge_id": null, "substituted_by": null, "substitutes": null, "description": "Consigliere semplice", "end_date": null, "institution": 3, "person": 36, "end_reason": "", "start_date": "2008-05-08"}}, {"pk": 39, "model": "people.institutioncharge", "fields": {"charge_type": 3, "op_charge_id": null, "substituted_by": null, "substitutes": null, "description": "Consigliere semplice", "end_date": null, "institution": 3, "person": 37, "end_reason": "", "start_date": "2008-05-08"}}, {"pk": 40, "model": "people.institutioncharge", "fields": {"charge_type": 3, "op_charge_id": null, "substituted_by": null, "substitutes": null, "description": "Consigliere semplice", "end_date": null, "institution": 3, "person": 38, "end_reason": "", "start_date": "2008-05-08"}}, {"pk": 41, "model": "people.institutioncharge", "fields": {"charge_type": 3, "op_charge_id": null, "substituted_by": null, "substitutes": null, "description": "Consigliere semplice", "end_date": null, "institution": 3, "person": 39, "end_reason": "", "start_date": "2008-05-08"}}, {"pk": 42, "model": "people.institutioncharge", "fields": {"charge_type": 3, "op_charge_id": null, "substituted_by": null, "substitutes": null, "description": "Consigliere semplice", "end_date": null, "institution": 3, "person": 40, "end_reason": "", "start_date": "2008-05-08"}}, {"pk": 43, "model": "people.institutioncharge", "fields": {"charge_type": 3, "op_charge_id": null, "substituted_by": null, "substitutes": null, "description": "Consigliere semplice", "end_date": null, "institution": 3, "person": 41, "end_reason": "", "start_date": "2008-05-08"}}, {"pk": 44, "model": "people.institutioncharge", "fields": {"charge_type": 2, "op_charge_id": null, "substituted_by": null, "substitutes": null, "description": "Citt\u00e0 Sostenibile (Ambiente, Mobilit\u00e0, Trasporto Pubblico), Sport, Politiche Giovanili, Frazioni", "end_date": null, "institution": 2, "person": 42, "end_reason": "", "start_date": "2008-05-08"}}, {"pk": 45, "model": "people.institutioncharge", "fields": {"charge_type": 2, "op_charge_id": null, "substituted_by": null, "substitutes": null, "description": "Urbanistica", "end_date": null, "institution": 2, "person": 43, "end_reason": "", "start_date": "2008-05-08"}}, {"pk": 46, "model": "people.institutioncharge", "fields": {"charge_type": 2, "op_charge_id": null, "substituted_by": null, "substitutes": null, "description": "Attivit\u00e0 Economiche, Pari Opportunit\u00e0, Partecipazione", "end_date": null, "institution": 2, "person": 44, "end_reason": "", "start_date": "2008-05-08"}}, {"pk": 47, "model": "people.institutioncharge", "fields": {"charge_type": 2, "op_charge_id": null, "substituted_by": null, "substitutes": null, "description": "Lavori Pubblici", "end_date": null, "institution": 2, "person": 45, "end_reason": "", "start_date": "2008-05-08"}}, {"pk": 48, "model": "people.institutioncharge", "fields": {"charge_type": 2, "op_charge_id": null, "substituted_by": null, "substitutes": null, "description": "Risorse Finanziarie e Patrimoniali", "end_date": null, "institution": 2, "person": 46, "end_reason": "", "start_date": "2008-05-08"}}, {"pk": 49, "model": "people.institutioncharge", "fields": {"charge_type": 2, "op_charge_id": null, "substituted_by": null, "substitutes": null, "description": "Cultura e Pubblica Istruzione", "end_date": null, "institution": 2, "person": 47, "end_reason": "", "start_date": "2008-05-08"}}, {"pk": 50, "model": "people.institutioncharge", "fields": {"charge_type": 2, "op_charge_id": null, "substituted_by": null, "substitutes": null, "description": "Servizi alla Persona, Sanit\u00e0, Politiche per l\u2019Integrazione ed Edilizia Residenziale Pubblica", "end_date": null, "institution": 2, "person": 48, "end_reason": "", "start_date": "2008-05-08"}}, {"pk": 51, "model": "people.institutioncharge", "fields": {"charge_type": 6, "op_charge_id": null, "substituted_by": null, "substitutes": null, "description": "Membro della commissione", "end_date": null, "institution": 4, "person": 20, "end_reason": "", "start_date": "2008-05-08"}}, {"pk": 52, "model": "people.institutioncharge", "fields": {"charge_type": 6, "op_charge_id": null, "substituted_by": null, "substitutes": null, "description": "Membro della commissione", "end_date": null, "institution": 4, "person": 18, "end_reason": "", "start_date": "2008-05-08"}}, {"pk": 53, "model": "people.institutioncharge", "fields": {"charge_type": 6, "op_charge_id": null, "substituted_by": null, "substitutes": null, "description": "Membro della commissione", "end_date": null, "institution": 4, "person": 13, "end_reason": "", "start_date": "2008-05-08"}}, {"pk": 54, "model": "people.institutioncharge", "fields": {"charge_type": 6, "op_charge_id": null, "substituted_by": null, "substitutes": null, "description": "Membro della commissione", "end_date": null, "institution": 4, "person": 32, "end_reason": "", "start_date": "2008-05-08"}}, {"pk": 55, "model": "people.institutioncharge", "fields": {"charge_type": 6, "op_charge_id": null, "substituted_by": null, "substitutes": null, "description": "Membro della commissione", "end_date": null, "institution": 4, "person": 31, "end_reason": "", "start_date": "2008-05-08"}}, {"pk": 56, "model": "people.institutioncharge", "fields": {"charge_type": 6, "op_charge_id": null, "substituted_by": null, "substitutes": null, "description": "Membro della commissione", "end_date": null, "institution": 4, "person": 17, "end_reason": "", "start_date": "2008-05-08"}}, {"pk": 57, "model": "people.institutioncharge", "fields": {"charge_type": 6, "op_charge_id": null, "substituted_by": null, "substitutes": null, "description": "Membro della commissione", "end_date": null, "institution": 4, "person": 39, "end_reason": "", "start_date": "2008-05-08"}}, {"pk": 58, "model": "people.institutioncharge", "fields": {"charge_type": 6, "op_charge_id": null, "substituted_by": null, "substitutes": null, "description": "Membro della commissione", "end_date": null, "institution": 4, "person": 26, "end_reason": "", "start_date": "2008-05-08"}}, {"pk": 59, "model": "people.institutioncharge", "fields": {"charge_type": 6, "op_charge_id": null, "substituted_by": null, "substitutes": null, "description": "Membro della commissione", "end_date": null, "institution": 4, "person": 8, "end_reason": "", "start_date": "2008-05-08"}}, {"pk": 60, "model": "people.institutioncharge", "fields": {"charge_type": 6, "op_charge_id": null, "substituted_by": null, "substitutes": null, "description": "Membro della commissione", "end_date": null, "institution": 4, "person": 3, "end_reason": "", "start_date": "2008-05-08"}}, {"pk": 61, "model": "people.institutioncharge", "fields": {"charge_type": 6, "op_charge_id": null, "substituted_by": null, "substitutes": null, "description": "Membro della commissione", "end_date": null, "institution": 4, "person": 6, "end_reason": "", "start_date": "2008-05-08"}}, {"pk": 62, "model": "people.institutioncharge", "fields": {"charge_type": 6, "op_charge_id": null, "substituted_by": null, "substitutes": null, "description": "Membro della commissione", "end_date": null, "institution": 4, "person": 15, "end_reason": "", "start_date": "2008-05-08"}}, {"pk": 63, "model": "people.institutioncharge", "fields": {"charge_type": 6, "op_charge_id": null, "substituted_by": null, "substitutes": null, "description": "Membro della commissione", "end_date": null, "institution": 5, "person": 16, "end_reason": "", "start_date": "2008-05-08"}}, {"pk": 64, "model": "people.institutioncharge", "fields": {"charge_type": 6, "op_charge_id": null, "substituted_by": null, "substitutes": null, "description": "Membro della commissione", "end_date": null, "institution": 5, "person": 14, "end_reason": "", "start_date": "2008-05-08"}}, {"pk": 65, "model": "people.institutioncharge", "fields": {"charge_type": 6, "op_charge_id": null, "substituted_by": null, "substitutes": null, "description": "Membro della commissione", "end_date": null, "institution": 5, "person": 30, "end_reason": "", "start_date": "2008-05-08"}}, {"pk": 66, "model": "people.institutioncharge", "fields": {"charge_type": 6, "op_charge_id": null, "substituted_by": null, "substitutes": null, "description": "Membro della commissione", "end_date": null, "institution": 5, "person": 13, "end_reason": "", "start_date": "2008-05-08"}}, {"pk": 67, "model": "people.institutioncharge", "fields": {"charge_type": 6, "op_charge_id": null, "substituted_by": null, "substitutes": null, "description": "Membro della commissione", "end_date": null, "institution": 5, "person": 36, "end_reason": "", "start_date": "2008-05-08"}}, {"pk": 68, "model": "people.institutioncharge", "fields": {"charge_type": 6, "op_charge_id": null, "substituted_by": null, "substitutes": null, "description": "Membro della commissione", "end_date": null, "institution": 5, "person": 33, "end_reason": "", "start_date": "2008-05-08"}}, {"pk": 69, "model": "people.institutioncharge", "fields": {"charge_type": 6, "op_charge_id": null, "substituted_by": null, "substitutes": null, "description": "Membro della commissione", "end_date": null, "institution": 5, "person": 35, "end_reason": "", "start_date": "2008-05-08"}}, {"pk": 70, "model": "people.institutioncharge", "fields": {"charge_type": 6, "op_charge_id": null, "substituted_by": null, "substitutes": null, "description": "Membro della commissione", "end_date": null, "institution": 5, "person": 28, "end_reason": "", "start_date": "2008-05-08"}}, {"pk": 71, "model": "people.institutioncharge", "fields": {"charge_type": 6, "op_charge_id": null, "substituted_by": null, "substitutes": null, "description": "Membro della commissione", "end_date": null, "institution": 5, "person": 8, "end_reason": "", "start_date": "2008-05-08"}}, {"pk": 72, "model": "people.institutioncharge", "fields": {"charge_type": 6, "op_charge_id": null, "substituted_by": null, "substitutes": null, "description": "Membro della commissione", "end_date": null, "institution": 5, "person": 4, "end_reason": "", "start_date": "2008-05-08"}}, {"pk": 73, "model": "people.institutioncharge", "fields": {"charge_type": 6, "op_charge_id": null, "substituted_by": null, "substitutes": null, "description": "Membro della commissione", "end_date": null, "institution": 5, "person": 2, "end_reason": "", "start_date": "2008-05-08"}}, {"pk": 74, "model": "people.institutioncharge", "fields": {"charge_type": 6, "op_charge_id": null, "substituted_by": null, "substitutes": null, "description": "Membro della commissione", "end_date": null, "institution": 5, "person": 5, "end_reason": "", "start_date": "2008-05-08"}}, {"pk": 75, "model": "people.institutioncharge", "fields": {"charge_type": 6, "op_charge_id": null, "substituted_by": null, "substitutes": null, "description": "Membro della commissione", "end_date": null, "institution": 6, "person": 29, "end_reason": "", "start_date": "2008-05-08"}}, {"pk": 76, "model": "people.institutioncharge", "fields": {"charge_type": 6, "op_charge_id": null, "substituted_by": null, "substitutes": null, "description": "Membro della commissione", "end_date": null, "institution": 6, "person": 32, "end_reason": "", "start_date": "2008-05-08"}}, {"pk": 77, "model": "people.institutioncharge", "fields": {"charge_type": 6, "op_charge_id": null, "substituted_by": null, "substitutes": null, "description": "Membro della commissione", "end_date": null, "institution": 6, "person": 20, "end_reason": "", "start_date": "2008-05-08"}}, {"pk": 78, "model": "people.institutioncharge", "fields": {"charge_type": 6, "op_charge_id": null, "substituted_by": null, "substitutes": null, "description": "Membro della commissione", "end_date": null, "institution": 6, "person": 23, "end_reason": "", "start_date": "2008-05-08"}}, {"pk": 79, "model": "people.institutioncharge", "fields": {"charge_type": 6, "op_charge_id": null, "substituted_by": null, "substitutes": null, "description": "Membro della commissione", "end_date": null, "institution": 6, "person": 21, "end_reason": "", "start_date": "2008-05-08"}}, {"pk": 80, "model": "people.institutioncharge", "fields": {"charge_type": 6, "op_charge_id": null, "substituted_by": null, "substitutes": null, "description": "Membro della commissione", "end_date": null, "institution": 6, "person": 17, "end_reason": "", "start_date": "2008-05-08"}}, {"pk": 81, "model": "people.institutioncharge", "fields": {"charge_type": 6, "op_charge_id": null, "substituted_by": null, "substitutes": null, "description": "Membro della commissione", "end_date": null, "institution": 6, "person": 19, "end_reason": "", "start_date": "2008-05-08"}}, {"pk": 82, "model": "people.institutioncharge", "fields": {"charge_type": 6, "op_charge_id": null, "substituted_by": null, "substitutes": null, "description": "Membro della commissione", "end_date": null, "institution": 6, "person": 39, "end_reason": "", "start_date": "2008-05-08"}}, {"pk": 83, "model": "people.institutioncharge", "fields": {"charge_type": 6, "op_charge_id": null, "substituted_by": null, "substitutes": null, "description": "Membro della commissione", "end_date": null, "institution": 6, "person": 8, "end_reason": "", "start_date": "2008-05-08"}}, {"pk": 84, "model": "people.institutioncharge", "fields": {"charge_type": 6, "op_charge_id": null, "substituted_by": null, "substitutes": null, "description": "Membro della commissione", "end_date": null, "institution": 6, "person": 10, "end_reason": "", "start_date": "2008-05-08"}}, {"pk": 85, "model": "people.institutioncharge", "fields": {"charge_type": 6, "op_charge_id": null, "substituted_by": null, "substitutes": null, "description": "Membro della commissione", "end_date": null, "institution": 6, "person": 37, "end_reason": "", "start_date": "2008-05-08"}}, {"pk": 86, "model": "people.institutioncharge", "fields": {"charge_type": 6, "op_charge_id": null, "substituted_by": null, "substitutes": null, "description": "Membro della commissione", "end_date": null, "institution": 6, "person": 15, "end_reason": "", "start_date": "2008-05-08"}}, {"pk": 87, "model": "people.institutioncharge", "fields": {"charge_type": 6, "op_charge_id": null, "substituted_by": null, "substitutes": null, "description": "Membro della commissione", "end_date": null, "institution": 7, "person": 29, "end_reason": "", "start_date": "2008-05-08"}}, {"pk": 88, "model": "people.institutioncharge", "fields": {"charge_type": 6, "op_charge_id": null, "substituted_by": null, "substitutes": null, "description": "Membro della commissione", "end_date": null, "institution": 7, "person": 14, "end_reason": "", "start_date": "2008-05-08"}}, {"pk": 89, "model": "people.institutioncharge", "fields": {"charge_type": 6, "op_charge_id": null, "substituted_by": null, "substitutes": null, "description": "Membro della commissione", "end_date": null, "institution": 7, "person": 32, "end_reason": "", "start_date": "2008-05-08"}}, {"pk": 90, "model": "people.institutioncharge", "fields": {"charge_type": 6, "op_charge_id": null, "substituted_by": null, "substitutes": null, "description": "Membro della commissione", "end_date": null, "institution": 7, "person": 24, "end_reason": "", "start_date": "2008-05-08"}}, {"pk": 91, "model": "people.institutioncharge", "fields": {"charge_type": 6, "op_charge_id": null, "substituted_by": null, "substitutes": null, "description": "Membro della commissione", "end_date": null, "institution": 7, "person": 28, "end_reason": "", "start_date": "2008-05-08"}}, {"pk": 92, "model": "people.institutioncharge", "fields": {"charge_type": 6, "op_charge_id": null, "substituted_by": null, "substitutes": null, "description": "Membro della commissione", "end_date": null, "institution": 7, "person": 33, "end_reason": "", "start_date": "2008-05-08"}}, {"pk": 93, "model": "people.institutioncharge", "fields": {"charge_type": 6, "op_charge_id": null, "substituted_by": null, "substitutes": null, "description": "Membro della commissione", "end_date": null, "institution": 7, "person": 36, "end_reason": "", "start_date": "2008-05-08"}}, {"pk": 94, "model": "people.institutioncharge", "fields": {"charge_type": 6, "op_charge_id": null, "substituted_by": null, "substitutes": null, "description": "Membro della commissione", "end_date": null, "institution": 7, "person": 25, "end_reason": "", "start_date": "2008-05-08"}}, {"pk": 95, "model": "people.institutioncharge", "fields": {"charge_type": 6, "op_charge_id": null, "substituted_by": null, "substitutes": null, "description": "Membro della commissione", "end_date": null, "institution": 7, "person": 41, "end_reason": "", "start_date": "2008-05-08"}}, {"pk": 96, "model": "people.institutioncharge", "fields": {"charge_type": 6, "op_charge_id": null, "substituted_by": null, "substitutes": null, "description": "Membro della commissione", "end_date": null, "institution": 7, "person": 4, "end_reason": "", "start_date": "2008-05-08"}}, {"pk": 97, "model": "people.institutioncharge", "fields": {"charge_type": 6, "op_charge_id": null, "substituted_by": null, "substitutes": null, "description": "Membro della commissione", "end_date": null, "institution": 7, "person": 37, "end_reason": "", "start_date": "2008-05-08"}}, {"pk": 98, "model": "people.institutioncharge", "fields": {"charge_type": 6, "op_charge_id": null, "substituted_by": null, "substitutes": null, "description": "Membro della commissione", "end_date": null, "institution": 7, "person": 15, "end_reason": "", "start_date": "2008-05-08"}}, {"pk": 99, "model": "people.institutioncharge", "fields": {"charge_type": 6, "op_charge_id": null, "substituted_by": null, "substitutes": null, "description": "Membro della commissione", "end_date": null, "institution": 8, "person": 32, "end_reason": "", "start_date": "2008-05-08"}}, {"pk": 100, "model": "people.institutioncharge", "fields": {"charge_type": 6, "op_charge_id": null, "substituted_by": null, "substitutes": null, "description": "Membro della commissione", "end_date": null, "institution": 8, "person": 20, "end_reason": "", "start_date": "2008-05-08"}}, {"pk": 101, "model": "people.institutioncharge", "fields": {"charge_type": 6, "op_charge_id": null, "substituted_by": null, "substitutes": null, "description": "Membro della commissione", "end_date": null, "institution": 8, "person": 16, "end_reason": "", "start_date": "2008-05-08"}}, {"pk": 102, "model": "people.institutioncharge", "fields": {"charge_type": 6, "op_charge_id": null, "substituted_by": null, "substitutes": null, "description": "Membro della commissione", "end_date": null, "institution": 8, "person": 22, "end_reason": "", "start_date": "2008-05-08"}}, {"pk": 103, "model": "people.institutioncharge", "fields": {"charge_type": 6, "op_charge_id": null, "substituted_by": null, "substitutes": null, "description": "Membro della commissione", "end_date": null, "institution": 8, "person": 39, "end_reason": "", "start_date": "2008-05-08"}}, {"pk": 104, "model": "people.institutioncharge", "fields": {"charge_type": 6, "op_charge_id": null, "substituted_by": null, "substitutes": null, "description": "Membro della commissione", "end_date": null, "institution": 8, "person": 28, "end_reason": "", "start_date": "2008-05-08"}}, {"pk": 105, "model": "people.institutioncharge", "fields": {"charge_type": 6, "op_charge_id": null, "substituted_by": null, "substitutes": null, "description": "Membro della commissione", "end_date": null, "institution": 8, "person": 19, "end_reason": "", "start_date": "2008-05-08"}}, {"pk": 106, "model": "people.institutioncharge", "fields": {"charge_type": 6, "op_charge_id": null, "substituted_by": null, "substitutes": null, "description": "Membro della commissione", "end_date": null, "institution": 8, "person": 26, "end_reason": "", "start_date": "2008-05-08"}}, {"pk": 107, "model": "people.institutioncharge", "fields": {"charge_type": 6, "op_charge_id": null, "substituted_by": null, "substitutes": null, "description": "Membro della commissione", "end_date": null, "institution": 8, "person": 40, "end_reason": "", "start_date": "2008-05-08"}}, {"pk": 108, "model": "people.institutioncharge", "fields": {"charge_type": 6, "op_charge_id": null, "substituted_by": null, "substitutes": null, "description": "Membro della commissione", "end_date": null, "institution": 8, "person": 3, "end_reason": "", "start_date": "2008-05-08"}}, {"pk": 109, "model": "people.institutioncharge", "fields": {"charge_type": 6, "op_charge_id": null, "substituted_by": null, "substitutes": null, "description": "Membro della commissione", "end_date": null, "institution": 8, "person": 4, "end_reason": "", "start_date": "2008-05-08"}}, {"pk": 110, "model": "people.institutioncharge", "fields": {"charge_type": 6, "op_charge_id": null, "substituted_by": null, "substitutes": null, "description": "Membro della commissione", "end_date": null, "institution": 8, "person": 15, "end_reason": "", "start_date": "2008-05-08"}}, {"pk": 111, "model": "people.institutioncharge", "fields": {"charge_type": 6, "op_charge_id": null, "substituted_by": null, "substitutes": null, "description": "Membro della commissione", "end_date": null, "institution": 9, "person": 22, "end_reason": "", "start_date": "2008-05-08"}}, {"pk": 112, "model": "people.institutioncharge", "fields": {"charge_type": 6, "op_charge_id": null, "substituted_by": null, "substitutes": null, "description": "Membro della commissione", "end_date": null, "institution": 9, "person": 20, "end_reason": "", "start_date": "2008-05-08"}}, {"pk": 113, "model": "people.institutioncharge", "fields": {"charge_type": 6, "op_charge_id": null, "substituted_by": null, "substitutes": null, "description": "Membro della commissione", "end_date": null, "institution": 9, "person": 14, "end_reason": "", "start_date": "2008-05-08"}}, {"pk": 114, "model": "people.institutioncharge", "fields": {"charge_type": 6, "op_charge_id": null, "substituted_by": null, "substitutes": null, "description": "Membro della commissione", "end_date": null, "institution": 9, "person": 18, "end_reason": "", "start_date": "2008-05-08"}}, {"pk": 115, "model": "people.institutioncharge", "fields": {"charge_type": 6, "op_charge_id": null, "substituted_by": null, "substitutes": null, "description": "Membro della commissione", "end_date": null, "institution": 9, "person": 26, "end_reason": "", "start_date": "2008-05-08"}}, {"pk": 116, "model": "people.institutioncharge", "fields": {"charge_type": 6, "op_charge_id": null, "substituted_by": null, "substitutes": null, "description": "Membro della commissione", "end_date": null, "institution": 9, "person": 21, "end_reason": "", "start_date": "2008-05-08"}}, {"pk": 117, "model": "people.institutioncharge", "fields": {"charge_type": 6, "op_charge_id": null, "substituted_by": null, "substitutes": null, "description": "Membro della commissione", "end_date": null, "institution": 9, "person": 17, "end_reason": "", "start_date": "2008-05-08"}}, {"pk": 118, "model": "people.institutioncharge", "fields": {"charge_type": 6, "op_charge_id": null, "substituted_by": null, "substitutes": null, "description": "Membro della commissione", "end_date": null, "institution": 9, "person": 19, "end_reason": "", "start_date": "2008-05-08"}}, {"pk": 119, "model": "people.institutioncharge", "fields": {"charge_type": 6, "op_charge_id": null, "substituted_by": null, "substitutes": null, "description": "Membro della commissione", "end_date": null, "institution": 9, "person": 7, "end_reason": "", "start_date": "2008-05-08"}}, {"pk": 120, "model": "people.institutioncharge", "fields": {"charge_type": 6, "op_charge_id": null, "substituted_by": null, "substitutes": null, "description": "Membro della commissione", "end_date": null, "institution": 9, "person": 2, "end_reason": "", "start_date": "2008-05-08"}}, {"pk": 121, "model": "people.institutioncharge", "fields": {"charge_type": 6, "op_charge_id": null, "substituted_by": null, "substitutes": null, "description": "Membro della commissione", "end_date": null, "institution": 9, "person": 34, "end_reason": "", "start_date": "2008-05-08"}}, {"pk": 122, "model": "people.institutioncharge", "fields": {"charge_type": 6, "op_charge_id": null, "substituted_by": null, "substitutes": null, "description": "Membro della commissione", "end_date": null, "institution": 9, "person": 5, "end_reason": "", "start_date": "2008-05-08"}}, {"pk": 1, "model": "people.group", "fields": {"acronym": "PD", "name": "Partito democratico"}}, {"pk": 2, "model": "people.group", "fields": {"acronym": "PDL", "name": "Popolo delle Libert\u00e0"}}, {"pk": 3, "model": "people.group", "fields": {"acronym": "IBC", "name": "Il bene comune"}}, {"pk": 4, "model": "people.group", "fields": {"acronym": "LF", "name": "Lista futura"}}, {"pk": 5, "model": "people.group", "fields": {"acronym": "RCIV", "name": "Raggruppamento civico"}}, {"pk": 6, "model": "people.group", "fields": {"acronym": "NBT", "name": "Nostalgia dei bei tempi"}}, {"pk": 7, "model": "people.group", "fields": {"acronym": "GM", "name": "Gruppo misto"}}, {"pk": 1, "model": "people.groupcharge", "fields": {"group": 4, "end_date": null, "start_date": "2008-05-08", "charge": 2, "end_reason": "", "charge_description": ""}}, {"pk": 2, "model": "people.groupcharge", "fields": {"group": 4, "end_date": null, "start_date": "2008-05-08", "charge": 3, "end_reason": "", "charge_description": ""}}, {"pk": 3, "model": "people.groupcharge", "fields": {"group": 4, "end_date": null, "start_date": "2008-05-08", "charge": 4, "end_reason": "", "charge_description": ""}}, {"pk": 4, "model": "people.groupcharge", "fields": {"group": 7, "end_date": null, "start_date": "2008-05-08", "charge": 5, "end_reason": "", "charge_description": ""}}, {"pk": 5, "model": "people.groupcharge", "fields": {"group": 4, "end_date": null, "start_date": "2008-05-08", "charge": 6, "end_reason": "", "charge_description": ""}}, {"pk": 6, "model": "people.groupcharge", "fields": {"group": 3, "end_date": null, "start_date": "2008-05-08", "charge": 7, "end_reason": "", "charge_description": ""}}, {"pk": 7, "model": "people.groupcharge", "fields": {"group": 3, "end_date": null, "start_date": "2008-05-08", "charge": 8, "end_reason": "", "charge_description": ""}}, {"pk": 8, "model": "people.groupcharge", "fields": {"group": 5, "end_date": null, "start_date": "2008-05-08", "charge": 9, "end_reason": "", "charge_description": ""}}, {"pk": 9, "model": "people.groupcharge", "fields": {"group": 4, "end_date": null, "start_date": "2008-05-08", "charge": 10, "end_reason": "", "charge_description": ""}}, {"pk": 10, "model": "people.groupcharge", "fields": {"group": 6, "end_date": null, "start_date": "2008-05-08", "charge": 11, "end_reason": "", "charge_description": ""}}, {"pk": 11, "model": "people.groupcharge", "fields": {"group": 7, "end_date": null, "start_date": "2008-05-08", "charge": 12, "end_reason": "", "charge_description": ""}}, {"pk": 12, "model": "people.groupcharge", "fields": {"group": 1, "end_date": null, "start_date": "2008-05-08", "charge": 13, "end_reason": "", "charge_description": ""}}, {"pk": 13, "model": "people.groupcharge", "fields": {"group": 1, "end_date": null, "start_date": "2008-05-08", "charge": 15, "end_reason": "", "charge_description": ""}}, {"pk": 14, "model": "people.groupcharge", "fields": {"group": 7, "end_date": null, "start_date": "2008-05-08", "charge": 16, "end_reason": "", "charge_description": ""}}, {"pk": 15, "model": "people.groupcharge", "fields": {"group": 1, "end_date": null, "start_date": "2008-05-08", "charge": 17, "end_reason": "", "charge_description": ""}}, {"pk": 16, "model": "people.groupcharge", "fields": {"group": 2, "end_date": null, "start_date": "2008-05-08", "charge": 18, "end_reason": "", "charge_description": ""}}, {"pk": 17, "model": "people.groupcharge", "fields": {"group": 1, "end_date": null, "start_date": "2008-05-08", "charge": 20, "end_reason": "", "charge_description": ""}}, {"pk": 18, "model": "people.groupcharge", "fields": {"group": 2, "end_date": null, "start_date": "2008-05-08", "charge": 21, "end_reason": "", "charge_description": ""}}, {"pk": 19, "model": "people.groupcharge", "fields": {"group": 1, "end_date": null, "start_date": "2008-05-08", "charge": 22, "end_reason": "", "charge_description": ""}}, {"pk": 20, "model": "people.groupcharge", "fields": {"group": 2, "end_date": null, "start_date": "2008-05-08", "charge": 23, "end_reason": "", "charge_description": ""}}, {"pk": 21, "model": "people.groupcharge", "fields": {"group": 1, "end_date": null, "start_date": "2008-05-08", "charge": 24, "end_reason": "", "charge_description": ""}}, {"pk": 22, "model": "people.groupcharge", "fields": {"group": 1, "end_date": null, "start_date": "2008-05-08", "charge": 25, "end_reason": "", "charge_description": ""}}, {"pk": 23, "model": "people.groupcharge", "fields": {"group": 1, "end_date": null, "start_date": "2008-05-08", "charge": 26, "end_reason": "", "charge_description": ""}}, {"pk": 24, "model": "people.groupcharge", "fields": {"group": 2, "end_date": null, "start_date": "2008-05-08", "charge": 27, "end_reason": "", "charge_description": ""}}, {"pk": 25, "model": "people.groupcharge", "fields": {"group": 2, "end_date": null, "start_date": "2008-05-08", "charge": 28, "end_reason": "", "charge_description": ""}}, {"pk": 26, "model": "people.groupcharge", "fields": {"group": 2, "end_date": null, "start_date": "2008-05-08", "charge": 29, "end_reason": "", "charge_description": ""}}, {"pk": 27, "model": "people.groupcharge", "fields": {"group": 2, "end_date": null, "start_date": "2008-05-08", "charge": 30, "end_reason": "", "charge_description": ""}}, {"pk": 28, "model": "people.groupcharge", "fields": {"group": 1, "end_date": null, "start_date": "2008-05-08", "charge": 31, "end_reason": "", "charge_description": ""}}, {"pk": 29, "model": "people.groupcharge", "fields": {"group": 1, "end_date": null, "start_date": "2008-05-08", "charge": 32, "end_reason": "", "charge_description": ""}}, {"pk": 30, "model": "people.groupcharge", "fields": {"group": 2, "end_date": null, "start_date": "2008-05-08", "charge": 33, "end_reason": "", "charge_description": ""}}, {"pk": 31, "model": "people.groupcharge", "fields": {"group": 1, "end_date": null, "start_date": "2008-05-08", "charge": 34, "end_reason": "", "charge_description": ""}}, {"pk": 32, "model": "people.groupcharge", "fields": {"group": 2, "end_date": null, "start_date": "2008-05-08", "charge": 35, "end_reason": "", "charge_description": ""}}, {"pk": 33, "model": "people.groupcharge", "fields": {"group": 4, "end_date": null, "start_date": "2008-05-08", "charge": 36, "end_reason": "", "charge_description": ""}}, {"pk": 34, "model": "people.groupcharge", "fields": {"group": 2, "end_date": null, "start_date": "2008-05-08", "charge": 37, "end_reason": "", "charge_description": ""}}, {"pk": 35, "model": "people.groupcharge", "fields": {"group": 2, "end_date": null, "start_date": "2008-05-08", "charge": 38, "end_reason": "", "charge_description": ""}}, {"pk": 36, "model": "people.groupcharge", "fields": {"group": 4, "end_date": null, "start_date": "2008-05-08", "charge": 39, "end_reason": "", "charge_description": ""}}, {"pk": 37, "model": "people.groupcharge", "fields": {"group": 2, "end_date": null, "start_date": "2008-05-08", "charge": 40, "end_reason": "", "charge_description": ""}}, {"pk": 38, "model": "people.groupcharge", "fields": {"group": 2, "end_date": null, "start_date": "2008-05-08", "charge": 41, "end_reason": "", "charge_description": ""}}, {"pk": 39, "model": "people.groupcharge", "fields": {"group": 3, "end_date": null, "start_date": "2008-05-08", "charge": 42, "end_reason": "", "charge_description": ""}}, {"pk": 40, "model": "people.groupcharge", "fields": {"group": 3, "end_date": null, "start_date": "2008-05-08", "charge": 43, "end_reason": "", "charge_description": ""}}, {"pk": 1, "model": "people.groupismajority", "fields": {"group": 1, "is_majority": false, "end_date": null, "start_date": "2008-05-08"}}, {"pk": 2, "model": "people.groupismajority", "fields": {"group": 2, "is_majority": true, "end_date": null, "start_date": "2008-05-08"}}, {"pk": 3, "model": "people.groupismajority", "fields": {"group": 3, "is_majority": false, "end_date": null, "start_date": "2008-05-08"}}, {"pk": 4, "model": "people.groupismajority", "fields": {"group": 4, "is_majority": true, "end_date": null, "start_date": "2008-05-08"}}, {"pk": 5, "model": "people.groupismajority", "fields": {"group": 5, "is_majority": true, "end_date": null, "start_date": "2008-05-08"}}, {"pk": 6, "model": "people.groupismajority", "fields": {"group": 6, "is_majority": false, "end_date": null, "start_date": "2008-05-08"}}, {"pk": 7, "model": "people.groupismajority", "fields": {"group": 7, "is_majority": null, "end_date": null, "start_date": "2008-05-08"}}, {"pk": 1, "model": "people.institution", "fields": {"institution_type": 1, "description": "Descrizione dell'istituzione ufficio del sindaco", "name": "Sindaco", "parent": null, "slug": "sindaco"}}, {"pk": 2, "model": "people.institution", "fields": {"institution_type": 2, "description": "Descrizione dell'istituzione Giunta", "name": "Giunta comunale", "parent": 1, "slug": "giunta-comunale"}}, {"pk": 3, "model": "people.institution", "fields": {"institution_type": 3, "description": "Descrizione dell'istituzione Consiglio", "name": "Consiglio comunale", "parent": 1, "slug": "consiglio-comunale"}}, {"pk": 4, "model": "people.institution", "fields": {"institution_type": 4, "description": "Bilancio e programmazione", "name": "1^ commissione", "parent": 3, "slug": "1-commissione"}}, {"pk": 5, "model": "people.institution", "fields": {"institution_type": 4, "description": "Urbanistica, Infrastrutture e Lavori pubblici", "name": "2^ commissione", "parent": 3, "slug": "2-commissione"}}, {"pk": 6, "model": "people.institution", "fields": {"institution_type": 4, "description": "Citt\u00e0 sostenibile (Ambiente, Mobilit\u00e0, Energia, Trasporto pubblico),frazioni, attivit\u00e0 produttive, sport", "name": "3^ commissione", "parent": 3, "slug": "3-commissione"}}, {"pk": 7, "model": "people.institution", "fields": {"institution_type": 4, "description": "Servizi alla Persona, Pubblica Istruzione e Politiche Giovanili", "name": "4^ commissione", "parent": 3, "slug": "4-commissione"}}, {"pk": 8, "model": "people.institution", "fields": {"institution_type": 4, "description": "Cultura, Promozione e Turismo", "name": "5^ commissione", "parent": 3, "slug": "5-commissione"}}, {"pk": 9, "model": "people.institution", "fields": {"institution_type": 4, "description": "Risorse Finanziarie e Patrimonio", "name": "6^ commissione", "parent": 3, "slug": "6-commissione"}}, {"pk": 1, "model": "users.userprofile", "fields": {"city": "Rome", "says_is_politician": false, "privacy_level": 3, "wants_newsletter": false, "user": 4, "uses_nickname": false}}, {"pk": 50, "model": "auth.permission", "fields": {"codename": "add_act", "name": "Can add act", "content_type": 17}}, {"pk": 51, "model": "auth.permission", "fields": {"codename": "change_act", "name": "Can change act", "content_type": 17}}, {"pk": 52, "model": "auth.permission", "fields": {"codename": "delete_act", "name": "Can delete act", "content_type": 17}}, {"pk": 53, "model": "auth.permission", "fields": {"codename": "add_actsection", "name": "Can add act section", "content_type": 18}}, {"pk": 54, "model": "auth.permission", "fields": {"codename": "change_actsection", "name": "Can change act section", "content_type": 18}}, {"pk": 55, "model": "auth.permission", "fields": {"codename": "delete_actsection", "name": "Can delete act section", "content_type": 18}}, {"pk": 56, "model": "auth.permission", "fields": {"codename": "add_actsupport", "name": "Can add act support", "content_type": 19}}, {"pk": 57, "model": "auth.permission", "fields": {"codename": "change_actsupport", "name": "Can change act support", "content_type": 19}}, {"pk": 58, "model": "auth.permission", "fields": {"codename": "delete_actsupport", "name": "Can delete act support", "content_type": 19}}, {"pk": 59, "model": "auth.permission", "fields": {"codename": "add_agenda", "name": "Can add agenda", "content_type": 20}}, {"pk": 60, "model": "auth.permission", "fields": {"codename": "change_agenda", "name": "Can change agenda", "content_type": 20}}, {"pk": 61, "model": "auth.permission", "fields": {"codename": "delete_agenda", "name": "Can delete agenda", "content_type": 20}}, {"pk": 80, "model": "auth.permission", "fields": {"codename": "add_attach", "name": "Can add attach", "content_type": 27}}, {"pk": 81, "model": "auth.permission", "fields": {"codename": "change_attach", "name": "Can change attach", "content_type": 27}}, {"pk": 82, "model": "auth.permission", "fields": {"codename": "delete_attach", "name": "Can delete attach", "content_type": 27}}, {"pk": 89, "model": "auth.permission", "fields": {"codename": "add_calendar", "name": "Can add calendar", "content_type": 30}}, {"pk": 90, "model": "auth.permission", "fields": {"codename": "change_calendar", "name": "Can change calendar", "content_type": 30}}, {"pk": 91, "model": "auth.permission", "fields": {"codename": "delete_calendar", "name": "Can delete calendar", "content_type": 30}}, {"pk": 62, "model": "auth.permission", "fields": {"codename": "add_deliberation", "name": "Can add deliberation", "content_type": 21}}, {"pk": 63, "model": "auth.permission", "fields": {"codename": "change_deliberation", "name": "Can change deliberation", "content_type": 21}}, {"pk": 64, "model": "auth.permission", "fields": {"codename": "delete_deliberation", "name": "Can delete deliberation", "content_type": 21}}, {"pk": 74, "model": "auth.permission", "fields": {"codename": "add_emendation", "name": "Can add emendation", "content_type": 25}}, {"pk": 75, "model": "auth.permission", "fields": {"codename": "change_emendation", "name": "Can change emendation", "content_type": 25}}, {"pk": 76, "model": "auth.permission", "fields": {"codename": "delete_emendation", "name": "Can delete emendation", "content_type": 25}}, {"pk": 68, "model": "auth.permission", "fields": {"codename": "add_interpellation", "name": "Can add interpellation", "content_type": 23}}, {"pk": 69, "model": "auth.permission", "fields": {"codename": "change_interpellation", "name": "Can change interpellation", "content_type": 23}}, {"pk": 70, "model": "auth.permission", "fields": {"codename": "delete_interpellation", "name": "Can delete interpellation", "content_type": 23}}, {"pk": 65, "model": "auth.permission", "fields": {"codename": "add_interrogation", "name": "Can add interrogation", "content_type": 22}}, {"pk": 66, "model": "auth.permission", "fields": {"codename": "change_interrogation", "name": "Can change interrogation", "content_type": 22}}, {"pk": 67, "model": "auth.permission", "fields": {"codename": "delete_interrogation", "name": "Can delete interrogation", "content_type": 22}}, {"pk": 83, "model": "auth.permission", "fields": {"codename": "add_minute", "name": "Can add minute", "content_type": 28}}, {"pk": 84, "model": "auth.permission", "fields": {"codename": "change_minute", "name": "Can change minute", "content_type": 28}}, {"pk": 85, "model": "auth.permission", "fields": {"codename": "delete_minute", "name": "Can delete minute", "content_type": 28}}, {"pk": 71, "model": "auth.permission", "fields": {"codename": "add_motion", "name": "Can add motion", "content_type": 24}}, {"pk": 72, "model": "auth.permission", "fields": {"codename": "change_motion", "name": "Can change motion", "content_type": 24}}, {"pk": 73, "model": "auth.permission", "fields": {"codename": "delete_motion", "name": "Can delete motion", "content_type": 24}}, {"pk": 86, "model": "auth.permission", "fields": {"codename": "add_outcome", "name": "Can add outcome", "content_type": 29}}, {"pk": 87, "model": "auth.permission", "fields": {"codename": "change_outcome", "name": "Can change outcome", "content_type": 29}}, {"pk": 88, "model": "auth.permission", "fields": {"codename": "delete_outcome", "name": "Can delete outcome", "content_type": 29}}, {"pk": 77, "model": "auth.permission", "fields": {"codename": "add_transition", "name": "Can add status transition", "content_type": 26}}, {"pk": 78, "model": "auth.permission", "fields": {"codename": "change_transition", "name": "Can change status transition", "content_type": 26}}, {"pk": 79, "model": "auth.permission", "fields": {"codename": "delete_transition", "name": "Can delete status transition", "content_type": 26}}, {"pk": 29, "model": "auth.permission", "fields": {"codename": "add_logentry", "name": "Can add log entry", "content_type": 10}}, {"pk": 30, "model": "auth.permission", "fields": {"codename": "change_logentry", "name": "Can change log entry", "content_type": 10}}, {"pk": 31, "model": "auth.permission", "fields": {"codename": "delete_logentry", "name": "Can delete log entry", "content_type": 10}}, {"pk": 4, "model": "auth.permission", "fields": {"codename": "add_group", "name": "Can add group", "content_type": 2}}, {"pk": 5, "model": "auth.permission", "fields": {"codename": "change_group", "name": "Can change group", "content_type": 2}}, {"pk": 6, "model": "auth.permission", "fields": {"codename": "delete_group", "name": "Can delete group", "content_type": 2}}, {"pk": 10, "model": "auth.permission", "fields": {"codename": "add_message", "name": "Can add message", "content_type": 4}}, {"pk": 11, "model": "auth.permission", "fields": {"codename": "change_message", "name": "Can change message", "content_type": 4}}, {"pk": 12, "model": "auth.permission", "fields": {"codename": "delete_message", "name": "Can delete message", "content_type": 4}}, {"pk": 1, "model": "auth.permission", "fields": {"codename": "add_permission", "name": "Can add permission", "content_type": 1}}, {"pk": 2, "model": "auth.permission", "fields": {"codename": "change_permission", "name": "Can change permission", "content_type": 1}}, {"pk": 3, "model": "auth.permission", "fields": {"codename": "delete_permission", "name": "Can delete permission", "content_type": 1}}, {"pk": 7, "model": "auth.permission", "fields": {"codename": "add_user", "name": "Can add user", "content_type": 3}}, {"pk": 8, "model": "auth.permission", "fields": {"codename": "change_user", "name": "Can change user", "content_type": 3}}, {"pk": 9, "model": "auth.permission", "fields": {"codename": "delete_user", "name": "Can delete user", "content_type": 3}}, {"pk": 13, "model": "auth.permission", "fields": {"codename": "add_comment", "name": "Can add comment", "content_type": 5}}, {"pk": 16, "model": "auth.permission", "fields": {"codename": "can_moderate", "name": "Can moderate comments", "content_type": 5}}, {"pk": 14, "model": "auth.permission", "fields": {"codename": "change_comment", "name": "Can change comment", "content_type": 5}}, {"pk": 15, "model": "auth.permission", "fields": {"codename": "delete_comment", "name": "Can delete comment", "content_type": 5}}, {"pk": 17, "model": "auth.permission", "fields": {"codename": "add_commentflag", "name": "Can add comment flag", "content_type": 6}}, {"pk": 18, "model": "auth.permission", "fields": {"codename": "change_commentflag", "name": "Can change comment flag", "content_type": 6}}, {"pk": 19, "model": "auth.permission", "fields": {"codename": "delete_commentflag", "name": "Can delete comment flag", "content_type": 6}}, {"pk": 20, "model": "auth.permission", "fields": {"codename": "add_contenttype", "name": "Can add content type", "content_type": 7}}, {"pk": 21, "model": "auth.permission", "fields": {"codename": "change_contenttype", "name": "Can change content type", "content_type": 7}}, {"pk": 22, "model": "auth.permission", "fields": {"codename": "delete_contenttype", "name": "Can delete content type", "content_type": 7}}, {"pk": 149, "model": "auth.permission", "fields": {"codename": "add_monitoring", "name": "Can add monitoring", "content_type": 50}}, {"pk": 150, "model": "auth.permission", "fields": {"codename": "change_monitoring", "name": "Can change monitoring", "content_type": 50}}, {"pk": 151, "model": "auth.permission", "fields": {"codename": "delete_monitoring", "name": "Can delete monitoring", "content_type": 50}}, {"pk": 152, "model": "auth.permission", "fields": {"codename": "add_newscache", "name": "Can add cached news", "content_type": 51}}, {"pk": 153, "model": "auth.permission", "fields": {"codename": "change_newscache", "name": "Can change cached news", "content_type": 51}}, {"pk": 154, "model": "auth.permission", "fields": {"codename": "delete_newscache", "name": "Can delete cached news", "content_type": 51}}, {"pk": 47, "model": "auth.permission", "fields": {"codename": "add_commentwithmood", "name": "Can add Comment", "content_type": 16}}, {"pk": 48, "model": "auth.permission", "fields": {"codename": "change_commentwithmood", "name": "Can change Comment", "content_type": 16}}, {"pk": 49, "model": "auth.permission", "fields": {"codename": "delete_commentwithmood", "name": "Can delete Comment", "content_type": 16}}, {"pk": 101, "model": "auth.permission", "fields": {"codename": "add_administrationcharge", "name": "Can add administration charge", "content_type": 34}}, {"pk": 102, "model": "auth.permission", "fields": {"codename": "change_administrationcharge", "name": "Can change administration charge", "content_type": 34}}, {"pk": 103, "model": "auth.permission", "fields": {"codename": "delete_administrationcharge", "name": "Can delete administration charge", "content_type": 34}}, {"pk": 116, "model": "auth.permission", "fields": {"codename": "add_company", "name": "Can add company", "content_type": 39}}, {"pk": 117, "model": "auth.permission", "fields": {"codename": "change_company", "name": "Can change company", "content_type": 39}}, {"pk": 118, "model": "auth.permission", "fields": {"codename": "delete_company", "name": "Can delete company", "content_type": 39}}, {"pk": 98, "model": "auth.permission", "fields": {"codename": "add_companycharge", "name": "Can add organization charge", "content_type": 33}}, {"pk": 99, "model": "auth.permission", "fields": {"codename": "change_companycharge", "name": "Can change organization charge", "content_type": 33}}, {"pk": 100, "model": "auth.permission", "fields": {"codename": "delete_companycharge", "name": "Can delete organization charge", "content_type": 33}}, {"pk": 104, "model": "auth.permission", "fields": {"codename": "add_group", "name": "Can add group", "content_type": 35}}, {"pk": 105, "model": "auth.permission", "fields": {"codename": "change_group", "name": "Can change group", "content_type": 35}}, {"pk": 106, "model": "auth.permission", "fields": {"codename": "delete_group", "name": "Can delete group", "content_type": 35}}, {"pk": 107, "model": "auth.permission", "fields": {"codename": "add_groupcharge", "name": "Can add group charge", "content_type": 36}}, {"pk": 108, "model": "auth.permission", "fields": {"codename": "change_groupcharge", "name": "Can change group charge", "content_type": 36}}, {"pk": 109, "model": "auth.permission", "fields": {"codename": "delete_groupcharge", "name": "Can delete group charge", "content_type": 36}}, {"pk": 110, "model": "auth.permission", "fields": {"codename": "add_groupismajority", "name": "Can add group majority", "content_type": 37}}, {"pk": 111, "model": "auth.permission", "fields": {"codename": "change_groupismajority", "name": "Can change group majority", "content_type": 37}}, {"pk": 112, "model": "auth.permission", "fields": {"codename": "delete_groupismajority", "name": "Can delete group majority", "content_type": 37}}, {"pk": 113, "model": "auth.permission", "fields": {"codename": "add_institution", "name": "Can add institution", "content_type": 38}}, {"pk": 114, "model": "auth.permission", "fields": {"codename": "change_institution", "name": "Can change institution", "content_type": 38}}, {"pk": 115, "model": "auth.permission", "fields": {"codename": "delete_institution", "name": "Can delete institution", "content_type": 38}}, {"pk": 95, "model": "auth.permission", "fields": {"codename": "add_institutioncharge", "name": "Can add institution charge", "content_type": 32}}, {"pk": 96, "model": "auth.permission", "fields": {"codename": "change_institutioncharge", "name": "Can change institution charge", "content_type": 32}}, {"pk": 97, "model": "auth.permission", "fields": {"codename": "delete_institutioncharge", "name": "Can delete institution charge", "content_type": 32}}, {"pk": 119, "model": "auth.permission", "fields": {"codename": "add_office", "name": "Can add office", "content_type": 40}}, {"pk": 120, "model": "auth.permission", "fields": {"codename": "change_office", "name": "Can change office", "content_type": 40}}, {"pk": 121, "model": "auth.permission", "fields": {"codename": "delete_office", "name": "Can delete office", "content_type": 40}}, {"pk": 92, "model": "auth.permission", "fields": {"codename": "add_person", "name": "Can add person", "content_type": 31}}, {"pk": 93, "model": "auth.permission", "fields": {"codename": "change_person", "name": "Can change person", "content_type": 31}}, {"pk": 94, "model": "auth.permission", "fields": {"codename": "delete_person", "name": "Can delete person", "content_type": 31}}, {"pk": 122, "model": "auth.permission", "fields": {"codename": "add_sitting", "name": "Can add sitting", "content_type": 41}}, {"pk": 123, "model": "auth.permission", "fields": {"codename": "change_sitting", "name": "Can change sitting", "content_type": 41}}, {"pk": 124, "model": "auth.permission", "fields": {"codename": "delete_sitting", "name": "Can delete sitting", "content_type": 41}}, {"pk": 32, "model": "auth.permission", "fields": {"codename": "add_registrationprofile", "name": "Can add registration profile", "content_type": 11}}, {"pk": 33, "model": "auth.permission", "fields": {"codename": "change_registrationprofile", "name": "Can change registration profile", "content_type": 11}}, {"pk": 34, "model": "auth.permission", "fields": {"codename": "delete_registrationprofile", "name": "Can delete registration profile", "content_type": 11}}, {"pk": 23, "model": "auth.permission", "fields": {"codename": "add_session", "name": "Can add session", "content_type": 8}}, {"pk": 24, "model": "auth.permission", "fields": {"codename": "change_session", "name": "Can change session", "content_type": 8}}, {"pk": 25, "model": "auth.permission", "fields": {"codename": "delete_session", "name": "Can delete session", "content_type": 8}}, {"pk": 26, "model": "auth.permission", "fields": {"codename": "add_site", "name": "Can add site", "content_type": 9}}, {"pk": 27, "model": "auth.permission", "fields": {"codename": "change_site", "name": "Can change site", "content_type": 9}}, {"pk": 28, "model": "auth.permission", "fields": {"codename": "delete_site", "name": "Can delete site", "content_type": 9}}, {"pk": 35, "model": "auth.permission", "fields": {"codename": "add_migrationhistory", "name": "Can add migration history", "content_type": 12}}, {"pk": 36, "model": "auth.permission", "fields": {"codename": "change_migrationhistory", "name": "Can change migration history", "content_type": 12}}, {"pk": 37, "model": "auth.permission", "fields": {"codename": "delete_migrationhistory", "name": "Can delete migration history", "content_type": 12}}, {"pk": 38, "model": "auth.permission", "fields": {"codename": "add_tag", "name": "Can add Tag", "content_type": 13}}, {"pk": 39, "model": "auth.permission", "fields": {"codename": "change_tag", "name": "Can change Tag", "content_type": 13}}, {"pk": 40, "model": "auth.permission", "fields": {"codename": "delete_tag", "name": "Can delete Tag", "content_type": 13}}, {"pk": 41, "model": "auth.permission", "fields": {"codename": "add_taggeditem", "name": "Can add Tagged Item", "content_type": 14}}, {"pk": 42, "model": "auth.permission", "fields": {"codename": "change_taggeditem", "name": "Can change Tagged Item", "content_type": 14}}, {"pk": 43, "model": "auth.permission", "fields": {"codename": "delete_taggeditem", "name": "Can delete Tagged Item", "content_type": 14}}, {"pk": 131, "model": "auth.permission", "fields": {"codename": "add_category", "name": "Can add category", "content_type": 44}}, {"pk": 132, "model": "auth.permission", "fields": {"codename": "change_category", "name": "Can change category", "content_type": 44}}, {"pk": 133, "model": "auth.permission", "fields": {"codename": "delete_category", "name": "Can delete category", "content_type": 44}}, {"pk": 134, "model": "auth.permission", "fields": {"codename": "add_location", "name": "Can add location", "content_type": 45}}, {"pk": 135, "model": "auth.permission", "fields": {"codename": "change_location", "name": "Can change location", "content_type": 45}}, {"pk": 136, "model": "auth.permission", "fields": {"codename": "delete_location", "name": "Can delete location", "content_type": 45}}, {"pk": 125, "model": "auth.permission", "fields": {"codename": "add_tag", "name": "Can add Tag", "content_type": 42}}, {"pk": 126, "model": "auth.permission", "fields": {"codename": "change_tag", "name": "Can change Tag", "content_type": 42}}, {"pk": 127, "model": "auth.permission", "fields": {"codename": "delete_tag", "name": "Can delete Tag", "content_type": 42}}, {"pk": 128, "model": "auth.permission", "fields": {"codename": "add_taggedact", "name": "Can add tagged act", "content_type": 43}}, {"pk": 129, "model": "auth.permission", "fields": {"codename": "change_taggedact", "name": "Can change tagged act", "content_type": 43}}, {"pk": 130, "model": "auth.permission", "fields": {"codename": "delete_taggedact", "name": "Can delete tagged act", "content_type": 43}}, {"pk": 146, "model": "auth.permission", "fields": {"codename": "add_userprofile", "name": "Can add user profile", "content_type": 49}}, {"pk": 147, "model": "auth.permission", "fields": {"codename": "change_userprofile", "name": "Can change user profile", "content_type": 49}}, {"pk": 148, "model": "auth.permission", "fields": {"codename": "delete_userprofile", "name": "Can delete user profile", "content_type": 49}}, {"pk": 143, "model": "auth.permission", "fields": {"codename": "add_chargevote", "name": "Can add charge vote", "content_type": 48}}, {"pk": 144, "model": "auth.permission", "fields": {"codename": "change_chargevote", "name": "Can change charge vote", "content_type": 48}}, {"pk": 145, "model": "auth.permission", "fields": {"codename": "delete_chargevote", "name": "Can delete charge vote", "content_type": 48}}, {"pk": 140, "model": "auth.permission", "fields": {"codename": "add_groupvote", "name": "Can add group vote", "content_type": 47}}, {"pk": 141, "model": "auth.permission", "fields": {"codename": "change_groupvote", "name": "Can change group vote", "content_type": 47}}, {"pk": 142, "model": "auth.permission", "fields": {"codename": "delete_groupvote", "name": "Can delete group vote", "content_type": 47}}, {"pk": 137, "model": "auth.permission", "fields": {"codename": "add_votation", "name": "Can add votation", "content_type": 46}}, {"pk": 138, "model": "auth.permission", "fields": {"codename": "change_votation", "name": "Can change votation", "content_type": 46}}, {"pk": 139, "model": "auth.permission", "fields": {"codename": "delete_votation", "name": "Can delete votation", "content_type": 46}}, {"pk": 44, "model": "auth.permission", "fields": {"codename": "add_vote", "name": "Can add vote", "content_type": 15}}, {"pk": 45, "model": "auth.permission", "fields": {"codename": "change_vote", "name": "Can change vote", "content_type": 15}}, {"pk": 46, "model": "auth.permission", "fields": {"codename": "delete_vote", "name": "Can delete vote", "content_type": 15}}, {"pk": 1, "model": "auth.group", "fields": {"name": "editors", "permissions": [51, 138]}}, {"pk": 1, "model": "auth.user", "fields": {"username": "admin", "first_name": "", "last_name": "", "is_active": true, "is_superuser": true, "is_staff": true, "last_login": "2012-03-18 09:57:32", "groups": [], "user_permissions": [], "password": "sha1$c6b1d$2eb0302e100ff2093d98fea5c9c0340d1c86cb62", "email": "admin@example.com", "date_joined": "2012-01-27 19:54:21"}}, {"pk": 2, "model": "auth.user", "fields": {"username": "editor", "first_name": "", "last_name": "", "is_active": true, "is_superuser": false, "is_staff": true, "last_login": "2012-02-17 15:36:28", "groups": [1], "user_permissions": [], "password": "sha1$d9a84$ef4579c9be18acf5aba5785d247ba3cb6939d65e", "email": "", "date_joined": "2012-02-17 15:36:28"}}, {"pk": 4, "model": "auth.user", "fields": {"username": "guglielmo", "first_name": "Test", "last_name": "User", "is_active": true, "is_superuser": false, "is_staff": false, "last_login": "2012-03-13 09:54:11", "groups": [], "user_permissions": [], "password": "sha1$683c7$38d6a01ec5b9483bff19d34b5636fd8bca18779b", "email": "user@openpolis.it", "date_joined": "2012-03-13 09:49:02"}}]