[
    {
        "pk": 1, 
        "model": "people.person", 
        "fields": {
            "first_name": "Angelo", 
            "last_name": "Ridolfo", 
            "birth_location": "Seui (NU)", 
            "op_politician_id": null, 
            "sex": 1, 
            "birth_date": "1952-01-19", 
            "slug": "angelo-ridolfo-1952-01-19"
        }
    }, 
    {
        "pk": 2, 
        "model": "people.person", 
        "fields": {
            "first_name": "PATRIZIA", 
            "last_name": "MARRANDINO", 
            "birth_location": "Verrua Savoia (TO)", 
            "op_politician_id": null, 
            "sex": 0, 
            "birth_date": "1969-10-25", 
            "slug": "patrizia-marrandino-1969-10-25"
        }
    }, 
    {
        "pk": 3, 
        "model": "people.person", 
        "fields": {
            "first_name": "MARIAGABRIELLA", 
            "last_name": "Ignelzi", 
            "birth_location": "Coccaglio (BS)", 
            "op_politician_id": null, 
            "sex": 0, 
            "birth_date": "1931-11-08", 
            "slug": "mariagabriella-ignelzi-1931-11-08"
        }
    }, 
    {
        "pk": 4, 
        "model": "people.person", 
        "fields": {
            "first_name": "FLORESTANO", 
            "last_name": "TALENTI", 
            "birth_location": "SECINARO SAN SALVATORE", 
            "op_politician_id": null, 
            "sex": 1, 
            "birth_date": "1936-12-24", 
            "slug": "florestano-talenti-1936-12-24"
        }
    }, 
    {
        "pk": 5, 
        "model": "people.person", 
        "fields": {
            "first_name": "GIOVANNI", 
            "last_name": "FEMIA", 
            "birth_location": "Motta di Livenza (TV)", 
            "op_politician_id": null, 
            "sex": 1, 
            "birth_date": "1942-07-30", 
            "slug": "giovanni-femia-1942-07-30"
        }
    }, 
    {
        "pk": 6, 
        "model": "people.person", 
        "fields": {
            "first_name": "ROSILDA", 
            "last_name": "NARCISI", 
            "birth_location": "Aurano (VB)", 
            "op_politician_id": null, 
            "sex": 0, 
            "birth_date": "1967-01-27", 
            "slug": "rosilda-narcisi-1967-01-27"
        }
    }, 
    {
        "pk": 7, 
        "model": "people.person", 
        "fields": {
            "first_name": "CARLO", 
            "last_name": "Panagin", 
            "birth_location": "Millesimo (SV)", 
            "op_politician_id": null, 
            "sex": 1, 
            "birth_date": "1958-10-25", 
            "slug": "carlo-panagin-1958-10-25"
        }
    }, 
    {
        "pk": 8, 
        "model": "people.person", 
        "fields": {
            "first_name": "LINA", 
            "last_name": "DESSONI", 
            "birth_location": "NOTTINGHAM E", 
            "op_politician_id": null, 
            "sex": 0, 
            "birth_date": "1948-08-02", 
            "slug": "lina-dessoni-1948-08-02"
        }
    }, 
    {
        "pk": 9, 
        "model": "people.person", 
        "fields": {
            "first_name": "Dilvo", 
            "last_name": "PISTOLESI", 
            "birth_location": "SCHIAFFUSA SVIZZERA", 
            "op_politician_id": null, 
            "sex": 1, 
            "birth_date": "1946-04-01", 
            "slug": "dilvo-pistolesi-1946-04-01"
        }
    }, 
    {
        "pk": 10, 
        "model": "people.person", 
        "fields": {
            "first_name": "Luca", 
            "last_name": "LAVAGNINO", 
            "birth_location": "Rocca Massima (RM)", 
            "op_politician_id": null, 
            "sex": 1, 
            "birth_date": "1980-11-16", 
            "slug": "luca-lavagnino-1980-11-16"
        }
    }, 
    {
        "pk": 11, 
        "model": "people.person", 
        "fields": {
            "first_name": "CARMINE", 
            "last_name": "MOLGORA", 
            "birth_location": "WEIL AM RHEIN D", 
            "op_politician_id": null, 
            "sex": 1, 
            "birth_date": "1949-11-29", 
            "slug": "carmine-molgora-1949-11-29"
        }
    }, 
    {
        "pk": 12, 
        "model": "people.person", 
        "fields": {
            "first_name": "LORENZA", 
            "last_name": "GRANILLO", 
            "birth_location": "Riccione (FO)", 
            "op_politician_id": null, 
            "sex": 0, 
            "birth_date": "1952-02-29", 
            "slug": "lorenza-granillo-1952-02-29"
        }
    }, 
    {
        "pk": 13, 
        "model": "people.person", 
        "fields": {
            "first_name": "Maria", 
            "last_name": "RIETI", 
            "birth_location": "Torviscosa (UD)", 
            "op_politician_id": null, 
            "sex": 0, 
            "birth_date": "1981-03-25", 
            "slug": "maria-rieti-1981-03-25"
        }
    }, 
    {
        "pk": 14, 
        "model": "people.person", 
        "fields": {
            "first_name": "LUIGI", 
            "last_name": "SAVASTA", 
            "birth_location": "TEMU'BS", 
            "op_politician_id": null, 
            "sex": 1, 
            "birth_date": "1970-02-23", 
            "slug": "luigi-savasta-1970-02-23"
        }
    }, 
    {
        "pk": 15, 
        "model": "people.person", 
        "fields": {
            "first_name": "MATTEO", 
            "last_name": "ROMANA", 
            "birth_location": "CASAMRCIANO", 
            "op_politician_id": null, 
            "sex": 1, 
            "birth_date": "1934-04-23", 
            "slug": "matteo-romana-1934-04-23"
        }
    }, 
    {
        "pk": 16, 
        "model": "people.person", 
        "fields": {
            "first_name": "SISIO", 
            "last_name": "ARESANI", 
            "birth_location": "Tronzano Lago Maggiore (VA)", 
            "op_politician_id": null, 
            "sex": 1, 
            "birth_date": "1960-08-04", 
            "slug": "sisio-aresani-1960-08-04"
        }
    }, 
    {
        "pk": 17, 
        "model": "people.person", 
        "fields": {
            "first_name": "GIOVANNI", 
            "last_name": "PISTORELLO", 
            "birth_location": "BORGOFRANCO", 
            "op_politician_id": null, 
            "sex": 1, 
            "birth_date": "1934-12-30", 
            "slug": "giovanni-pistorello-1934-12-30"
        }
    }, 
    {
        "pk": 18, 
        "model": "people.person", 
        "fields": {
            "first_name": "FRANCO", 
            "last_name": "CASTELLONE", 
            "birth_location": "Orsomarso (SA)", 
            "op_politician_id": null, 
            "sex": 1, 
            "birth_date": "1950-11-18", 
            "slug": "franco-castellone-1950-11-18"
        }
    }, 
    {
        "pk": 19, 
        "model": "people.person", 
        "fields": {
            "first_name": "Aldo", 
            "last_name": "Lippis", 
            "birth_location": "Goito (MN)", 
            "op_politician_id": null, 
            "sex": 1, 
            "birth_date": "1966-09-16", 
            "slug": "aldo-lippis-1966-09-16"
        }
    }, 
    {
        "pk": 20, 
        "model": "people.person", 
        "fields": {
            "first_name": "SERGIO", 
            "last_name": "CAVAGNA", 
            "birth_location": "Bari Sardo (NU)", 
            "op_politician_id": null, 
            "sex": 1, 
            "birth_date": "1946-10-31", 
            "slug": "sergio-cavagna-1946-10-31"
        }
    }, 
    {
        "pk": 21, 
        "model": "people.person", 
        "fields": {
            "first_name": "Marco", 
            "last_name": "BIONDO", 
            "birth_location": "Sant'Apollinare (FR)", 
            "op_politician_id": null, 
            "sex": 1, 
            "birth_date": "1974-10-28", 
            "slug": "marco-biondo-1974-10-28"
        }
    }, 
    {
        "pk": 22, 
        "model": "people.person", 
        "fields": {
            "first_name": "CALOGERA", 
            "last_name": "GAZZANO", 
            "birth_location": "Mosso (VC)", 
            "op_politician_id": null, 
            "sex": 0, 
            "birth_date": "1934-06-01", 
            "slug": "calogera-gazzano-1934-06-01"
        }
    }, 
    {
        "pk": 23, 
        "model": "people.person", 
        "fields": {
            "first_name": "FIORELLA", 
            "last_name": "Galfo", 
            "birth_location": "SERRRAVALLE SCRIVIA", 
            "op_politician_id": null, 
            "sex": 0, 
            "birth_date": "1960-06-27", 
            "slug": "fiorella-galfo-1960-06-27"
        }
    }, 
    {
        "pk": 24, 
        "model": "people.person", 
        "fields": {
            "first_name": "Marilena", 
            "last_name": "FRONGIA", 
            "birth_location": "Manocalzati (AV)", 
            "op_politician_id": null, 
            "sex": 0, 
            "birth_date": "1977-09-18", 
            "slug": "marilena-frongia-1977-09-18"
        }
    }, 
    {
        "pk": 25, 
        "model": "people.person", 
        "fields": {
            "first_name": "Paolo", 
            "last_name": "LOZIO", 
            "birth_location": "Murisengo (AL)", 
            "op_politician_id": null, 
            "sex": 1, 
            "birth_date": "1967-07-03", 
            "slug": "paolo-lozio-1967-07-03"
        }
    }, 
    {
        "pk": 26, 
        "model": "people.person", 
        "fields": {
            "first_name": "Edigio", 
            "last_name": "Brazzorotto", 
            "birth_location": "Volpiano (TO)", 
            "op_politician_id": null, 
            "sex": 1, 
            "birth_date": "1971-01-01", 
            "slug": "edigio-brazzorotto-1971-01-01"
        }
    }, 
    {
        "pk": 27, 
        "model": "people.person", 
        "fields": {
            "first_name": "Maria", 
            "last_name": "SERBLIN", 
            "birth_location": "Strozza (BG)", 
            "op_politician_id": null, 
            "sex": 0, 
            "birth_date": "1966-12-29", 
            "slug": "maria-serblin-1966-12-29"
        }
    }, 
    {
        "pk": 28, 
        "model": "people.person", 
        "fields": {
            "first_name": "ANGELO", 
            "last_name": "Mastrantone", 
            "birth_location": "Salice Salentino (LE)", 
            "op_politician_id": null, 
            "sex": 1, 
            "birth_date": "1960-07-25", 
            "slug": "angelo-mastrantone-1960-07-25"
        }
    }, 
    {
        "pk": 29, 
        "model": "people.person", 
        "fields": {
            "first_name": "ERMELINDA", 
            "last_name": "MOLIA", 
            "birth_location": "Calvi (BN)", 
            "op_politician_id": null, 
            "sex": 0, 
            "birth_date": "1932-10-08", 
            "slug": "ermelinda-molia-1932-10-08"
        }
    }, 
    {
        "pk": 30, 
        "model": "people.person", 
        "fields": {
            "first_name": "SVEVA", 
            "last_name": "GEREMETTA", 
            "birth_location": "Riccione (FO)", 
            "op_politician_id": null, 
            "sex": 0, 
            "birth_date": "1942-07-23", 
            "slug": "sveva-geremetta-1942-07-23"
        }
    }, 
    {
        "pk": 31, 
        "model": "people.person", 
        "fields": {
            "first_name": "DALMIRO", 
            "last_name": "CURAGI", 
            "birth_location": "Sernaglia della Battaglia (TV)", 
            "op_politician_id": null, 
            "sex": 1, 
            "birth_date": "1954-01-18", 
            "slug": "dalmiro-curagi-1954-01-18"
        }
    }, 
    {
        "pk": 32, 
        "model": "people.person", 
        "fields": {
            "first_name": "LUCIO", 
            "last_name": "LAMACCHIA", 
            "birth_location": "VILLA D'ALME'", 
            "op_politician_id": null, 
            "sex": 1, 
            "birth_date": "1979-10-10", 
            "slug": "lucio-lamacchia-1979-10-10"
        }
    }, 
    {
        "pk": 33, 
        "model": "people.person", 
        "fields": {
            "first_name": "ROSARIO", 
            "last_name": "MATARANTE", 
            "birth_location": "Moyeuvre Francia", 
            "op_politician_id": null, 
            "sex": 1, 
            "birth_date": "1956-03-24", 
            "slug": "rosario-matarante-1956-03-24"
        }
    }, 
    {
        "pk": 34, 
        "model": "people.person", 
        "fields": {
            "first_name": "Massimo", 
            "last_name": "ZOLLER", 
            "birth_location": "Cosio D'arroscia (IM)", 
            "op_politician_id": null, 
            "sex": 1, 
            "birth_date": "1975-12-10", 
            "slug": "massimo-zoller-1975-12-10"
        }
    }, 
    {
        "pk": 35, 
        "model": "people.person", 
        "fields": {
            "first_name": "COSTANZO", 
            "last_name": "DALL'AGNOL", 
            "birth_location": "CALDARO SULLA STRADA DEL VINO", 
            "op_politician_id": null, 
            "sex": 1, 
            "birth_date": "1985-09-26", 
            "slug": "costanzo-dallagnol-1985-09-26"
        }
    }, 
    {
        "pk": 36, 
        "model": "people.person", 
        "fields": {
            "first_name": "SEBASTIANO", 
            "last_name": "FORMIZZI", 
            "birth_location": "Pizzighettone (CR)", 
            "op_politician_id": null, 
            "sex": 1, 
            "birth_date": "1939-10-09", 
            "slug": "sebastiano-formizzi-1939-10-09"
        }
    }, 
    {
        "pk": 37, 
        "model": "people.person", 
        "fields": {
            "first_name": "LIONILLO", 
            "last_name": "MARAI", 
            "birth_location": "Grandola ed Uniti (CO)", 
            "op_politician_id": null, 
            "sex": 1, 
            "birth_date": "1927-03-30", 
            "slug": "lionillo-marai-1927-03-30"
        }
    }, 
    {
        "pk": 38, 
        "model": "people.person", 
        "fields": {
            "first_name": "Saverio", 
            "last_name": "CICOLANI", 
            "birth_location": "Magomadas (NU)", 
            "op_politician_id": null, 
            "sex": 1, 
            "birth_date": "1965-04-02", 
            "slug": "saverio-cicolani-1965-04-02"
        }
    }, 
    {
        "pk": 39, 
        "model": "people.person", 
        "fields": {
            "first_name": "CESARIO", 
            "last_name": "GUIDETTI", 
            "birth_location": "Collazzone (PG)", 
            "op_politician_id": null, 
            "sex": 1, 
            "birth_date": "1981-05-25", 
            "slug": "cesario-guidetti-1981-05-25"
        }
    }, 
    {
        "pk": 40, 
        "model": "people.person", 
        "fields": {
            "first_name": "CLAUDIO", 
            "last_name": "RAPEZZI", 
            "birth_location": "Tarquinia (RM)", 
            "op_politician_id": null, 
            "sex": 1, 
            "birth_date": "1975-07-08", 
            "slug": "claudio-rapezzi-1975-07-08"
        }
    }, 
    {
        "pk": 41, 
        "model": "people.person", 
        "fields": {
            "first_name": "V.", 
            "last_name": "LIRANGI", 
            "birth_location": "SAN GIORGIO CREMANO", 
            "op_politician_id": null, 
            "sex": 1, 
            "birth_date": "1985-12-13", 
            "slug": "v-lirangi-1985-12-13"
        }
    }, 
    {
        "pk": 42, 
        "model": "people.person", 
        "fields": {
            "first_name": "Santolo", 
            "last_name": "HASSEK", 
            "birth_location": "Calascibetta (EN)", 
            "op_politician_id": null, 
            "sex": 1, 
            "birth_date": "1959-09-07", 
            "slug": "santolo-hassek-1959-09-07"
        }
    }, 
    {
        "pk": 43, 
        "model": "people.person", 
        "fields": {
            "first_name": "PRIMO", 
            "last_name": "ACCOMINOTTI", 
            "birth_location": "Sellia (CZ)", 
            "op_politician_id": null, 
            "sex": 1, 
            "birth_date": "1945-10-22", 
            "slug": "primo-accominotti-1945-10-22"
        }
    }, 
    {
        "pk": 44, 
        "model": "people.person", 
        "fields": {
            "first_name": "ANGELO", 
            "last_name": "PIERACCINI", 
            "birth_location": "Finale Ligure (SV)", 
            "op_politician_id": null, 
            "sex": 1, 
            "birth_date": "1957-02-09", 
            "slug": "angelo-pieraccini-1957-02-09"
        }
    }, 
    {
        "pk": 45, 
        "model": "people.person", 
        "fields": {
            "first_name": "EMIRENE", 
            "last_name": "SANNA", 
            "birth_location": "Montasola (RI)", 
            "op_politician_id": null, 
            "sex": 0, 
            "birth_date": "1946-03-01", 
            "slug": "emirene-sanna-1946-03-01"
        }
    }, 
    {
        "pk": 46, 
        "model": "people.person", 
        "fields": {
            "first_name": "BRUNA", 
            "last_name": "GALIETI", 
            "birth_location": "Monchio delle Corti (PR)", 
            "op_politician_id": null, 
            "sex": 0, 
            "birth_date": "1975-07-13", 
            "slug": "bruna-galieti-1975-07-13"
        }
    }, 
    {
        "pk": 47, 
        "model": "people.person", 
        "fields": {
            "first_name": "ELIO", 
            "last_name": "BAGLIONE", 
            "birth_location": "Basiliano (UD)", 
            "op_politician_id": null, 
            "sex": 1, 
            "birth_date": "1950-01-04", 
            "slug": "elio-baglione-1950-01-04"
        }
    }, 
    {
        "pk": 48, 
        "model": "people.person", 
        "fields": {
            "first_name": "Vita", 
            "last_name": "BOSELLI", 
            "birth_location": "GLORENZA", 
            "op_politician_id": null, 
            "sex": 0, 
            "birth_date": "1975-07-23", 
            "slug": "vita-boselli-1975-07-23"
        }
    }, 
    {
        "pk": 1, 
        "model": "people.institutionresource", 
        "fields": {
            "institution": 4, 
            "value": "Pietro Bianchi", 
            "resource_type": "PERSON", 
            "description": "Segreteria"
        }
    }, 
    {
        "pk": 2, 
        "model": "people.institutionresource", 
        "fields": {
            "institution": 4, 
            "value": "segreteria@commissione_bilancio.comune.it", 
            "resource_type": "EMAIL", 
            "description": "Mail ufficiale"
        }
    }, 
    {
        "pk": 3, 
        "model": "people.institutionresource", 
        "fields": {
            "institution": 4, 
            "value": "03499178467", 
            "resource_type": "PHONE", 
            "description": "Telefono"
        }
    }, 
    {
        "pk": 4, 
        "model": "people.institutionresource", 
        "fields": {
            "institution": 4, 
            "value": "0875176412", 
            "resource_type": "PHONE", 
            "description": "Fax"
        }
    }, 
    {
        "pk": 5, 
        "model": "people.institutionresource", 
        "fields": {
            "institution": 4, 
            "value": "http://www.guglielmo.com", 
            "resource_type": "URL", 
            "description": "Sito della commissione"
        }
    }, 
    {
        "pk": 1, 
        "model": "people.groupresource", 
        "fields": {
            "group": 2, 
            "value": "Marina Rossi", 
            "resource_type": "PERSON", 
            "description": "Segreteria"
        }
    }, 
    {
        "pk": 2, 
        "model": "people.groupresource", 
        "fields": {
            "group": 2, 
            "value": "pdl@comune.it", 
            "resource_type": "EMAIL", 
            "description": "Email"
        }
    }, 
    {
        "pk": 3, 
        "model": "people.groupresource", 
        "fields": {
            "group": 2, 
            "value": "3939134087", 
            "resource_type": "PHONE", 
            "description": "Tel"
        }
    }, 
    {
        "pk": 1, 
        "model": "people.institutioncharge", 
        "fields": {
            "op_charge_id": null, 
            "n_present_votations": 0, 
            "substituted_by": null, 
            "substitutes": null, 
            "description": "Descrizione incarico di sindaco", 
            "end_date": null, 
            "n_absent_votations": 0, 
            "n_rebel_votations": 0, 
            "institution": 1, 
            "person": 1, 
            "end_reason": "", 
            "original_charge": null, 
            "start_date": "2008-05-08"
        }
    }, 
    {
        "pk": 2, 
        "model": "people.institutioncharge", 
        "fields": {
            "op_charge_id": null, 
            "n_present_votations": 0, 
            "substituted_by": null, 
            "substitutes": null, 
            "description": "", 
            "end_date": null, 
            "n_absent_votations": 0, 
            "n_rebel_votations": 0, 
            "institution": 3, 
            "person": 2, 
            "end_reason": "", 
            "original_charge": null, 
            "start_date": "2008-05-08"
        }
    }, 
    {
        "pk": 3, 
        "model": "people.institutioncharge", 
        "fields": {
            "op_charge_id": null, 
            "n_present_votations": 0, 
            "substituted_by": null, 
            "substitutes": null, 
            "description": "", 
            "end_date": null, 
            "n_absent_votations": 0, 
            "n_rebel_votations": 0, 
            "institution": 3, 
            "person": 3, 
            "end_reason": "", 
            "original_charge": null, 
            "start_date": "2008-05-08"
        }
    }, 
    {
        "pk": 4, 
        "model": "people.institutioncharge", 
        "fields": {
            "op_charge_id": null, 
            "n_present_votations": 0, 
            "substituted_by": null, 
            "substitutes": null, 
            "description": "", 
            "end_date": null, 
            "n_absent_votations": 0, 
            "n_rebel_votations": 0, 
            "institution": 3, 
            "person": 4, 
            "end_reason": "", 
            "original_charge": null, 
            "start_date": "2008-05-08"
        }
    }, 
    {
        "pk": 5, 
        "model": "people.institutioncharge", 
        "fields": {
            "op_charge_id": null, 
            "n_present_votations": 0, 
            "substituted_by": null, 
            "substitutes": null, 
            "description": "", 
            "end_date": null, 
            "n_absent_votations": 0, 
            "n_rebel_votations": 0, 
            "institution": 3, 
            "person": 5, 
            "end_reason": "", 
            "original_charge": null, 
            "start_date": "2008-05-08"
        }
    }, 
    {
        "pk": 6, 
        "model": "people.institutioncharge", 
        "fields": {
            "op_charge_id": null, 
            "n_present_votations": 0, 
            "substituted_by": null, 
            "substitutes": null, 
            "description": "", 
            "end_date": null, 
            "n_absent_votations": 0, 
            "n_rebel_votations": 0, 
            "institution": 3, 
            "person": 6, 
            "end_reason": "", 
            "original_charge": null, 
            "start_date": "2008-05-08"
        }
    }, 
    {
        "pk": 7, 
        "model": "people.institutioncharge", 
        "fields": {
            "op_charge_id": null, 
            "n_present_votations": 0, 
            "substituted_by": null, 
            "substitutes": null, 
            "description": "", 
            "end_date": null, 
            "n_absent_votations": 0, 
            "n_rebel_votations": 0, 
            "institution": 3, 
            "person": 7, 
            "end_reason": "", 
            "original_charge": null, 
            "start_date": "2008-05-08"
        }
    }, 
    {
        "pk": 8, 
        "model": "people.institutioncharge", 
        "fields": {
            "op_charge_id": null, 
            "n_present_votations": 0, 
            "substituted_by": null, 
            "substitutes": null, 
            "description": "", 
            "end_date": null, 
            "n_absent_votations": 0, 
            "n_rebel_votations": 0, 
            "institution": 3, 
            "person": 8, 
            "end_reason": "", 
            "original_charge": null, 
            "start_date": "2008-05-08"
        }
    }, 
    {
        "pk": 9, 
        "model": "people.institutioncharge", 
        "fields": {
            "op_charge_id": null, 
            "n_present_votations": 0, 
            "substituted_by": null, 
            "substitutes": null, 
            "description": "", 
            "end_date": null, 
            "n_absent_votations": 0, 
            "n_rebel_votations": 0, 
            "institution": 3, 
            "person": 9, 
            "end_reason": "", 
            "original_charge": null, 
            "start_date": "2008-05-08"
        }
    }, 
    {
        "pk": 10, 
        "model": "people.institutioncharge", 
        "fields": {
            "op_charge_id": null, 
            "n_present_votations": 0, 
            "substituted_by": null, 
            "substitutes": null, 
            "description": "", 
            "end_date": null, 
            "n_absent_votations": 0, 
            "n_rebel_votations": 0, 
            "institution": 3, 
            "person": 10, 
            "end_reason": "", 
            "original_charge": null, 
            "start_date": "2008-05-08"
        }
    }, 
    {
        "pk": 11, 
        "model": "people.institutioncharge", 
        "fields": {
            "op_charge_id": null, 
            "n_present_votations": 0, 
            "substituted_by": null, 
            "substitutes": null, 
            "description": "", 
            "end_date": null, 
            "n_absent_votations": 0, 
            "n_rebel_votations": 0, 
            "institution": 3, 
            "person": 11, 
            "end_reason": "", 
            "original_charge": null, 
            "start_date": "2008-05-08"
        }
    }, 
    {
        "pk": 12, 
        "model": "people.institutioncharge", 
        "fields": {
            "op_charge_id": null, 
            "n_present_votations": 0, 
            "substituted_by": null, 
            "substitutes": null, 
            "description": "", 
            "end_date": null, 
            "n_absent_votations": 0, 
            "n_rebel_votations": 0, 
            "institution": 3, 
            "person": 12, 
            "end_reason": "", 
            "original_charge": null, 
            "start_date": "2008-05-08"
        }
    }, 
    {
        "pk": 13, 
        "model": "people.institutioncharge", 
        "fields": {
            "op_charge_id": null, 
            "n_present_votations": 0, 
            "substituted_by": null, 
            "substitutes": null, 
            "description": "", 
            "end_date": null, 
            "n_absent_votations": 0, 
            "n_rebel_votations": 0, 
            "institution": 3, 
            "person": 13, 
            "end_reason": "", 
            "original_charge": null, 
            "start_date": "2008-05-08"
        }
    }, 
    {
        "pk": 14, 
        "model": "people.institutioncharge", 
        "fields": {
            "op_charge_id": null, 
            "n_present_votations": 0, 
            "substituted_by": null, 
            "substitutes": null, 
            "description": "", 
            "end_date": null, 
            "n_absent_votations": 0, 
            "n_rebel_votations": 0, 
            "institution": 3, 
            "person": 14, 
            "end_reason": "", 
            "original_charge": null, 
            "start_date": "2008-05-08"
        }
    }, 
    {
        "pk": 15, 
        "model": "people.institutioncharge", 
        "fields": {
            "op_charge_id": null, 
            "n_present_votations": 0, 
            "substituted_by": null, 
            "substitutes": null, 
            "description": "", 
            "end_date": null, 
            "n_absent_votations": 0, 
            "n_rebel_votations": 0, 
            "institution": 3, 
            "person": 15, 
            "end_reason": "", 
            "original_charge": null, 
            "start_date": "2008-05-08"
        }
    }, 
    {
        "pk": 16, 
        "model": "people.institutioncharge", 
        "fields": {
            "op_charge_id": null, 
            "n_present_votations": 0, 
            "substituted_by": null, 
            "substitutes": null, 
            "description": "", 
            "end_date": null, 
            "n_absent_votations": 0, 
            "n_rebel_votations": 0, 
            "institution": 3, 
            "person": 16, 
            "end_reason": "", 
            "original_charge": null, 
            "start_date": "2008-05-08"
        }
    }, 
    {
        "pk": 17, 
        "model": "people.institutioncharge", 
        "fields": {
            "op_charge_id": null, 
            "n_present_votations": 0, 
            "substituted_by": null, 
            "substitutes": null, 
            "description": "", 
            "end_date": null, 
            "n_absent_votations": 0, 
            "n_rebel_votations": 0, 
            "institution": 3, 
            "person": 17, 
            "end_reason": "", 
            "original_charge": null, 
            "start_date": "2008-05-08"
        }
    }, 
    {
        "pk": 18, 
        "model": "people.institutioncharge", 
        "fields": {
            "op_charge_id": null, 
            "n_present_votations": 0, 
            "substituted_by": null, 
            "substitutes": null, 
            "description": "", 
            "end_date": null, 
            "n_absent_votations": 0, 
            "n_rebel_votations": 0, 
            "institution": 3, 
            "person": 18, 
            "end_reason": "", 
            "original_charge": null, 
            "start_date": "2008-05-08"
        }
    }, 
    {
        "pk": 19, 
        "model": "people.institutioncharge", 
        "fields": {
            "op_charge_id": null, 
            "n_present_votations": 0, 
            "substituted_by": null, 
            "substitutes": null, 
            "description": "", 
            "end_date": null, 
            "n_absent_votations": 0, 
            "n_rebel_votations": 0, 
            "institution": 3, 
            "person": 19, 
            "end_reason": "", 
            "original_charge": null, 
            "start_date": "2008-05-08"
        }
    }, 
    {
        "pk": 20, 
        "model": "people.institutioncharge", 
        "fields": {
            "op_charge_id": null, 
            "n_present_votations": 0, 
            "substituted_by": null, 
            "substitutes": null, 
            "description": "", 
            "end_date": null, 
            "n_absent_votations": 0, 
            "n_rebel_votations": 0, 
            "institution": 3, 
            "person": 20, 
            "end_reason": "", 
            "original_charge": null, 
            "start_date": "2008-05-08"
        }
    }, 
    {
        "pk": 21, 
        "model": "people.institutioncharge", 
        "fields": {
            "op_charge_id": null, 
            "n_present_votations": 0, 
            "substituted_by": null, 
            "substitutes": null, 
            "description": "", 
            "end_date": null, 
            "n_absent_votations": 0, 
            "n_rebel_votations": 0, 
            "institution": 3, 
            "person": 21, 
            "end_reason": "", 
            "original_charge": null, 
            "start_date": "2008-05-08"
        }
    }, 
    {
        "pk": 22, 
        "model": "people.institutioncharge", 
        "fields": {
            "op_charge_id": null, 
            "n_present_votations": 0, 
            "substituted_by": null, 
            "substitutes": null, 
            "description": "", 
            "end_date": null, 
            "n_absent_votations": 0, 
            "n_rebel_votations": 0, 
            "institution": 3, 
            "person": 22, 
            "end_reason": "", 
            "original_charge": null, 
            "start_date": "2008-05-08"
        }
    }, 
    {
        "pk": 23, 
        "model": "people.institutioncharge", 
        "fields": {
            "op_charge_id": null, 
            "n_present_votations": 0, 
            "substituted_by": null, 
            "substitutes": null, 
            "description": "", 
            "end_date": null, 
            "n_absent_votations": 0, 
            "n_rebel_votations": 0, 
            "institution": 3, 
            "person": 23, 
            "end_reason": "", 
            "original_charge": null, 
            "start_date": "2008-05-08"
        }
    }, 
    {
        "pk": 24, 
        "model": "people.institutioncharge", 
        "fields": {
            "op_charge_id": null, 
            "n_present_votations": 0, 
            "substituted_by": null, 
            "substitutes": null, 
            "description": "", 
            "end_date": null, 
            "n_absent_votations": 0, 
            "n_rebel_votations": 0, 
            "institution": 3, 
            "person": 24, 
            "end_reason": "", 
            "original_charge": null, 
            "start_date": "2008-05-08"
        }
    }, 
    {
        "pk": 25, 
        "model": "people.institutioncharge", 
        "fields": {
            "op_charge_id": null, 
            "n_present_votations": 0, 
            "substituted_by": null, 
            "substitutes": null, 
            "description": "", 
            "end_date": null, 
            "n_absent_votations": 0, 
            "n_rebel_votations": 0, 
            "institution": 3, 
            "person": 25, 
            "end_reason": "", 
            "original_charge": null, 
            "start_date": "2008-05-08"
        }
    }, 
    {
        "pk": 26, 
        "model": "people.institutioncharge", 
        "fields": {
            "op_charge_id": null, 
            "n_present_votations": 0, 
            "substituted_by": null, 
            "substitutes": null, 
            "description": "", 
            "end_date": null, 
            "n_absent_votations": 0, 
            "n_rebel_votations": 0, 
            "institution": 3, 
            "person": 26, 
            "end_reason": "", 
            "original_charge": null, 
            "start_date": "2008-05-08"
        }
    }, 
    {
        "pk": 27, 
        "model": "people.institutioncharge", 
        "fields": {
            "op_charge_id": null, 
            "n_present_votations": 0, 
            "substituted_by": null, 
            "substitutes": null, 
            "description": "", 
            "end_date": null, 
            "n_absent_votations": 0, 
            "n_rebel_votations": 0, 
            "institution": 3, 
            "person": 27, 
            "end_reason": "", 
            "original_charge": null, 
            "start_date": "2008-05-08"
        }
    }, 
    {
        "pk": 28, 
        "model": "people.institutioncharge", 
        "fields": {
            "op_charge_id": null, 
            "n_present_votations": 0, 
            "substituted_by": null, 
            "substitutes": null, 
            "description": "", 
            "end_date": null, 
            "n_absent_votations": 0, 
            "n_rebel_votations": 0, 
            "institution": 3, 
            "person": 28, 
            "end_reason": "", 
            "original_charge": null, 
            "start_date": "2008-05-08"
        }
    }, 
    {
        "pk": 29, 
        "model": "people.institutioncharge", 
        "fields": {
            "op_charge_id": null, 
            "n_present_votations": 0, 
            "substituted_by": null, 
            "substitutes": null, 
            "description": "", 
            "end_date": null, 
            "n_absent_votations": 0, 
            "n_rebel_votations": 0, 
            "institution": 3, 
            "person": 29, 
            "end_reason": "", 
            "original_charge": null, 
            "start_date": "2008-05-08"
        }
    }, 
    {
        "pk": 30, 
        "model": "people.institutioncharge", 
        "fields": {
            "op_charge_id": null, 
            "n_present_votations": 0, 
            "substituted_by": null, 
            "substitutes": null, 
            "description": "", 
            "end_date": null, 
            "n_absent_votations": 0, 
            "n_rebel_votations": 0, 
            "institution": 3, 
            "person": 30, 
            "end_reason": "", 
            "original_charge": null, 
            "start_date": "2008-05-08"
        }
    }, 
    {
        "pk": 31, 
        "model": "people.institutioncharge", 
        "fields": {
            "op_charge_id": null, 
            "n_present_votations": 0, 
            "substituted_by": null, 
            "substitutes": null, 
            "description": "", 
            "end_date": null, 
            "n_absent_votations": 0, 
            "n_rebel_votations": 0, 
            "institution": 3, 
            "person": 31, 
            "end_reason": "", 
            "original_charge": null, 
            "start_date": "2008-05-08"
        }
    }, 
    {
        "pk": 32, 
        "model": "people.institutioncharge", 
        "fields": {
            "op_charge_id": null, 
            "n_present_votations": 0, 
            "substituted_by": null, 
            "substitutes": null, 
            "description": "", 
            "end_date": null, 
            "n_absent_votations": 0, 
            "n_rebel_votations": 0, 
            "institution": 3, 
            "person": 32, 
            "end_reason": "", 
            "original_charge": null, 
            "start_date": "2008-05-08"
        }
    }, 
    {
        "pk": 33, 
        "model": "people.institutioncharge", 
        "fields": {
            "op_charge_id": null, 
            "n_present_votations": 0, 
            "substituted_by": null, 
            "substitutes": null, 
            "description": "", 
            "end_date": null, 
            "n_absent_votations": 0, 
            "n_rebel_votations": 0, 
            "institution": 3, 
            "person": 33, 
            "end_reason": "", 
            "original_charge": null, 
            "start_date": "2008-05-08"
        }
    }, 
    {
        "pk": 34, 
        "model": "people.institutioncharge", 
        "fields": {
            "op_charge_id": null, 
            "n_present_votations": 0, 
            "substituted_by": null, 
            "substitutes": null, 
            "description": "", 
            "end_date": null, 
            "n_absent_votations": 0, 
            "n_rebel_votations": 0, 
            "institution": 3, 
            "person": 34, 
            "end_reason": "", 
            "original_charge": null, 
            "start_date": "2008-05-08"
        }
    }, 
    {
        "pk": 35, 
        "model": "people.institutioncharge", 
        "fields": {
            "op_charge_id": null, 
            "n_present_votations": 0, 
            "substituted_by": null, 
            "substitutes": null, 
            "description": "", 
            "end_date": null, 
            "n_absent_votations": 0, 
            "n_rebel_votations": 0, 
            "institution": 3, 
            "person": 35, 
            "end_reason": "", 
            "original_charge": null, 
            "start_date": "2008-05-08"
        }
    }, 
    {
        "pk": 36, 
        "model": "people.institutioncharge", 
        "fields": {
            "op_charge_id": null, 
            "n_present_votations": 0, 
            "substituted_by": null, 
            "substitutes": null, 
            "description": "", 
            "end_date": null, 
            "n_absent_votations": 0, 
            "n_rebel_votations": 0, 
            "institution": 3, 
            "person": 36, 
            "end_reason": "", 
            "original_charge": null, 
            "start_date": "2008-05-08"
        }
    }, 
    {
        "pk": 37, 
        "model": "people.institutioncharge", 
        "fields": {
            "op_charge_id": null, 
            "n_present_votations": 0, 
            "substituted_by": null, 
            "substitutes": null, 
            "description": "", 
            "end_date": null, 
            "n_absent_votations": 0, 
            "n_rebel_votations": 0, 
            "institution": 3, 
            "person": 37, 
            "end_reason": "", 
            "original_charge": null, 
            "start_date": "2008-05-08"
        }
    }, 
    {
        "pk": 38, 
        "model": "people.institutioncharge", 
        "fields": {
            "op_charge_id": null, 
            "n_present_votations": 0, 
            "substituted_by": null, 
            "substitutes": null, 
            "description": "", 
            "end_date": null, 
            "n_absent_votations": 0, 
            "n_rebel_votations": 0, 
            "institution": 3, 
            "person": 38, 
            "end_reason": "", 
            "original_charge": null, 
            "start_date": "2008-05-08"
        }
    }, 
    {
        "pk": 39, 
        "model": "people.institutioncharge", 
        "fields": {
            "op_charge_id": null, 
            "n_present_votations": 0, 
            "substituted_by": null, 
            "substitutes": null, 
            "description": "", 
            "end_date": null, 
            "n_absent_votations": 0, 
            "n_rebel_votations": 0, 
            "institution": 3, 
            "person": 39, 
            "end_reason": "", 
            "original_charge": null, 
            "start_date": "2008-05-08"
        }
    }, 
    {
        "pk": 40, 
        "model": "people.institutioncharge", 
        "fields": {
            "op_charge_id": null, 
            "n_present_votations": 0, 
            "substituted_by": null, 
            "substitutes": null, 
            "description": "", 
            "end_date": null, 
            "n_absent_votations": 0, 
            "n_rebel_votations": 0, 
            "institution": 3, 
            "person": 40, 
            "end_reason": "", 
            "original_charge": null, 
            "start_date": "2008-05-08"
        }
    }, 
    {
        "pk": 41, 
        "model": "people.institutioncharge", 
        "fields": {
            "op_charge_id": null, 
            "n_present_votations": 0, 
            "substituted_by": null, 
            "substitutes": null, 
            "description": "", 
            "end_date": null, 
            "n_absent_votations": 0, 
            "n_rebel_votations": 0, 
            "institution": 3, 
            "person": 41, 
            "end_reason": "", 
            "original_charge": null, 
            "start_date": "2008-05-08"
        }
    }, 
    {
        "pk": 42, 
        "model": "people.institutioncharge", 
        "fields": {
            "op_charge_id": null, 
            "n_present_votations": 0, 
            "substituted_by": null, 
            "substitutes": null, 
            "description": "Citt\u00e0 Sostenibile (Ambiente, Mobilit\u00e0, Trasporto Pubblico), Sport, Politiche Giovanili, Frazioni", 
            "end_date": null, 
            "n_absent_votations": 0, 
            "n_rebel_votations": 0, 
            "institution": 2, 
            "person": 42, 
            "end_reason": "", 
            "original_charge": null, 
            "start_date": "2008-05-08"
        }
    }, 
    {
        "pk": 43, 
        "model": "people.institutioncharge", 
        "fields": {
            "op_charge_id": null, 
            "n_present_votations": 0, 
            "substituted_by": null, 
            "substitutes": null, 
            "description": "Urbanistica", 
            "end_date": null, 
            "n_absent_votations": 0, 
            "n_rebel_votations": 0, 
            "institution": 2, 
            "person": 43, 
            "end_reason": "", 
            "original_charge": null, 
            "start_date": "2008-05-08"
        }
    }, 
    {
        "pk": 44, 
        "model": "people.institutioncharge", 
        "fields": {
            "op_charge_id": null, 
            "n_present_votations": 0, 
            "substituted_by": null, 
            "substitutes": null, 
            "description": "Attivit\u00e0 Economiche, Pari Opportunit\u00e0, Partecipazione", 
            "end_date": null, 
            "n_absent_votations": 0, 
            "n_rebel_votations": 0, 
            "institution": 2, 
            "person": 44, 
            "end_reason": "", 
            "original_charge": null, 
            "start_date": "2008-05-08"
        }
    }, 
    {
        "pk": 45, 
        "model": "people.institutioncharge", 
        "fields": {
            "op_charge_id": null, 
            "n_present_votations": 0, 
            "substituted_by": null, 
            "substitutes": null, 
            "description": "Lavori Pubblici", 
            "end_date": null, 
            "n_absent_votations": 0, 
            "n_rebel_votations": 0, 
            "institution": 2, 
            "person": 45, 
            "end_reason": "", 
            "original_charge": null, 
            "start_date": "2008-05-08"
        }
    }, 
    {
        "pk": 46, 
        "model": "people.institutioncharge", 
        "fields": {
            "op_charge_id": null, 
            "n_present_votations": 0, 
            "substituted_by": null, 
            "substitutes": null, 
            "description": "Risorse Finanziarie e Patrimoniali", 
            "end_date": null, 
            "n_absent_votations": 0, 
            "n_rebel_votations": 0, 
            "institution": 2, 
            "person": 46, 
            "end_reason": "", 
            "original_charge": null, 
            "start_date": "2008-05-08"
        }
    }, 
    {
        "pk": 47, 
        "model": "people.institutioncharge", 
        "fields": {
            "op_charge_id": null, 
            "n_present_votations": 0, 
            "substituted_by": null, 
            "substitutes": null, 
            "description": "Cultura e Pubblica Istruzione", 
            "end_date": null, 
            "n_absent_votations": 0, 
            "n_rebel_votations": 0, 
            "institution": 2, 
            "person": 47, 
            "end_reason": "", 
            "original_charge": null, 
            "start_date": "2008-05-08"
        }
    }, 
    {
        "pk": 48, 
        "model": "people.institutioncharge", 
        "fields": {
            "op_charge_id": null, 
            "n_present_votations": 0, 
            "substituted_by": null, 
            "substitutes": null, 
            "description": "Servizi alla Persona, Sanit\u00e0, Politiche per l\u2019Integrazione ed Edilizia Residenziale Pubblica", 
            "end_date": null, 
            "n_absent_votations": 0, 
            "n_rebel_votations": 0, 
            "institution": 2, 
            "person": 48, 
            "end_reason": "", 
            "original_charge": null, 
            "start_date": "2008-05-08"
        }
    }, 
    {
        "pk": 49, 
        "model": "people.institutioncharge", 
        "fields": {
            "op_charge_id": null, 
            "n_present_votations": 0, 
            "substituted_by": null, 
            "substitutes": null, 
            "description": "Membro della commissione", 
            "end_date": null, 
            "n_absent_votations": 0, 
            "n_rebel_votations": 0, 
            "institution": 4, 
            "person": 30, 
            "end_reason": "", 
            "original_charge": 30, 
            "start_date": "2008-05-08"
        }
    }, 
    {
        "pk": 50, 
        "model": "people.institutioncharge", 
        "fields": {
            "op_charge_id": null, 
            "n_present_votations": 0, 
            "substituted_by": null, 
            "substitutes": null, 
            "description": "Membro della commissione", 
            "end_date": null, 
            "n_absent_votations": 0, 
            "n_rebel_votations": 0, 
            "institution": 4, 
            "person": 8, 
            "end_reason": "", 
            "original_charge": 8, 
            "start_date": "2008-05-08"
        }
    }, 
    {
        "pk": 51, 
        "model": "people.institutioncharge", 
        "fields": {
            "op_charge_id": null, 
            "n_present_votations": 0, 
            "substituted_by": null, 
            "substitutes": null, 
            "description": "Membro della commissione", 
            "end_date": null, 
            "n_absent_votations": 0, 
            "n_rebel_votations": 0, 
            "institution": 4, 
            "person": 4, 
            "end_reason": "", 
            "original_charge": 4, 
            "start_date": "2008-05-08"
        }
    }, 
    {
        "pk": 52, 
        "model": "people.institutioncharge", 
        "fields": {
            "op_charge_id": null, 
            "n_present_votations": 0, 
            "substituted_by": null, 
            "substitutes": null, 
            "description": "Membro della commissione", 
            "end_date": null, 
            "n_absent_votations": 0, 
            "n_rebel_votations": 0, 
            "institution": 4, 
            "person": 18, 
            "end_reason": "", 
            "original_charge": 18, 
            "start_date": "2008-05-08"
        }
    }, 
    {
        "pk": 53, 
        "model": "people.institutioncharge", 
        "fields": {
            "op_charge_id": null, 
            "n_present_votations": 0, 
            "substituted_by": null, 
            "substitutes": null, 
            "description": "Membro della commissione", 
            "end_date": null, 
            "n_absent_votations": 0, 
            "n_rebel_votations": 0, 
            "institution": 4, 
            "person": 28, 
            "end_reason": "", 
            "original_charge": 28, 
            "start_date": "2008-05-08"
        }
    }, 
    {
        "pk": 54, 
        "model": "people.institutioncharge", 
        "fields": {
            "op_charge_id": null, 
            "n_present_votations": 0, 
            "substituted_by": null, 
            "substitutes": null, 
            "description": "Membro della commissione", 
            "end_date": null, 
            "n_absent_votations": 0, 
            "n_rebel_votations": 0, 
            "institution": 4, 
            "person": 11, 
            "end_reason": "", 
            "original_charge": 11, 
            "start_date": "2008-05-08"
        }
    }, 
    {
        "pk": 55, 
        "model": "people.institutioncharge", 
        "fields": {
            "op_charge_id": null, 
            "n_present_votations": 0, 
            "substituted_by": null, 
            "substitutes": null, 
            "description": "Membro della commissione", 
            "end_date": null, 
            "n_absent_votations": 0, 
            "n_rebel_votations": 0, 
            "institution": 4, 
            "person": 15, 
            "end_reason": "", 
            "original_charge": 15, 
            "start_date": "2008-05-08"
        }
    }, 
    {
        "pk": 56, 
        "model": "people.institutioncharge", 
        "fields": {
            "op_charge_id": null, 
            "n_present_votations": 0, 
            "substituted_by": null, 
            "substitutes": null, 
            "description": "Membro della commissione", 
            "end_date": null, 
            "n_absent_votations": 0, 
            "n_rebel_votations": 0, 
            "institution": 4, 
            "person": 16, 
            "end_reason": "", 
            "original_charge": 16, 
            "start_date": "2008-05-08"
        }
    }, 
    {
        "pk": 57, 
        "model": "people.institutioncharge", 
        "fields": {
            "op_charge_id": null, 
            "n_present_votations": 0, 
            "substituted_by": null, 
            "substitutes": null, 
            "description": "Membro della commissione", 
            "end_date": null, 
            "n_absent_votations": 0, 
            "n_rebel_votations": 0, 
            "institution": 4, 
            "person": 13, 
            "end_reason": "", 
            "original_charge": 13, 
            "start_date": "2008-05-08"
        }
    }, 
    {
        "pk": 58, 
        "model": "people.institutioncharge", 
        "fields": {
            "op_charge_id": null, 
            "n_present_votations": 0, 
            "substituted_by": null, 
            "substitutes": null, 
            "description": "Membro della commissione", 
            "end_date": null, 
            "n_absent_votations": 0, 
            "n_rebel_votations": 0, 
            "institution": 4, 
            "person": 7, 
            "end_reason": "", 
            "original_charge": 7, 
            "start_date": "2008-05-08"
        }
    }, 
    {
        "pk": 59, 
        "model": "people.institutioncharge", 
        "fields": {
            "op_charge_id": null, 
            "n_present_votations": 0, 
            "substituted_by": null, 
            "substitutes": null, 
            "description": "Membro della commissione", 
            "end_date": null, 
            "n_absent_votations": 0, 
            "n_rebel_votations": 0, 
            "institution": 4, 
            "person": 10, 
            "end_reason": "", 
            "original_charge": 10, 
            "start_date": "2008-05-08"
        }
    }, 
    {
        "pk": 60, 
        "model": "people.institutioncharge", 
        "fields": {
            "op_charge_id": null, 
            "n_present_votations": 0, 
            "substituted_by": null, 
            "substitutes": null, 
            "description": "Membro della commissione", 
            "end_date": null, 
            "n_absent_votations": 0, 
            "n_rebel_votations": 0, 
            "institution": 4, 
            "person": 6, 
            "end_reason": "", 
            "original_charge": 6, 
            "start_date": "2008-05-08"
        }
    }, 
    {
        "pk": 61, 
        "model": "people.institutioncharge", 
        "fields": {
            "op_charge_id": null, 
            "n_present_votations": 0, 
            "substituted_by": null, 
            "substitutes": null, 
            "description": "Membro della commissione", 
            "end_date": null, 
            "n_absent_votations": 0, 
            "n_rebel_votations": 0, 
            "institution": 5, 
            "person": 25, 
            "end_reason": "", 
            "original_charge": 25, 
            "start_date": "2008-05-08"
        }
    }, 
    {
        "pk": 62, 
        "model": "people.institutioncharge", 
        "fields": {
            "op_charge_id": null, 
            "n_present_votations": 0, 
            "substituted_by": null, 
            "substitutes": null, 
            "description": "Membro della commissione", 
            "end_date": null, 
            "n_absent_votations": 0, 
            "n_rebel_votations": 0, 
            "institution": 5, 
            "person": 39, 
            "end_reason": "", 
            "original_charge": 39, 
            "start_date": "2008-05-08"
        }
    }, 
    {
        "pk": 63, 
        "model": "people.institutioncharge", 
        "fields": {
            "op_charge_id": null, 
            "n_present_votations": 0, 
            "substituted_by": null, 
            "substitutes": null, 
            "description": "Membro della commissione", 
            "end_date": null, 
            "n_absent_votations": 0, 
            "n_rebel_votations": 0, 
            "institution": 5, 
            "person": 31, 
            "end_reason": "", 
            "original_charge": 31, 
            "start_date": "2008-05-08"
        }
    }, 
    {
        "pk": 64, 
        "model": "people.institutioncharge", 
        "fields": {
            "op_charge_id": null, 
            "n_present_votations": 0, 
            "substituted_by": null, 
            "substitutes": null, 
            "description": "Membro della commissione", 
            "end_date": null, 
            "n_absent_votations": 0, 
            "n_rebel_votations": 0, 
            "institution": 5, 
            "person": 18, 
            "end_reason": "", 
            "original_charge": 18, 
            "start_date": "2008-05-08"
        }
    }, 
    {
        "pk": 65, 
        "model": "people.institutioncharge", 
        "fields": {
            "op_charge_id": null, 
            "n_present_votations": 0, 
            "substituted_by": null, 
            "substitutes": null, 
            "description": "Membro della commissione", 
            "end_date": null, 
            "n_absent_votations": 0, 
            "n_rebel_votations": 0, 
            "institution": 5, 
            "person": 16, 
            "end_reason": "", 
            "original_charge": 16, 
            "start_date": "2008-05-08"
        }
    }, 
    {
        "pk": 66, 
        "model": "people.institutioncharge", 
        "fields": {
            "op_charge_id": null, 
            "n_present_votations": 0, 
            "substituted_by": null, 
            "substitutes": null, 
            "description": "Membro della commissione", 
            "end_date": null, 
            "n_absent_votations": 0, 
            "n_rebel_votations": 0, 
            "institution": 5, 
            "person": 28, 
            "end_reason": "", 
            "original_charge": 28, 
            "start_date": "2008-05-08"
        }
    }, 
    {
        "pk": 67, 
        "model": "people.institutioncharge", 
        "fields": {
            "op_charge_id": null, 
            "n_present_votations": 0, 
            "substituted_by": null, 
            "substitutes": null, 
            "description": "Membro della commissione", 
            "end_date": null, 
            "n_absent_votations": 0, 
            "n_rebel_votations": 0, 
            "institution": 5, 
            "person": 15, 
            "end_reason": "", 
            "original_charge": 15, 
            "start_date": "2008-05-08"
        }
    }, 
    {
        "pk": 68, 
        "model": "people.institutioncharge", 
        "fields": {
            "op_charge_id": null, 
            "n_present_votations": 0, 
            "substituted_by": null, 
            "substitutes": null, 
            "description": "Membro della commissione", 
            "end_date": null, 
            "n_absent_votations": 0, 
            "n_rebel_votations": 0, 
            "institution": 5, 
            "person": 35, 
            "end_reason": "", 
            "original_charge": 35, 
            "start_date": "2008-05-08"
        }
    }, 
    {
        "pk": 69, 
        "model": "people.institutioncharge", 
        "fields": {
            "op_charge_id": null, 
            "n_present_votations": 0, 
            "substituted_by": null, 
            "substitutes": null, 
            "description": "Membro della commissione", 
            "end_date": null, 
            "n_absent_votations": 0, 
            "n_rebel_votations": 0, 
            "institution": 5, 
            "person": 33, 
            "end_reason": "", 
            "original_charge": 33, 
            "start_date": "2008-05-08"
        }
    }, 
    {
        "pk": 70, 
        "model": "people.institutioncharge", 
        "fields": {
            "op_charge_id": null, 
            "n_present_votations": 0, 
            "substituted_by": null, 
            "substitutes": null, 
            "description": "Membro della commissione", 
            "end_date": null, 
            "n_absent_votations": 0, 
            "n_rebel_votations": 0, 
            "institution": 5, 
            "person": 17, 
            "end_reason": "", 
            "original_charge": 17, 
            "start_date": "2008-05-08"
        }
    }, 
    {
        "pk": 71, 
        "model": "people.institutioncharge", 
        "fields": {
            "op_charge_id": null, 
            "n_present_votations": 0, 
            "substituted_by": null, 
            "substitutes": null, 
            "description": "Membro della commissione", 
            "end_date": null, 
            "n_absent_votations": 0, 
            "n_rebel_votations": 0, 
            "institution": 5, 
            "person": 7, 
            "end_reason": "", 
            "original_charge": 7, 
            "start_date": "2008-05-08"
        }
    }, 
    {
        "pk": 72, 
        "model": "people.institutioncharge", 
        "fields": {
            "op_charge_id": null, 
            "n_present_votations": 0, 
            "substituted_by": null, 
            "substitutes": null, 
            "description": "Membro della commissione", 
            "end_date": null, 
            "n_absent_votations": 0, 
            "n_rebel_votations": 0, 
            "institution": 5, 
            "person": 9, 
            "end_reason": "", 
            "original_charge": 9, 
            "start_date": "2008-05-08"
        }
    }, 
    {
        "pk": 73, 
        "model": "people.institutioncharge", 
        "fields": {
            "op_charge_id": null, 
            "n_present_votations": 0, 
            "substituted_by": null, 
            "substitutes": null, 
            "description": "Membro della commissione", 
            "end_date": null, 
            "n_absent_votations": 0, 
            "n_rebel_votations": 0, 
            "institution": 6, 
            "person": 22, 
            "end_reason": "", 
            "original_charge": 22, 
            "start_date": "2008-05-08"
        }
    }, 
    {
        "pk": 74, 
        "model": "people.institutioncharge", 
        "fields": {
            "op_charge_id": null, 
            "n_present_votations": 0, 
            "substituted_by": null, 
            "substitutes": null, 
            "description": "Membro della commissione", 
            "end_date": null, 
            "n_absent_votations": 0, 
            "n_rebel_votations": 0, 
            "institution": 6, 
            "person": 8, 
            "end_reason": "", 
            "original_charge": 8, 
            "start_date": "2008-05-08"
        }
    }, 
    {
        "pk": 75, 
        "model": "people.institutioncharge", 
        "fields": {
            "op_charge_id": null, 
            "n_present_votations": 0, 
            "substituted_by": null, 
            "substitutes": null, 
            "description": "Membro della commissione", 
            "end_date": null, 
            "n_absent_votations": 0, 
            "n_rebel_votations": 0, 
            "institution": 6, 
            "person": 5, 
            "end_reason": "", 
            "original_charge": 5, 
            "start_date": "2008-05-08"
        }
    }, 
    {
        "pk": 76, 
        "model": "people.institutioncharge", 
        "fields": {
            "op_charge_id": null, 
            "n_present_votations": 0, 
            "substituted_by": null, 
            "substitutes": null, 
            "description": "Membro della commissione", 
            "end_date": null, 
            "n_absent_votations": 0, 
            "n_rebel_votations": 0, 
            "institution": 6, 
            "person": 31, 
            "end_reason": "", 
            "original_charge": 31, 
            "start_date": "2008-05-08"
        }
    }, 
    {
        "pk": 77, 
        "model": "people.institutioncharge", 
        "fields": {
            "op_charge_id": null, 
            "n_present_votations": 0, 
            "substituted_by": null, 
            "substitutes": null, 
            "description": "Membro della commissione", 
            "end_date": null, 
            "n_absent_votations": 0, 
            "n_rebel_votations": 0, 
            "institution": 6, 
            "person": 11, 
            "end_reason": "", 
            "original_charge": 11, 
            "start_date": "2008-05-08"
        }
    }, 
    {
        "pk": 78, 
        "model": "people.institutioncharge", 
        "fields": {
            "op_charge_id": null, 
            "n_present_votations": 0, 
            "substituted_by": null, 
            "substitutes": null, 
            "description": "Membro della commissione", 
            "end_date": null, 
            "n_absent_votations": 0, 
            "n_rebel_votations": 0, 
            "institution": 6, 
            "person": 16, 
            "end_reason": "", 
            "original_charge": 16, 
            "start_date": "2008-05-08"
        }
    }, 
    {
        "pk": 79, 
        "model": "people.institutioncharge", 
        "fields": {
            "op_charge_id": null, 
            "n_present_votations": 0, 
            "substituted_by": null, 
            "substitutes": null, 
            "description": "Membro della commissione", 
            "end_date": null, 
            "n_absent_votations": 0, 
            "n_rebel_votations": 0, 
            "institution": 6, 
            "person": 40, 
            "end_reason": "", 
            "original_charge": 40, 
            "start_date": "2008-05-08"
        }
    }, 
    {
        "pk": 80, 
        "model": "people.institutioncharge", 
        "fields": {
            "op_charge_id": null, 
            "n_present_votations": 0, 
            "substituted_by": null, 
            "substitutes": null, 
            "description": "Membro della commissione", 
            "end_date": null, 
            "n_absent_votations": 0, 
            "n_rebel_votations": 0, 
            "institution": 6, 
            "person": 34, 
            "end_reason": "", 
            "original_charge": 34, 
            "start_date": "2008-05-08"
        }
    }, 
    {
        "pk": 81, 
        "model": "people.institutioncharge", 
        "fields": {
            "op_charge_id": null, 
            "n_present_votations": 0, 
            "substituted_by": null, 
            "substitutes": null, 
            "description": "Membro della commissione", 
            "end_date": null, 
            "n_absent_votations": 0, 
            "n_rebel_votations": 0, 
            "institution": 6, 
            "person": 14, 
            "end_reason": "", 
            "original_charge": 14, 
            "start_date": "2008-05-08"
        }
    }, 
    {
        "pk": 82, 
        "model": "people.institutioncharge", 
        "fields": {
            "op_charge_id": null, 
            "n_present_votations": 0, 
            "substituted_by": null, 
            "substitutes": null, 
            "description": "Membro della commissione", 
            "end_date": null, 
            "n_absent_votations": 0, 
            "n_rebel_votations": 0, 
            "institution": 6, 
            "person": 10, 
            "end_reason": "", 
            "original_charge": 10, 
            "start_date": "2008-05-08"
        }
    }, 
    {
        "pk": 83, 
        "model": "people.institutioncharge", 
        "fields": {
            "op_charge_id": null, 
            "n_present_votations": 0, 
            "substituted_by": null, 
            "substitutes": null, 
            "description": "Membro della commissione", 
            "end_date": null, 
            "n_absent_votations": 0, 
            "n_rebel_votations": 0, 
            "institution": 6, 
            "person": 17, 
            "end_reason": "", 
            "original_charge": 17, 
            "start_date": "2008-05-08"
        }
    }, 
    {
        "pk": 84, 
        "model": "people.institutioncharge", 
        "fields": {
            "op_charge_id": null, 
            "n_present_votations": 0, 
            "substituted_by": null, 
            "substitutes": null, 
            "description": "Membro della commissione", 
            "end_date": null, 
            "n_absent_votations": 0, 
            "n_rebel_votations": 0, 
            "institution": 6, 
            "person": 6, 
            "end_reason": "", 
            "original_charge": 6, 
            "start_date": "2008-05-08"
        }
    }, 
    {
        "pk": 85, 
        "model": "people.institutioncharge", 
        "fields": {
            "op_charge_id": null, 
            "n_present_votations": 0, 
            "substituted_by": null, 
            "substitutes": null, 
            "description": "Membro della commissione", 
            "end_date": null, 
            "n_absent_votations": 0, 
            "n_rebel_votations": 0, 
            "institution": 7, 
            "person": 5, 
            "end_reason": "", 
            "original_charge": 5, 
            "start_date": "2008-05-08"
        }
    }, 
    {
        "pk": 86, 
        "model": "people.institutioncharge", 
        "fields": {
            "op_charge_id": null, 
            "n_present_votations": 0, 
            "substituted_by": null, 
            "substitutes": null, 
            "description": "Membro della commissione", 
            "end_date": null, 
            "n_absent_votations": 0, 
            "n_rebel_votations": 0, 
            "institution": 7, 
            "person": 39, 
            "end_reason": "", 
            "original_charge": 39, 
            "start_date": "2008-05-08"
        }
    }, 
    {
        "pk": 87, 
        "model": "people.institutioncharge", 
        "fields": {
            "op_charge_id": null, 
            "n_present_votations": 0, 
            "substituted_by": null, 
            "substitutes": null, 
            "description": "Membro della commissione", 
            "end_date": null, 
            "n_absent_votations": 0, 
            "n_rebel_votations": 0, 
            "institution": 7, 
            "person": 30, 
            "end_reason": "", 
            "original_charge": 30, 
            "start_date": "2008-05-08"
        }
    }, 
    {
        "pk": 88, 
        "model": "people.institutioncharge", 
        "fields": {
            "op_charge_id": null, 
            "n_present_votations": 0, 
            "substituted_by": null, 
            "substitutes": null, 
            "description": "Membro della commissione", 
            "end_date": null, 
            "n_absent_votations": 0, 
            "n_rebel_votations": 0, 
            "institution": 7, 
            "person": 21, 
            "end_reason": "", 
            "original_charge": 21, 
            "start_date": "2008-05-08"
        }
    }, 
    {
        "pk": 89, 
        "model": "people.institutioncharge", 
        "fields": {
            "op_charge_id": null, 
            "n_present_votations": 0, 
            "substituted_by": null, 
            "substitutes": null, 
            "description": "Membro della commissione", 
            "end_date": null, 
            "n_absent_votations": 0, 
            "n_rebel_votations": 0, 
            "institution": 7, 
            "person": 11, 
            "end_reason": "", 
            "original_charge": 11, 
            "start_date": "2008-05-08"
        }
    }, 
    {
        "pk": 90, 
        "model": "people.institutioncharge", 
        "fields": {
            "op_charge_id": null, 
            "n_present_votations": 0, 
            "substituted_by": null, 
            "substitutes": null, 
            "description": "Membro della commissione", 
            "end_date": null, 
            "n_absent_votations": 0, 
            "n_rebel_votations": 0, 
            "institution": 7, 
            "person": 34, 
            "end_reason": "", 
            "original_charge": 34, 
            "start_date": "2008-05-08"
        }
    }, 
    {
        "pk": 91, 
        "model": "people.institutioncharge", 
        "fields": {
            "op_charge_id": null, 
            "n_present_votations": 0, 
            "substituted_by": null, 
            "substitutes": null, 
            "description": "Membro della commissione", 
            "end_date": null, 
            "n_absent_votations": 0, 
            "n_rebel_votations": 0, 
            "institution": 7, 
            "person": 29, 
            "end_reason": "", 
            "original_charge": 29, 
            "start_date": "2008-05-08"
        }
    }, 
    {
        "pk": 92, 
        "model": "people.institutioncharge", 
        "fields": {
            "op_charge_id": null, 
            "n_present_votations": 0, 
            "substituted_by": null, 
            "substitutes": null, 
            "description": "Membro della commissione", 
            "end_date": null, 
            "n_absent_votations": 0, 
            "n_rebel_votations": 0, 
            "institution": 7, 
            "person": 40, 
            "end_reason": "", 
            "original_charge": 40, 
            "start_date": "2008-05-08"
        }
    }, 
    {
        "pk": 93, 
        "model": "people.institutioncharge", 
        "fields": {
            "op_charge_id": null, 
            "n_present_votations": 0, 
            "substituted_by": null, 
            "substitutes": null, 
            "description": "Membro della commissione", 
            "end_date": null, 
            "n_absent_votations": 0, 
            "n_rebel_votations": 0, 
            "institution": 7, 
            "person": 33, 
            "end_reason": "", 
            "original_charge": 33, 
            "start_date": "2008-05-08"
        }
    }, 
    {
        "pk": 94, 
        "model": "people.institutioncharge", 
        "fields": {
            "op_charge_id": null, 
            "n_present_votations": 0, 
            "substituted_by": null, 
            "substitutes": null, 
            "description": "Membro della commissione", 
            "end_date": null, 
            "n_absent_votations": 0, 
            "n_rebel_votations": 0, 
            "institution": 7, 
            "person": 23, 
            "end_reason": "", 
            "original_charge": 23, 
            "start_date": "2008-05-08"
        }
    }, 
    {
        "pk": 95, 
        "model": "people.institutioncharge", 
        "fields": {
            "op_charge_id": null, 
            "n_present_votations": 0, 
            "substituted_by": null, 
            "substitutes": null, 
            "description": "Membro della commissione", 
            "end_date": null, 
            "n_absent_votations": 0, 
            "n_rebel_votations": 0, 
            "institution": 7, 
            "person": 17, 
            "end_reason": "", 
            "original_charge": 17, 
            "start_date": "2008-05-08"
        }
    }, 
    {
        "pk": 96, 
        "model": "people.institutioncharge", 
        "fields": {
            "op_charge_id": null, 
            "n_present_votations": 0, 
            "substituted_by": null, 
            "substitutes": null, 
            "description": "Membro della commissione", 
            "end_date": null, 
            "n_absent_votations": 0, 
            "n_rebel_votations": 0, 
            "institution": 7, 
            "person": 12, 
            "end_reason": "", 
            "original_charge": 12, 
            "start_date": "2008-05-08"
        }
    }, 
    {
        "pk": 97, 
        "model": "people.institutioncharge", 
        "fields": {
            "op_charge_id": null, 
            "n_present_votations": 0, 
            "substituted_by": null, 
            "substitutes": null, 
            "description": "Membro della commissione", 
            "end_date": null, 
            "n_absent_votations": 0, 
            "n_rebel_votations": 0, 
            "institution": 8, 
            "person": 5, 
            "end_reason": "", 
            "original_charge": 5, 
            "start_date": "2008-05-08"
        }
    }, 
    {
        "pk": 98, 
        "model": "people.institutioncharge", 
        "fields": {
            "op_charge_id": null, 
            "n_present_votations": 0, 
            "substituted_by": null, 
            "substitutes": null, 
            "description": "Membro della commissione", 
            "end_date": null, 
            "n_absent_votations": 0, 
            "n_rebel_votations": 0, 
            "institution": 8, 
            "person": 32, 
            "end_reason": "", 
            "original_charge": 32, 
            "start_date": "2008-05-08"
        }
    }, 
    {
        "pk": 99, 
        "model": "people.institutioncharge", 
        "fields": {
            "op_charge_id": null, 
            "n_present_votations": 0, 
            "substituted_by": null, 
            "substitutes": null, 
            "description": "Membro della commissione", 
            "end_date": null, 
            "n_absent_votations": 0, 
            "n_rebel_votations": 0, 
            "institution": 8, 
            "person": 25, 
            "end_reason": "", 
            "original_charge": 25, 
            "start_date": "2008-05-08"
        }
    }, 
    {
        "pk": 100, 
        "model": "people.institutioncharge", 
        "fields": {
            "op_charge_id": null, 
            "n_present_votations": 0, 
            "substituted_by": null, 
            "substitutes": null, 
            "description": "Membro della commissione", 
            "end_date": null, 
            "n_absent_votations": 0, 
            "n_rebel_votations": 0, 
            "institution": 8, 
            "person": 22, 
            "end_reason": "", 
            "original_charge": 22, 
            "start_date": "2008-05-08"
        }
    }, 
    {
        "pk": 101, 
        "model": "people.institutioncharge", 
        "fields": {
            "op_charge_id": null, 
            "n_present_votations": 0, 
            "substituted_by": null, 
            "substitutes": null, 
            "description": "Membro della commissione", 
            "end_date": null, 
            "n_absent_votations": 0, 
            "n_rebel_votations": 0, 
            "institution": 8, 
            "person": 2, 
            "end_reason": "", 
            "original_charge": 2, 
            "start_date": "2008-05-08"
        }
    }, 
    {
        "pk": 102, 
        "model": "people.institutioncharge", 
        "fields": {
            "op_charge_id": null, 
            "n_present_votations": 0, 
            "substituted_by": null, 
            "substitutes": null, 
            "description": "Membro della commissione", 
            "end_date": null, 
            "n_absent_votations": 0, 
            "n_rebel_votations": 0, 
            "institution": 8, 
            "person": 26, 
            "end_reason": "", 
            "original_charge": 26, 
            "start_date": "2008-05-08"
        }
    }, 
    {
        "pk": 103, 
        "model": "people.institutioncharge", 
        "fields": {
            "op_charge_id": null, 
            "n_present_votations": 0, 
            "substituted_by": null, 
            "substitutes": null, 
            "description": "Membro della commissione", 
            "end_date": null, 
            "n_absent_votations": 0, 
            "n_rebel_votations": 0, 
            "institution": 8, 
            "person": 34, 
            "end_reason": "", 
            "original_charge": 34, 
            "start_date": "2008-05-08"
        }
    }, 
    {
        "pk": 104, 
        "model": "people.institutioncharge", 
        "fields": {
            "op_charge_id": null, 
            "n_present_votations": 0, 
            "substituted_by": null, 
            "substitutes": null, 
            "description": "Membro della commissione", 
            "end_date": null, 
            "n_absent_votations": 0, 
            "n_rebel_votations": 0, 
            "institution": 8, 
            "person": 3, 
            "end_reason": "", 
            "original_charge": 3, 
            "start_date": "2008-05-08"
        }
    }, 
    {
        "pk": 105, 
        "model": "people.institutioncharge", 
        "fields": {
            "op_charge_id": null, 
            "n_present_votations": 0, 
            "substituted_by": null, 
            "substitutes": null, 
            "description": "Membro della commissione", 
            "end_date": null, 
            "n_absent_votations": 0, 
            "n_rebel_votations": 0, 
            "institution": 8, 
            "person": 33, 
            "end_reason": "", 
            "original_charge": 33, 
            "start_date": "2008-05-08"
        }
    }, 
    {
        "pk": 106, 
        "model": "people.institutioncharge", 
        "fields": {
            "op_charge_id": null, 
            "n_present_votations": 0, 
            "substituted_by": null, 
            "substitutes": null, 
            "description": "Membro della commissione", 
            "end_date": null, 
            "n_absent_votations": 0, 
            "n_rebel_votations": 0, 
            "institution": 8, 
            "person": 17, 
            "end_reason": "", 
            "original_charge": 17, 
            "start_date": "2008-05-08"
        }
    }, 
    {
        "pk": 107, 
        "model": "people.institutioncharge", 
        "fields": {
            "op_charge_id": null, 
            "n_present_votations": 0, 
            "substituted_by": null, 
            "substitutes": null, 
            "description": "Membro della commissione", 
            "end_date": null, 
            "n_absent_votations": 0, 
            "n_rebel_votations": 0, 
            "institution": 8, 
            "person": 24, 
            "end_reason": "", 
            "original_charge": 24, 
            "start_date": "2008-05-08"
        }
    }, 
    {
        "pk": 108, 
        "model": "people.institutioncharge", 
        "fields": {
            "op_charge_id": null, 
            "n_present_votations": 0, 
            "substituted_by": null, 
            "substitutes": null, 
            "description": "Membro della commissione", 
            "end_date": null, 
            "n_absent_votations": 0, 
            "n_rebel_votations": 0, 
            "institution": 8, 
            "person": 9, 
            "end_reason": "", 
            "original_charge": 9, 
            "start_date": "2008-05-08"
        }
    }, 
    {
        "pk": 109, 
        "model": "people.institutioncharge", 
        "fields": {
            "op_charge_id": null, 
            "n_present_votations": 0, 
            "substituted_by": null, 
            "substitutes": null, 
            "description": "Membro della commissione", 
            "end_date": null, 
            "n_absent_votations": 0, 
            "n_rebel_votations": 0, 
            "institution": 9, 
            "person": 18, 
            "end_reason": "", 
            "original_charge": 18, 
            "start_date": "2008-05-08"
        }
    }, 
    {
        "pk": 110, 
        "model": "people.institutioncharge", 
        "fields": {
            "op_charge_id": null, 
            "n_present_votations": 0, 
            "substituted_by": null, 
            "substitutes": null, 
            "description": "Membro della commissione", 
            "end_date": null, 
            "n_absent_votations": 0, 
            "n_rebel_votations": 0, 
            "institution": 9, 
            "person": 4, 
            "end_reason": "", 
            "original_charge": 4, 
            "start_date": "2008-05-08"
        }
    }, 
    {
        "pk": 111, 
        "model": "people.institutioncharge", 
        "fields": {
            "op_charge_id": null, 
            "n_present_votations": 0, 
            "substituted_by": null, 
            "substitutes": null, 
            "description": "Membro della commissione", 
            "end_date": null, 
            "n_absent_votations": 0, 
            "n_rebel_votations": 0, 
            "institution": 9, 
            "person": 25, 
            "end_reason": "", 
            "original_charge": 25, 
            "start_date": "2008-05-08"
        }
    }, 
    {
        "pk": 112, 
        "model": "people.institutioncharge", 
        "fields": {
            "op_charge_id": null, 
            "n_present_votations": 0, 
            "substituted_by": null, 
            "substitutes": null, 
            "description": "Membro della commissione", 
            "end_date": null, 
            "n_absent_votations": 0, 
            "n_rebel_votations": 0, 
            "institution": 9, 
            "person": 31, 
            "end_reason": "", 
            "original_charge": 31, 
            "start_date": "2008-05-08"
        }
    }, 
    {
        "pk": 113, 
        "model": "people.institutioncharge", 
        "fields": {
            "op_charge_id": null, 
            "n_present_votations": 0, 
            "substituted_by": null, 
            "substitutes": null, 
            "description": "Membro della commissione", 
            "end_date": null, 
            "n_absent_votations": 0, 
            "n_rebel_votations": 0, 
            "institution": 9, 
            "person": 37, 
            "end_reason": "", 
            "original_charge": 37, 
            "start_date": "2008-05-08"
        }
    }, 
    {
        "pk": 114, 
        "model": "people.institutioncharge", 
        "fields": {
            "op_charge_id": null, 
            "n_present_votations": 0, 
            "substituted_by": null, 
            "substitutes": null, 
            "description": "Membro della commissione", 
            "end_date": null, 
            "n_absent_votations": 0, 
            "n_rebel_votations": 0, 
            "institution": 9, 
            "person": 35, 
            "end_reason": "", 
            "original_charge": 35, 
            "start_date": "2008-05-08"
        }
    }, 
    {
        "pk": 115, 
        "model": "people.institutioncharge", 
        "fields": {
            "op_charge_id": null, 
            "n_present_votations": 0, 
            "substituted_by": null, 
            "substitutes": null, 
            "description": "Membro della commissione", 
            "end_date": null, 
            "n_absent_votations": 0, 
            "n_rebel_votations": 0, 
            "institution": 9, 
            "person": 34, 
            "end_reason": "", 
            "original_charge": 34, 
            "start_date": "2008-05-08"
        }
    }, 
    {
        "pk": 116, 
        "model": "people.institutioncharge", 
        "fields": {
            "op_charge_id": null, 
            "n_present_votations": 0, 
            "substituted_by": null, 
            "substitutes": null, 
            "description": "Membro della commissione", 
            "end_date": null, 
            "n_absent_votations": 0, 
            "n_rebel_votations": 0, 
            "institution": 9, 
            "person": 3, 
            "end_reason": "", 
            "original_charge": 3, 
            "start_date": "2008-05-08"
        }
    }, 
    {
        "pk": 117, 
        "model": "people.institutioncharge", 
        "fields": {
            "op_charge_id": null, 
            "n_present_votations": 0, 
            "substituted_by": null, 
            "substitutes": null, 
            "description": "Membro della commissione", 
            "end_date": null, 
            "n_absent_votations": 0, 
            "n_rebel_votations": 0, 
            "institution": 9, 
            "person": 13, 
            "end_reason": "", 
            "original_charge": 13, 
            "start_date": "2008-05-08"
        }
    }, 
    {
        "pk": 118, 
        "model": "people.institutioncharge", 
        "fields": {
            "op_charge_id": null, 
            "n_present_votations": 0, 
            "substituted_by": null, 
            "substitutes": null, 
            "description": "Membro della commissione", 
            "end_date": null, 
            "n_absent_votations": 0, 
            "n_rebel_votations": 0, 
            "institution": 9, 
            "person": 17, 
            "end_reason": "", 
            "original_charge": 17, 
            "start_date": "2008-05-08"
        }
    }, 
    {
        "pk": 119, 
        "model": "people.institutioncharge", 
        "fields": {
            "op_charge_id": null, 
            "n_present_votations": 0, 
            "substituted_by": null, 
            "substitutes": null, 
            "description": "Membro della commissione", 
            "end_date": null, 
            "n_absent_votations": 0, 
            "n_rebel_votations": 0, 
            "institution": 9, 
            "person": 24, 
            "end_reason": "", 
            "original_charge": 24, 
            "start_date": "2008-05-08"
        }
    }, 
    {
        "pk": 120, 
        "model": "people.institutioncharge", 
        "fields": {
            "op_charge_id": null, 
            "n_present_votations": 0, 
            "substituted_by": null, 
            "substitutes": null, 
            "description": "Membro della commissione", 
            "end_date": null, 
            "n_absent_votations": 0, 
            "n_rebel_votations": 0, 
            "institution": 9, 
            "person": 9, 
            "end_reason": "", 
            "original_charge": 9, 
            "start_date": "2008-05-08"
        }
    }, 
    {
        "pk": 1, 
        "model": "people.institutionresponsability", 
        "fields": {
            "charge_type": "PRESIDENT", 
            "charge": 3, 
            "start_date": "2008-05-08", 
            "end_date": null, 
            "description": "Presidente del Consiglio Comunale"
        }
    }, 
    {
        "pk": 2, 
        "model": "people.institutionresponsability", 
        "fields": {
            "charge_type": "VICE", 
            "charge": 5, 
            "start_date": "2008-05-08", 
            "end_date": null, 
            "description": "Vicepresidente del Consiglio Comunale"
        }
    }, 
    {
        "pk": 3, 
        "model": "people.institutionresponsability", 
        "fields": {
            "charge_type": "VICE", 
            "charge": 49, 
            "start_date": "2008-05-08", 
            "end_date": null, 
            "description": "Vicepresidente"
        }
    }, 
    {
        "pk": 4, 
        "model": "people.institutionresponsability", 
        "fields": {
            "charge_type": "PRESIDENT", 
            "charge": 53, 
            "start_date": "2008-05-08", 
            "end_date": null, 
            "description": "Presidente"
        }
    }, 
    {
        "pk": 5, 
        "model": "people.institutionresponsability", 
        "fields": {
            "charge_type": "VICE", 
            "charge": 70, 
            "start_date": "2008-05-08", 
            "end_date": null, 
            "description": "Vicepresidente"
        }
    }, 
    {
        "pk": 6, 
        "model": "people.institutionresponsability", 
        "fields": {
            "charge_type": "VICE", 
            "charge": 84, 
            "start_date": "2008-05-08", 
            "end_date": null, 
            "description": "Vicepresidente"
        }
    }, 
    {
        "pk": 7, 
        "model": "people.institutionresponsability", 
        "fields": {
            "charge_type": "VICE", 
            "charge": 93, 
            "start_date": "2008-05-08", 
            "end_date": null, 
            "description": "Vicepresidente"
        }
    }, 
    {
        "pk": 8, 
        "model": "people.institutionresponsability", 
        "fields": {
            "charge_type": "PRESIDENT", 
            "charge": 105, 
            "start_date": "2008-05-08", 
            "end_date": null, 
            "description": "Presidente"
        }
    }, 
    {
        "pk": 9, 
        "model": "people.institutionresponsability", 
        "fields": {
            "charge_type": "VICE", 
            "charge": 106, 
            "start_date": "2008-05-08", 
            "end_date": null, 
            "description": "Vicepresidente"
        }
    }, 
    {
        "pk": 10, 
        "model": "people.institutionresponsability", 
        "fields": {
            "charge_type": "PRESIDENT", 
            "charge": 113, 
            "start_date": "2008-05-08", 
            "end_date": null, 
            "description": "Presidente"
        }
    }, 
    {
        "pk": 11, 
        "model": "people.institutionresponsability", 
        "fields": {
            "charge_type": "VICE", 
            "charge": 118, 
            "start_date": "2008-05-08", 
            "end_date": null, 
            "description": "Vicepresidente"
        }
    }, 
    {
        "pk": 1, 
        "model": "people.group", 
        "fields": {
            "acronym": "PD", 
            "name": "Partito democratico"
        }
    }, 
    {
        "pk": 2, 
        "model": "people.group", 
        "fields": {
            "acronym": "PDL", 
            "name": "Popolo delle Libert\u00e0"
        }
    }, 
    {
        "pk": 3, 
        "model": "people.group", 
        "fields": {
            "acronym": "IBC", 
            "name": "Il bene comune"
        }
    }, 
    {
        "pk": 4, 
        "model": "people.group", 
        "fields": {
            "acronym": "LF", 
            "name": "Lista futura"
        }
    }, 
    {
        "pk": 5, 
        "model": "people.group", 
        "fields": {
            "acronym": "RCIV", 
            "name": "Raggruppamento civico"
        }
    }, 
    {
        "pk": 6, 
        "model": "people.group", 
        "fields": {
            "acronym": "NBT", 
            "name": "Nostalgia dei bei tempi"
        }
    }, 
    {
        "pk": 7, 
        "model": "people.group", 
        "fields": {
            "acronym": "GM", 
            "name": "Gruppo misto"
        }
    }, 
    {
        "pk": 1, 
        "model": "people.groupcharge", 
        "fields": {
            "group": 2, 
            "end_date": null, 
            "start_date": "2008-05-08", 
            "charge": 2, 
            "end_reason": "", 
            "charge_description": ""
        }
    }, 
    {
        "pk": 2, 
        "model": "people.groupcharge", 
        "fields": {
            "group": 2, 
            "end_date": null, 
            "start_date": "2008-05-08", 
            "charge": 3, 
            "end_reason": "", 
            "charge_description": ""
        }
    }, 
    {
        "pk": 3, 
        "model": "people.groupcharge", 
        "fields": {
            "group": 1, 
            "end_date": null, 
            "start_date": "2008-05-08", 
            "charge": 4, 
            "end_reason": "", 
            "charge_description": ""
        }
    }, 
    {
        "pk": 4, 
        "model": "people.groupcharge", 
        "fields": {
            "group": 1, 
            "end_date": null, 
            "start_date": "2008-05-08", 
            "charge": 5, 
            "end_reason": "", 
            "charge_description": ""
        }
    }, 
    {
        "pk": 5, 
        "model": "people.groupcharge", 
        "fields": {
            "group": 7, 
            "end_date": null, 
            "start_date": "2008-05-08", 
            "charge": 6, 
            "end_reason": "", 
            "charge_description": ""
        }
    }, 
    {
        "pk": 6, 
        "model": "people.groupcharge", 
        "fields": {
            "group": 4, 
            "end_date": null, 
            "start_date": "2008-05-08", 
            "charge": 7, 
            "end_reason": "", 
            "charge_description": ""
        }
    }, 
    {
        "pk": 7, 
        "model": "people.groupcharge", 
        "fields": {
            "group": 1, 
            "end_date": null, 
            "start_date": "2008-05-08", 
            "charge": 8, 
            "end_reason": "", 
            "charge_description": ""
        }
    }, 
    {
        "pk": 8, 
        "model": "people.groupcharge", 
        "fields": {
            "group": 7, 
            "end_date": null, 
            "start_date": "2008-05-08", 
            "charge": 9, 
            "end_reason": "", 
            "charge_description": ""
        }
    }, 
    {
        "pk": 9, 
        "model": "people.groupcharge", 
        "fields": {
            "group": 4, 
            "end_date": null, 
            "start_date": "2008-05-08", 
            "charge": 10, 
            "end_reason": "", 
            "charge_description": ""
        }
    }, 
    {
        "pk": 10, 
        "model": "people.groupcharge", 
        "fields": {
            "group": 2, 
            "end_date": null, 
            "start_date": "2008-05-08", 
            "charge": 11, 
            "end_reason": "", 
            "charge_description": ""
        }
    }, 
    {
        "pk": 11, 
        "model": "people.groupcharge", 
        "fields": {
            "group": 7, 
            "end_date": null, 
            "start_date": "2008-05-08", 
            "charge": 12, 
            "end_reason": "", 
            "charge_description": ""
        }
    }, 
    {
        "pk": 12, 
        "model": "people.groupcharge", 
        "fields": {
            "group": 3, 
            "end_date": null, 
            "start_date": "2008-05-08", 
            "charge": 13, 
            "end_reason": "", 
            "charge_description": ""
        }
    }, 
    {
        "pk": 13, 
        "model": "people.groupcharge", 
        "fields": {
            "group": 3, 
            "end_date": null, 
            "start_date": "2008-05-08", 
            "charge": 14, 
            "end_reason": "", 
            "charge_description": ""
        }
    }, 
    {
        "pk": 14, 
        "model": "people.groupcharge", 
        "fields": {
            "group": 2, 
            "end_date": null, 
            "start_date": "2008-05-08", 
            "charge": 15, 
            "end_reason": "", 
            "charge_description": ""
        }
    }, 
    {
        "pk": 15, 
        "model": "people.groupcharge", 
        "fields": {
            "group": 2, 
            "end_date": null, 
            "start_date": "2008-05-08", 
            "charge": 16, 
            "end_reason": "", 
            "charge_description": ""
        }
    }, 
    {
        "pk": 16, 
        "model": "people.groupcharge", 
        "fields": {
            "group": 4, 
            "end_date": null, 
            "start_date": "2008-05-08", 
            "charge": 17, 
            "end_reason": "", 
            "charge_description": ""
        }
    }, 
    {
        "pk": 17, 
        "model": "people.groupcharge", 
        "fields": {
            "group": 1, 
            "end_date": null, 
            "start_date": "2008-05-08", 
            "charge": 18, 
            "end_reason": "", 
            "charge_description": ""
        }
    }, 
    {
        "pk": 18, 
        "model": "people.groupcharge", 
        "fields": {
            "group": 6, 
            "end_date": null, 
            "start_date": "2008-05-08", 
            "charge": 19, 
            "end_reason": "", 
            "charge_description": ""
        }
    }, 
    {
        "pk": 19, 
        "model": "people.groupcharge", 
        "fields": {
            "group": 5, 
            "end_date": null, 
            "start_date": "2008-05-08", 
            "charge": 20, 
            "end_reason": "", 
            "charge_description": ""
        }
    }, 
    {
        "pk": 20, 
        "model": "people.groupcharge", 
        "fields": {
            "group": 1, 
            "end_date": null, 
            "start_date": "2008-05-08", 
            "charge": 21, 
            "end_reason": "", 
            "charge_description": ""
        }
    }, 
    {
        "pk": 21, 
        "model": "people.groupcharge", 
        "fields": {
            "group": 1, 
            "end_date": null, 
            "start_date": "2008-05-08", 
            "charge": 22, 
            "end_reason": "", 
            "charge_description": ""
        }
    }, 
    {
        "pk": 22, 
        "model": "people.groupcharge", 
        "fields": {
            "group": 4, 
            "end_date": null, 
            "start_date": "2008-05-08", 
            "charge": 23, 
            "end_reason": "", 
            "charge_description": ""
        }
    }, 
    {
        "pk": 23, 
        "model": "people.groupcharge", 
        "fields": {
            "group": 4, 
            "end_date": null, 
            "start_date": "2008-05-08", 
            "charge": 24, 
            "end_reason": "", 
            "charge_description": ""
        }
    }, 
    {
        "pk": 24, 
        "model": "people.groupcharge", 
        "fields": {
            "group": 1, 
            "end_date": null, 
            "start_date": "2008-05-08", 
            "charge": 25, 
            "end_reason": "", 
            "charge_description": ""
        }
    }, 
    {
        "pk": 25, 
        "model": "people.groupcharge", 
        "fields": {
            "group": 2, 
            "end_date": null, 
            "start_date": "2008-05-08", 
            "charge": 26, 
            "end_reason": "", 
            "charge_description": ""
        }
    }, 
    {
        "pk": 26, 
        "model": "people.groupcharge", 
        "fields": {
            "group": 1, 
            "end_date": null, 
            "start_date": "2008-05-08", 
            "charge": 27, 
            "end_reason": "", 
            "charge_description": ""
        }
    }, 
    {
        "pk": 27, 
        "model": "people.groupcharge", 
        "fields": {
            "group": 2, 
            "end_date": null, 
            "start_date": "2008-05-08", 
            "charge": 28, 
            "end_reason": "", 
            "charge_description": ""
        }
    }, 
    {
        "pk": 28, 
        "model": "people.groupcharge", 
        "fields": {
            "group": 2, 
            "end_date": null, 
            "start_date": "2008-05-08", 
            "charge": 29, 
            "end_reason": "", 
            "charge_description": ""
        }
    }, 
    {
        "pk": 29, 
        "model": "people.groupcharge", 
        "fields": {
            "group": 1, 
            "end_date": null, 
            "start_date": "2008-05-08", 
            "charge": 30, 
            "end_reason": "", 
            "charge_description": ""
        }
    }, 
    {
        "pk": 30, 
        "model": "people.groupcharge", 
        "fields": {
            "group": 1, 
            "end_date": null, 
            "start_date": "2008-05-08", 
            "charge": 31, 
            "end_reason": "", 
            "charge_description": ""
        }
    }, 
    {
        "pk": 31, 
        "model": "people.groupcharge", 
        "fields": {
            "group": 1, 
            "end_date": null, 
            "start_date": "2008-05-08", 
            "charge": 32, 
            "end_reason": "", 
            "charge_description": ""
        }
    }, 
    {
        "pk": 32, 
        "model": "people.groupcharge", 
        "fields": {
            "group": 3, 
            "end_date": null, 
            "start_date": "2008-05-08", 
            "charge": 33, 
            "end_reason": "", 
            "charge_description": ""
        }
    }, 
    {
        "pk": 33, 
        "model": "people.groupcharge", 
        "fields": {
            "group": 2, 
            "end_date": null, 
            "start_date": "2008-05-08", 
            "charge": 34, 
            "end_reason": "", 
            "charge_description": ""
        }
    }, 
    {
        "pk": 34, 
        "model": "people.groupcharge", 
        "fields": {
            "group": 2, 
            "end_date": null, 
            "start_date": "2008-05-08", 
            "charge": 35, 
            "end_reason": "", 
            "charge_description": ""
        }
    }, 
    {
        "pk": 35, 
        "model": "people.groupcharge", 
        "fields": {
            "group": 2, 
            "end_date": null, 
            "start_date": "2008-05-08", 
            "charge": 36, 
            "end_reason": "", 
            "charge_description": ""
        }
    }, 
    {
        "pk": 36, 
        "model": "people.groupcharge", 
        "fields": {
            "group": 2, 
            "end_date": null, 
            "start_date": "2008-05-08", 
            "charge": 37, 
            "end_reason": "", 
            "charge_description": ""
        }
    }, 
    {
        "pk": 37, 
        "model": "people.groupcharge", 
        "fields": {
            "group": 2, 
            "end_date": null, 
            "start_date": "2008-05-08", 
            "charge": 38, 
            "end_reason": "", 
            "charge_description": ""
        }
    }, 
    {
        "pk": 38, 
        "model": "people.groupcharge", 
        "fields": {
            "group": 1, 
            "end_date": null, 
            "start_date": "2008-05-08", 
            "charge": 39, 
            "end_reason": "", 
            "charge_description": ""
        }
    }, 
    {
        "pk": 39, 
        "model": "people.groupcharge", 
        "fields": {
            "group": 2, 
            "end_date": null, 
            "start_date": "2008-05-08", 
            "charge": 40, 
            "end_reason": "", 
            "charge_description": ""
        }
    }, 
    {
        "pk": 40, 
        "model": "people.groupcharge", 
        "fields": {
            "group": 1, 
            "end_date": null, 
            "start_date": "2008-05-08", 
            "charge": 41, 
            "end_reason": "", 
            "charge_description": ""
        }
    }, 
    {
        "pk": 1, 
        "model": "people.groupresponsability", 
        "fields": {
            "charge_type": "LEADER", 
            "charge": 1, 
            "start_date": "2008-05-08", 
            "end_date": null, 
            "description": "Capogruppo"
        }
    }, 
    {
        "pk": 2, 
        "model": "people.groupresponsability", 
        "fields": {
            "charge_type": "LEADER", 
            "charge": 3, 
            "start_date": "2008-05-08", 
            "end_date": null, 
            "description": "Capogruppo"
        }
    }, 
    {
        "pk": 3, 
        "model": "people.groupresponsability", 
        "fields": {
            "charge_type": "LEADER", 
            "charge": 5, 
            "start_date": "2008-05-08", 
            "end_date": null, 
            "description": "Capogruppo"
        }
    }, 
    {
        "pk": 4, 
        "model": "people.groupresponsability", 
        "fields": {
            "charge_type": "LEADER", 
            "charge": 6, 
            "start_date": "2008-05-08", 
            "end_date": null, 
            "description": "Capogruppo"
        }
    }, 
    {
        "pk": 5, 
        "model": "people.groupresponsability", 
        "fields": {
            "charge_type": "LEADER", 
            "charge": 12, 
            "start_date": "2008-05-08", 
            "end_date": null, 
            "description": "Capogruppo"
        }
    }, 
    {
        "pk": 6, 
        "model": "people.groupresponsability", 
        "fields": {
            "charge_type": "LEADER", 
            "charge": 18, 
            "start_date": "2008-05-08", 
            "end_date": null, 
            "description": "Capogruppo"
        }
    }, 
    {
        "pk": 7, 
        "model": "people.groupresponsability", 
        "fields": {
            "charge_type": "LEADER", 
            "charge": 19, 
            "start_date": "2008-05-08", 
            "end_date": null, 
            "description": "Capogruppo"
        }
    }, 
    {
        "pk": 1, 
        "model": "people.groupismajority", 
        "fields": {
            "group": 1, 
            "is_majority": false, 
            "end_date": null, 
            "start_date": "2008-05-08"
        }
    }, 
    {
        "pk": 2, 
        "model": "people.groupismajority", 
        "fields": {
            "group": 2, 
            "is_majority": true, 
            "end_date": null, 
            "start_date": "2008-05-08"
        }
    }, 
    {
        "pk": 3, 
        "model": "people.groupismajority", 
        "fields": {
            "group": 3, 
            "is_majority": false, 
            "end_date": null, 
            "start_date": "2008-05-08"
        }
    }, 
    {
        "pk": 4, 
        "model": "people.groupismajority", 
        "fields": {
            "group": 4, 
            "is_majority": true, 
            "end_date": null, 
            "start_date": "2008-05-08"
        }
    }, 
    {
        "pk": 5, 
        "model": "people.groupismajority", 
        "fields": {
            "group": 5, 
            "is_majority": true, 
            "end_date": null, 
            "start_date": "2008-05-08"
        }
    }, 
    {
        "pk": 6, 
        "model": "people.groupismajority", 
        "fields": {
            "group": 6, 
            "is_majority": false, 
            "end_date": null, 
            "start_date": "2008-05-08"
        }
    }, 
    {
        "pk": 7, 
        "model": "people.groupismajority", 
        "fields": {
            "group": 7, 
            "is_majority": null, 
            "end_date": null, 
            "start_date": "2008-05-08"
        }
    }, 
    {
        "pk": 1, 
        "model": "people.institution", 
        "fields": {
            "institution_type": 1, 
            "description": "Descrizione dell'istituzione ufficio del sindaco", 
            "name": "Sindaco", 
            "parent": null, 
            "slug": "sindaco"
        }
    }, 
    {
        "pk": 2, 
        "model": "people.institution", 
        "fields": {
            "institution_type": 2, 
            "description": "Descrizione dell'istituzione Giunta", 
            "name": "Giunta comunale", 
            "parent": 1, 
            "slug": "giunta-comunale"
        }
    }, 
    {
        "pk": 3, 
        "model": "people.institution", 
        "fields": {
            "institution_type": 3, 
            "description": "Descrizione dell'istituzione Consiglio", 
            "name": "Consiglio comunale", 
            "parent": 1, 
            "slug": "consiglio-comunale"
        }
    }, 
    {
        "pk": 4, 
        "model": "people.institution", 
        "fields": {
            "institution_type": 4, 
            "description": "Bilancio e programmazione", 
            "name": "1^ commissione", 
            "parent": 3, 
            "slug": "1-commissione"
        }
    }, 
    {
        "pk": 5, 
        "model": "people.institution", 
        "fields": {
            "institution_type": 4, 
            "description": "Urbanistica, Infrastrutture e Lavori pubblici", 
            "name": "2^ commissione", 
            "parent": 3, 
            "slug": "2-commissione"
        }
    }, 
    {
        "pk": 6, 
        "model": "people.institution", 
        "fields": {
            "institution_type": 4, 
            "description": "Citt\u00e0 sostenibile (Ambiente, Mobilit\u00e0, Energia, Trasporto pubblico),frazioni, attivit\u00e0 produttive, sport", 
            "name": "3^ commissione", 
            "parent": 3, 
            "slug": "3-commissione"
        }
    }, 
    {
        "pk": 7, 
        "model": "people.institution", 
        "fields": {
            "institution_type": 4, 
            "description": "Servizi alla Persona, Pubblica Istruzione e Politiche Giovanili", 
            "name": "4^ commissione", 
            "parent": 3, 
            "slug": "4-commissione"
        }
    }, 
    {
        "pk": 8, 
        "model": "people.institution", 
        "fields": {
            "institution_type": 4, 
            "description": "Cultura, Promozione e Turismo", 
            "name": "5^ commissione", 
            "parent": 3, 
            "slug": "5-commissione"
        }
    }, 
    {
        "pk": 9, 
        "model": "people.institution", 
        "fields": {
            "institution_type": 4, 
            "description": "Risorse Finanziarie e Patrimonio", 
            "name": "6^ commissione", 
            "parent": 3, 
            "slug": "6-commissione"
        }
    }
]