[
    {
        "pk": 1, 
        "model": "people.person", 
        "fields": {
            "first_name": "Furio", 
            "last_name": "Honsell", 
            "birth_location": "Genova(GE)", 
            "op_politician_id": null, 
            "sex": 1, 
            "birth_date": "1958-08-20", 
            "slug": "furio-honsell-1958-08-20"
        }
    }, 
    {
        "pk": 2, 
        "model": "people.person", 
        "fields": {
            "first_name": "Vincenzo", 
            "last_name": "Matines", 
            "birth_location": "Trieste (TS)", 
            "op_politician_id": null, 
            "sex": 1, 
            "birth_date": "1964-04-28", 
            "slug": "vincenzo-martines-1964-04-28"
        }
    }, 
    {
        "pk": 3, 
        "model": "people.person", 
        "fields": {
            "first_name": "Paolo", 
            "last_name": "Coppola", 
            "birth_location": "Roma", 
            "op_politician_id": null, 
            "sex": 1, 
            "birth_date": "1973-11-04", 
            "slug": "paolo-coppola-1973-11-04"
        }
    }, 
    {
        "pk": 4, 
        "model": "people.person", 
        "fields": {
            "first_name": "Antonio", 
            "last_name": "Corrias", 
            "birth_location": "Tarcento (UD)", 
            "op_politician_id": null, 
            "sex": 1, 
            "birth_date": "1952-06-18", 
            "slug": "antonio-corrias-1952-06-18"
        }
    }, 
    {
        "pk": 5, 
        "model": "people.person", 
        "fields": {
            "first_name": "Lorenzo", 
            "last_name": "Croattini", 
            "birth_location": "Udine (UD)", 
            "op_politician_id": null, 
            "sex": 1, 
            "birth_date": "1957-08-31", 
            "slug": "lorenzo-croattini-1957-08-31"
        }
    }, 
    {
        "pk": 6, 
        "model": "people.person", 
        "fields": {
            "first_name": "Enrico", 
            "last_name": "D'Este", 
            "birth_location": "Udine (UD)", 
            "op_politician_id": null, 
            "sex": 1, 
            "birth_date": "1947-02-03", 
            "slug": "enrico-deste-1947-02-03"
        }
    }, 
    {
        "pk": 7, 
        "model": "people.person", 
        "fields": {
            "first_name": "Kristian", 
            "last_name": "Franzil", 
            "birth_location": "Udine (UD)", 
            "op_politician_id": null, 
            "sex": 1, 
            "birth_date": "1974-10-17", 
            "slug": "kristian-franzil-1974-10-17"
        }
    }, 
    {
        "pk": 8, 
        "model": "people.person", 
        "fields": {
            "first_name": "Gianna", 
            "last_name": "Malisani", 
            "birth_location": "Udine (UD)", 
            "op_politician_id": null, 
            "sex": 0, 
            "birth_date": "1954-02-07", 
            "slug": "gianna-malisani-1954-02-07"
        }
    }, 
    {
        "pk": 9, 
        "model": "people.person", 
        "fields": {
            "first_name": "Enrico", 
            "last_name": "Pizza", 
            "birth_location": "Napoli (NA)", 
            "op_politician_id": null, 
            "sex": 1, 
            "birth_date": "1968-01-31", 
            "slug": "enrico-pizza-1968-01-31"
        }
    }, 
    {
        "pk": 10, 
        "model": "people.person", 
        "fields": {
            "first_name": "Luigi", 
            "last_name": "Reitani", 
            "birth_location": "Foggia (FG)", 
            "op_politician_id": null, 
            "sex": 1, 
            "birth_date": "1959-07-18", 
            "slug": "luigi-reitani-1959-07-18"
        }
    }, 
    {
        "pk": 11, 
        "model": "people.person", 
        "fields": {
            "first_name": "Mariagrazia", 
            "last_name": "Santoro", 
            "birth_location": "Udine (UD)", 
            "op_politician_id": null, 
            "sex": 0, 
            "birth_date": "1963-02-02", 
            "slug": "mariagrazia-santoro-1963-02-02"
        }
    }, 
    {
        "pk": 12, 
        "model": "people.person", 
        "fields": {
            "first_name": "Daniele", 
            "last_name": "Cortolezzis", 
            "birth_location": "Udine (UD)", 
            "op_politician_id": null, 
            "sex": 1, 
            "birth_date": "1960-12-09", 
            "slug": "daniele-cortolezzis-1960-12-09"
        }
    }, 
    {
        "pk": 13, 
        "model": "people.person", 
        "fields": {
            "first_name": "Fabrizio", 
            "last_name": "Anzolini", 
            "birth_location": "Cividale Del Friuli (UD)", 
            "op_politician_id": null, 
            "sex": 1, 
            "birth_date": "1983-07-21", 
            "slug": "fabrizio-anzolini-1983-07-21"
        }
    }, 
    {
        "pk": 14, 
        "model": "people.person", 
        "fields": {
            "first_name": "Stefano", 
            "last_name": "Arpino", 
            "birth_location": "Udine (UD)", 
            "op_politician_id": null, 
            "sex": 1, 
            "birth_date": "1977-11-12", 
            "slug": "stefano-arpino-1977-11-12"
        }
    }, 
    {
        "pk": 15, 
        "model": "people.person", 
        "fields": {
            "first_name": "Mara", 
            "last_name": "Barbiera", 
            "birth_location": "Udine (UD)", 
            "op_politician_id": null, 
            "sex": 0, 
            "birth_date": "1973-01-16", 
            "slug": "mara-barbiera-1973-01-16"
        }
    }, 
    {
        "pk": 16, 
        "model": "people.person", 
        "fields": {
            "first_name": "Giovanni", 
            "last_name": "Barillari", 
            "birth_location": "Udine (UD)", 
            "op_politician_id": null, 
            "sex": 1, 
            "birth_date": "1966-02-02", 
            "slug": "giovanni-barillari-1966-02-02"
        }
    }, 
    {
        "pk": 17, 
        "model": "people.person", 
        "fields": {
            "first_name": "Enrico", 
            "last_name": "Berti", 
            "birth_location": "Portogruaro (VE)", 
            "op_politician_id": null, 
            "sex": 1, 
            "birth_date": "1964-07-06", 
            "slug": "enrico-berti-1964-07-06"
        }
    }, 
    {
        "pk": 18, 
        "model": "people.person", 
        "fields": {
            "first_name": "Piergiorgio", 
            "last_name": "Bertoli", 
            "birth_location": "Udine (UD)", 
            "op_politician_id": null, 
            "sex": 1, 
            "birth_date": "1959-10-22", 
            "slug": "piergiorgio-bertoli-1959-10-22"
        }
    }, 
    {
        "pk": 19, 
        "model": "people.person", 
        "fields": {
            "first_name": "Alberto", 
            "last_name": "Bertossi", 
            "birth_location": "Udine (UD)", 
            "op_politician_id": null, 
            "sex": 1, 
            "birth_date": "1965-09-17", 
            "slug": "alberto-bertossi-1965-09-17"
        }
    }, 
    {
        "pk": 20, 
        "model": "people.person", 
        "fields": {
            "first_name": "Mirko", 
            "last_name": "Bortolin", 
            "birth_location": "Pordenone (PN)", 
            "op_politician_id": null, 
            "sex": 1, 
            "birth_date": "1972-10-13", 
            "slug": "mirko-bortolin-1972-10-13"
        }
    }, 
    {
        "pk": 22, 
        "model": "people.person", 
        "fields": {
            "first_name": "Mario Canciano", 
            "last_name": "Canciani", 
            "birth_location": "San Canzian D'isonzo (GO)", 
            "op_politician_id": null, 
            "sex": 1, 
            "birth_date": "1954-01-30", 
            "slug": "mario-canciano-canciani-1954-01-30"
        }
    }, 
    {
        "pk": 23, 
        "model": "people.person", 
        "fields": {
            "first_name": "Cinzia", 
            "last_name": "Del Torre", 
            "birth_location": "Udine (UD)", 
            "op_politician_id": null, 
            "sex": 0, 
            "birth_date": "1979-04-16", 
            "slug": "cinzia-del-torre-1979-04-16"
        }
    }, 
    {
        "pk": 24, 
        "model": "people.person", 
        "fields": {
            "first_name": "Franco", 
            "last_name": "Della Rossa", 
            "birth_location": "Udine (UD)", 
            "op_politician_id": null, 
            "sex": 1, 
            "birth_date": "1938-01-25", 
            "slug": "franco-della-rossa-1938-01-25"
        }
    }, 
    {
        "pk": 25, 
        "model": "people.person", 
        "fields": {
            "first_name": "Luca", 
            "last_name": "Dordolo", 
            "birth_location": "Udine (UD)", 
            "op_politician_id": null, 
            "sex": 1, 
            "birth_date": "1966-10-19", 
            "slug": "luca-dordolo-1966-10-19"
        }
    }, 
    {
        "pk": 26, 
        "model": "people.person", 
        "fields": {
            "first_name": "Chiara", 
            "last_name": "Franceschini", 
            "birth_location": "Udine (UD)", 
            "op_politician_id": null, 
            "sex": 0, 
            "birth_date": "1973-05-05", 
            "slug": "chiara-franceschini-1973-05-05"
        }
    }, 
    {
        "pk": 27, 
        "model": "people.person", 
        "fields": {
            "first_name": "Claudio", 
            "last_name": "Freschi", 
            "birth_location": "Udine (UD)", 
            "op_politician_id": null, 
            "sex": 1, 
            "birth_date": "1956-02-17", 
            "slug": "claudio-freschi-1956-02-17"
        }
    }, 
    {
        "pk": 28, 
        "model": "people.person", 
        "fields": {
            "first_name": "Claudio", 
            "last_name": "Galluzzo", 
            "birth_location": "Udine (UD)", 
            "op_politician_id": null, 
            "sex": 1, 
            "birth_date": "1960-06-15", 
            "slug": "claudio-galluzzo-1960-06-15"
        }
    }, 
    {
        "pk": 29, 
        "model": "people.person", 
        "fields": {
            "first_name": "Carlo", 
            "last_name": "Giacomello", 
            "birth_location": "Udine (UD)", 
            "op_politician_id": null, 
            "sex": 1, 
            "birth_date": "1961-08-09", 
            "slug": "carlo-giacomello-1961-08-09"
        }
    }, 
    {
        "pk": 30, 
        "model": "people.person", 
        "fields": {
            "first_name": "Agostino", 
            "last_name": "Maio", 
            "birth_location": "Udine (UD)", 
            "op_politician_id": null, 
            "sex": 1, 
            "birth_date": "1964-06-09", 
            "slug": "agostino-maio-1964-06-09"
        }
    }, 
    {
        "pk": 31, 
        "model": "people.person", 
        "fields": {
            "first_name": "Matteo", 
            "last_name": "Mansi", 
            "birth_location": "Monte Sant'angelo (FG)", 
            "op_politician_id": null, 
            "sex": 1, 
            "birth_date": "1954-06-25", 
            "slug": "matteo-mansi-1954-06-25"
        }
    }, 
    {
        "pk": 32, 
        "model": "people.person", 
        "fields": {
            "first_name": "Andrea", 
            "last_name": "Marino", 
            "birth_location": "Udine(UD)", 
            "op_politician_id": null, 
            "sex": 1, 
            "birth_date": "1964-11-14", 
            "slug": "andrea-marino-1964-11-14"
        }
    }, 
    {
        "pk": 33, 
        "model": "people.person", 
        "fields": {
            "first_name": "Maria", 
            "last_name": "Marion", 
            "birth_location": "Udine (UD)", 
            "op_politician_id": null, 
            "sex": 0, 
            "birth_date": "1954-05-23", 
            "slug": "maria-marion-1954-05-23"
        }
    }, 
    {
        "pk": 34, 
        "model": "people.person", 
        "fields": {
            "first_name": "Loris", 
            "last_name": "Michelini", 
            "birth_location": "Udine (UD)", 
            "op_politician_id": null, 
            "sex": 1, 
            "birth_date": "1961-09-25", 
            "slug": "loris-michelini-1961-09-25"
        }
    }, 
    {
        "pk": 35, 
        "model": "people.person", 
        "fields": {
            "first_name": "Antonella", 
            "last_name": "Nonino", 
            "birth_location": "Udine (UD)", 
            "op_politician_id": null, 
            "sex": 0, 
            "birth_date": "1977-08-31", 
            "slug": "antonella-nonino-1977-08-31"
        }
    }, 
    {
        "pk": 36, 
        "model": "people.person", 
        "fields": {
            "first_name": "Giovanni", 
            "last_name": "Ortis", 
            "birth_location": "Udine (UD)", 
            "op_politician_id": null, 
            "sex": 1, 
            "birth_date": "1956-11-23", 
            "slug": "giovanni-ortis-1956-11-23"
        }
    }, 
    {
        "pk": 37, 
        "model": "people.person", 
        "fields": {
            "first_name": "Luciana", 
            "last_name": "Perissinotto", 
            "birth_location": "Udine(UD)", 
            "op_politician_id": null, 
            "sex": 0, 
            "birth_date": "1954-09-21", 
            "slug": "luciana-perissinotto-1954-09-21"
        }
    }, 
    {
        "pk": 38, 
        "model": "people.person", 
        "fields": {
            "first_name": "Gianluca", 
            "last_name": "Perna", 
            "birth_location": "Udine (UD)", 
            "op_politician_id": null, 
            "sex": 1, 
            "birth_date": "1972-11-13", 
            "slug": "gianluca-perna-1972-11-13"
        }
    }, 
    {
        "pk": 39, 
        "model": "people.person", 
        "fields": {
            "first_name": "Federico Angelo", 
            "last_name": "Pirone", 
            "birth_location": "Udine (UD)", 
            "op_politician_id": null, 
            "sex": 1, 
            "birth_date": "1987-12-21", 
            "slug": "federico-angelo-pirone-1987-12-21"
        }
    }, 
    {
        "pk": 40, 
        "model": "people.person", 
        "fields": {
            "first_name": "Paolo", 
            "last_name": "Pizzocaro", 
            "birth_location": "Udine(UD)", 
            "op_politician_id": null, 
            "sex": 1, 
            "birth_date": "1954-05-04", 
            "slug": "paolo-pizzocaro-1954-05-04"
        }
    }, 
    {
        "pk": 41, 
        "model": "people.person", 
        "fields": {
            "first_name": "Renzo", 
            "last_name": "Pravisano", 
            "birth_location": "Tricesimo (UD)", 
            "op_politician_id": null, 
            "sex": 1, 
            "birth_date": "1943-01-20", 
            "slug": "renzo-pravisano-1943-01-20"
        }
    }, 
    {
        "pk": 42, 
        "model": "people.person", 
        "fields": {
            "first_name": "Orlanda", 
            "last_name": "Primus", 
            "birth_location": "Paluzza (UD)", 
            "op_politician_id": null, 
            "sex": 0, 
            "birth_date": "1942-11-15", 
            "slug": "orlanda-primus-1942-11-15"
        }
    }, 
    {
        "pk": 43, 
        "model": "people.person", 
        "fields": {
            "first_name": "Aldo", 
            "last_name": "Rinaldi", 
            "birth_location": "Pola (PL)", 
            "op_politician_id": null, 
            "sex": 1, 
            "birth_date": "1927-07-25", 
            "slug": "aldo-rinaldi-1927-07-25"
        }
    }, 
    {
        "pk": 44, 
        "model": "people.person", 
        "fields": {
            "first_name": "Claudio", 
            "last_name": "Romano", 
            "birth_location": "Villa Santina (UD)", 
            "op_politician_id": null, 
            "sex": 1, 
            "birth_date": "1942-05-19", 
            "slug": "claudio-romano-1942-05-19"
        }
    }, 
    {
        "pk": 45, 
        "model": "people.person", 
        "fields": {
            "first_name": "Pierenrico", 
            "last_name": "Scalettaris", 
            "birth_location": "Udine (UD)", 
            "op_politician_id": null, 
            "sex": 1, 
            "birth_date": "1983-11-03", 
            "slug": "pierenrico-scalettaris-1983-11-03"
        }
    }, 
    {
        "pk": 46, 
        "model": "people.person", 
        "fields": {
            "first_name": "Carmelo", 
            "last_name": "Spiga", 
            "birth_location": "Nuramis (CA)", 
            "op_politician_id": null, 
            "sex": 1, 
            "birth_date": "1946-07-29", 
            "slug": "carmelo-spiga-1946-07-29"
        }
    }, 
    {
        "pk": 47, 
        "model": "people.person", 
        "fields": {
            "first_name": "Gregorio", 
            "last_name": "Torretta", 
            "birth_location": "Palermo (PA)", 
            "op_politician_id": null, 
            "sex": 1, 
            "birth_date": "1952-04-23", 
            "slug": "gregorio-torretta-1952-04-23"
        }
    }, 
    {
        "pk": 48, 
        "model": "people.person", 
        "fields": {
            "first_name": "Alessandro", 
            "last_name": "Venanzi", 
            "birth_location": "Udine (UD)", 
            "op_politician_id": null, 
            "sex": 1, 
            "birth_date": "1981-10-16", 
            "slug": "alessandro-venanzi-1981-10-16"
        }
    }, 
    {
        "pk": 49, 
        "model": "people.person", 
        "fields": {
            "first_name": "Michele", 
            "last_name": "Vicario", 
            "birth_location": "Udine(UD)", 
            "op_politician_id": null, 
            "sex": 0, 
            "birth_date": "1953-11-20", 
            "slug": "michele-vicario-1953-11-20"
        }
    }, 
    {
        "pk": 50, 
        "model": "people.person", 
        "fields": {
            "first_name": "Natale", 
            "last_name": "Zaccuri", 
            "birth_location": "Motta San Giovanni (RC)", 
            "op_politician_id": null, 
            "sex": 1, 
            "birth_date": "1939-09-25", 
            "slug": "natale-zaccuri-1939-09-25"
        }
    }, 
    {
        "pk": 51, 
        "model": "people.person", 
        "fields": {
            "first_name": "Barbara", 
            "last_name": "Zel\u00e8", 
            "birth_location": "Udine (UD)", 
            "op_politician_id": null, 
            "sex": 0, 
            "birth_date": "1978-10-02", 
            "slug": "barbara-zele-1978-10-02"
        }
    }, 
    {
        "pk": 1, 
        "model": "people.institutionresource", 
        "fields": {
            "institution": 4, 
            "value": "Pietro Bianchi", 
            "resource_type": "PERSON", 
            "description": "Segreteria"
        }
    }, 
    {
        "pk": 2, 
        "model": "people.institutionresource", 
        "fields": {
            "institution": 4, 
            "value": "segreteria@commissione_bilancio.comune.it", 
            "resource_type": "EMAIL", 
            "description": "Mail ufficiale"
        }
    }, 
    {
        "pk": 3, 
        "model": "people.institutionresource", 
        "fields": {
            "institution": 4, 
            "value": "03499178467", 
            "resource_type": "PHONE", 
            "description": "Telefono"
        }
    }, 
    {
        "pk": 4, 
        "model": "people.institutionresource", 
        "fields": {
            "institution": 4, 
            "value": "0875176412", 
            "resource_type": "PHONE", 
            "description": "Fax"
        }
    }, 
    {
        "pk": 5, 
        "model": "people.institutionresource", 
        "fields": {
            "institution": 4, 
            "value": "http://www.guglielmo.com", 
            "resource_type": "URL", 
            "description": "Sito della commissione"
        }
    }, 
    {
        "pk": 1, 
        "model": "people.institutioncharge", 
        "fields": {
            "op_charge_id": null, 
            "n_present_votations": 0, 
            "substituted_by": null, 
            "substitutes": null, 
            "description": "Assessore ", 
            "end_date": null, 
            "n_absent_votations": 0, 
            "n_rebel_votations": 0, 
            "institution": 2, 
            "person": 1, 
            "end_reason": "", 
            "original_charge": null, 
            "start_date": "2008-04-29"
        }
    }, 
    {
        "pk": 2, 
        "model": "people.institutioncharge", 
        "fields": {
            "op_charge_id": null, 
            "n_present_votations": 0, 
            "substituted_by": null, 
            "substitutes": null, 
            "description": "Sindaco", 
            "end_date": null, 
            "n_absent_votations": 0, 
            "n_rebel_votations": 0, 
            "institution": 1, 
            "person": 1, 
            "end_reason": "", 
            "original_charge": null, 
            "start_date": "2008-04-29"
        }
    }, 
    {
        "pk": 3, 
        "model": "people.institutioncharge", 
        "fields": {
            "op_charge_id": null, 
            "n_present_votations": 0, 
            "substituted_by": null, 
            "substitutes": null, 
            "description": "Assessore Innovazione ed e-government", 
            "end_date": null, 
            "n_absent_votations": 0, 
            "n_rebel_votations": 0, 
            "institution": 2, 
            "person": 3, 
            "end_reason": "", 
            "original_charge": null, 
            "start_date": "2008-05-05"
        }
    }, 
    {
        "pk": 4, 
        "model": "people.institutioncharge", 
        "fields": {
            "op_charge_id": null, 
            "n_present_votations": 0, 
            "substituted_by": null, 
            "substitutes": null, 
            "description": "Assessore Salute ed Equit\u00e0 Sociale", 
            "end_date": null, 
            "n_absent_votations": 0, 
            "n_rebel_votations": 0, 
            "institution": 2, 
            "person": 4, 
            "end_reason": "", 
            "original_charge": null, 
            "start_date": "2009-07-10"
        }
    }, 
    {
        "pk": 5, 
        "model": "people.institutioncharge", 
        "fields": {
            "op_charge_id": null, 
            "n_present_votations": 0, 
            "substituted_by": null, 
            "substitutes": null, 
            "description": "Assessore Qualit\u00e0 della citt\u00e0", 
            "end_date": null, 
            "n_absent_votations": 0, 
            "n_rebel_votations": 0, 
            "institution": 2, 
            "person": 5, 
            "end_reason": "", 
            "original_charge": null, 
            "start_date": "2008-05-05"
        }
    }, 
    {
        "pk": 6, 
        "model": "people.institutioncharge", 
        "fields": {
            "op_charge_id": null, 
            "n_present_votations": 0, 
            "substituted_by": null, 
            "substitutes": null, 
            "description": "Assessore Personale e decentramento", 
            "end_date": null, 
            "n_absent_votations": 0, 
            "n_rebel_votations": 0, 
            "institution": 2, 
            "person": 6, 
            "end_reason": "", 
            "original_charge": null, 
            "start_date": "2012-01-23"
        }
    }, 
    {
        "pk": 7, 
        "model": "people.institutioncharge", 
        "fields": {
            "op_charge_id": null, 
            "n_present_votations": 0, 
            "substituted_by": null, 
            "substitutes": null, 
            "description": "Assessore Istruzione e Politiche Giovanili, Sport e Tempo Libero", 
            "end_date": null, 
            "n_absent_votations": 0, 
            "n_rebel_votations": 0, 
            "institution": 2, 
            "person": 7, 
            "end_reason": "", 
            "original_charge": null, 
            "start_date": "2008-05-05"
        }
    }, 
    {
        "pk": 8, 
        "model": "people.institutioncharge", 
        "fields": {
            "op_charge_id": null, 
            "n_present_votations": 0, 
            "substituted_by": null, 
            "substitutes": null, 
            "description": "Assessore Gestione Urbana\r\n", 
            "end_date": null, 
            "n_absent_votations": 0, 
            "n_rebel_votations": 0, 
            "institution": 2, 
            "person": 8, 
            "end_reason": "", 
            "original_charge": null, 
            "start_date": "2008-05-05"
        }
    }, 
    {
        "pk": 9, 
        "model": "people.institutioncharge", 
        "fields": {
            "op_charge_id": null, 
            "n_present_votations": 0, 
            "substituted_by": null, 
            "substitutes": null, 
            "description": "Assessore Attivit\u00e0 economiche", 
            "end_date": null, 
            "n_absent_votations": 0, 
            "n_rebel_votations": 0, 
            "institution": 2, 
            "person": 2, 
            "end_reason": "", 
            "original_charge": null, 
            "start_date": "2008-05-05"
        }
    }, 
    {
        "pk": 10, 
        "model": "people.institutioncharge", 
        "fields": {
            "op_charge_id": null, 
            "n_present_votations": 0, 
            "substituted_by": null, 
            "substitutes": null, 
            "description": "Assessore Mobilit\u00e0", 
            "end_date": null, 
            "n_absent_votations": 0, 
            "n_rebel_votations": 0, 
            "institution": 2, 
            "person": 9, 
            "end_reason": "", 
            "original_charge": null, 
            "start_date": "2008-05-05"
        }
    }, 
    {
        "pk": 11, 
        "model": "people.institutioncharge", 
        "fields": {
            "op_charge_id": null, 
            "n_present_votations": 0, 
            "substituted_by": null, 
            "substitutes": null, 
            "description": "Assessore Turismo e alla Cultura", 
            "end_date": null, 
            "n_absent_votations": 0, 
            "n_rebel_votations": 0, 
            "institution": 2, 
            "person": 10, 
            "end_reason": "", 
            "original_charge": null, 
            "start_date": "2008-05-08"
        }
    }, 
    {
        "pk": 12, 
        "model": "people.institutioncharge", 
        "fields": {
            "op_charge_id": null, 
            "n_present_votations": 0, 
            "substituted_by": null, 
            "substitutes": null, 
            "description": "Assessore Pianificazione territoriale", 
            "end_date": null, 
            "n_absent_votations": 0, 
            "n_rebel_votations": 0, 
            "institution": 2, 
            "person": 11, 
            "end_reason": "", 
            "original_charge": null, 
            "start_date": "2008-05-08"
        }
    }, 
    {
        "pk": 13, 
        "model": "people.institutioncharge", 
        "fields": {
            "op_charge_id": null, 
            "n_present_votations": 1, 
            "substituted_by": null, 
            "substitutes": null, 
            "description": "", 
            "end_date": null, 
            "n_absent_votations": 0, 
            "n_rebel_votations": 0, 
            "institution": 3, 
            "person": 12, 
            "end_reason": "", 
            "original_charge": null, 
            "start_date": "2008-04-29"
        }
    }, 
    {
        "pk": 14, 
        "model": "people.institutioncharge", 
        "fields": {
            "op_charge_id": null, 
            "n_present_votations": 9, 
            "substituted_by": null, 
            "substitutes": null, 
            "description": "", 
            "end_date": null, 
            "n_absent_votations": 1, 
            "n_rebel_votations": 4, 
            "institution": 3, 
            "person": 13, 
            "end_reason": "", 
            "original_charge": null, 
            "start_date": "2008-04-29"
        }
    }, 
    {
        "pk": 15, 
        "model": "people.institutioncharge", 
        "fields": {
            "op_charge_id": null, 
            "n_present_votations": 8, 
            "substituted_by": null, 
            "substitutes": null, 
            "description": "", 
            "end_date": null, 
            "n_absent_votations": 2, 
            "n_rebel_votations": 9, 
            "institution": 3, 
            "person": 14, 
            "end_reason": "", 
            "original_charge": null, 
            "start_date": "2008-04-29"
        }
    }, 
    {
        "pk": 16, 
        "model": "people.institutioncharge", 
        "fields": {
            "op_charge_id": null, 
            "n_present_votations": 10, 
            "substituted_by": null, 
            "substitutes": null, 
            "description": "", 
            "end_date": null, 
            "n_absent_votations": 0, 
            "n_rebel_votations": 0, 
            "institution": 3, 
            "person": 15, 
            "end_reason": "", 
            "original_charge": null, 
            "start_date": "2009-09-28"
        }
    }, 
    {
        "pk": 17, 
        "model": "people.institutioncharge", 
        "fields": {
            "op_charge_id": null, 
            "n_present_votations": 9, 
            "substituted_by": null, 
            "substitutes": null, 
            "description": "", 
            "end_date": null, 
            "n_absent_votations": 1, 
            "n_rebel_votations": 4, 
            "institution": 3, 
            "person": 16, 
            "end_reason": "", 
            "original_charge": null, 
            "start_date": "2008-04-29"
        }
    }, 
    {
        "pk": 18, 
        "model": "people.institutioncharge", 
        "fields": {
            "op_charge_id": null, 
            "n_present_votations": 10, 
            "substituted_by": null, 
            "substitutes": null, 
            "description": "", 
            "end_date": null, 
            "n_absent_votations": 0, 
            "n_rebel_votations": 6, 
            "institution": 3, 
            "person": 17, 
            "end_reason": "", 
            "original_charge": null, 
            "start_date": "2008-04-29"
        }
    }, 
    {
        "pk": 19, 
        "model": "people.institutioncharge", 
        "fields": {
            "op_charge_id": null, 
            "n_present_votations": 9, 
            "substituted_by": null, 
            "substitutes": null, 
            "description": "", 
            "end_date": null, 
            "n_absent_votations": 1, 
            "n_rebel_votations": 3, 
            "institution": 3, 
            "person": 18, 
            "end_reason": "", 
            "original_charge": null, 
            "start_date": "2008-04-29"
        }
    }, 
    {
        "pk": 20, 
        "model": "people.institutioncharge", 
        "fields": {
            "op_charge_id": null, 
            "n_present_votations": 10, 
            "substituted_by": null, 
            "substitutes": null, 
            "description": "", 
            "end_date": null, 
            "n_absent_votations": 0, 
            "n_rebel_votations": 0, 
            "institution": 3, 
            "person": 19, 
            "end_reason": "", 
            "original_charge": null, 
            "start_date": "2008-04-29"
        }
    }, 
    {
        "pk": 21, 
        "model": "people.institutioncharge", 
        "fields": {
            "op_charge_id": null, 
            "n_present_votations": 10, 
            "substituted_by": null, 
            "substitutes": null, 
            "description": "", 
            "end_date": null, 
            "n_absent_votations": 0, 
            "n_rebel_votations": 5, 
            "institution": 3, 
            "person": 20, 
            "end_reason": "", 
            "original_charge": null, 
            "start_date": "2009-11-30"
        }
    }, 
    {
        "pk": 23, 
        "model": "people.institutioncharge", 
        "fields": {
            "op_charge_id": null, 
            "n_present_votations": 10, 
            "substituted_by": null, 
            "substitutes": null, 
            "description": "", 
            "end_date": null, 
            "n_absent_votations": 0, 
            "n_rebel_votations": 5, 
            "institution": 3, 
            "person": 22, 
            "end_reason": "", 
            "original_charge": null, 
            "start_date": "2008-04-29"
        }
    }, 
    {
        "pk": 24, 
        "model": "people.institutioncharge", 
        "fields": {
            "op_charge_id": null, 
            "n_present_votations": 10, 
            "substituted_by": null, 
            "substitutes": null, 
            "description": "", 
            "end_date": null, 
            "n_absent_votations": 0, 
            "n_rebel_votations": 4, 
            "institution": 3, 
            "person": 5, 
            "end_reason": "", 
            "original_charge": null, 
            "start_date": "2008-04-29"
        }
    }, 
    {
        "pk": 25, 
        "model": "people.institutioncharge", 
        "fields": {
            "op_charge_id": null, 
            "n_present_votations": 9, 
            "substituted_by": null, 
            "substitutes": null, 
            "description": "", 
            "end_date": null, 
            "n_absent_votations": 1, 
            "n_rebel_votations": 3, 
            "institution": 3, 
            "person": 23, 
            "end_reason": "", 
            "original_charge": null, 
            "start_date": "2008-04-29"
        }
    }, 
    {
        "pk": 26, 
        "model": "people.institutioncharge", 
        "fields": {
            "op_charge_id": null, 
            "n_present_votations": 10, 
            "substituted_by": null, 
            "substitutes": null, 
            "description": "", 
            "end_date": null, 
            "n_absent_votations": 0, 
            "n_rebel_votations": 6, 
            "institution": 3, 
            "person": 24, 
            "end_reason": "", 
            "original_charge": null, 
            "start_date": "2008-04-29"
        }
    }, 
    {
        "pk": 27, 
        "model": "people.institutioncharge", 
        "fields": {
            "op_charge_id": null, 
            "n_present_votations": 9, 
            "substituted_by": null, 
            "substitutes": null, 
            "description": "", 
            "end_date": null, 
            "n_absent_votations": 1, 
            "n_rebel_votations": 6, 
            "institution": 3, 
            "person": 25, 
            "end_reason": "", 
            "original_charge": null, 
            "start_date": "2008-04-29"
        }
    }, 
    {
        "pk": 28, 
        "model": "people.institutioncharge", 
        "fields": {
            "op_charge_id": null, 
            "n_present_votations": 9, 
            "substituted_by": null, 
            "substitutes": null, 
            "description": "", 
            "end_date": null, 
            "n_absent_votations": 1, 
            "n_rebel_votations": 6, 
            "institution": 3, 
            "person": 26, 
            "end_reason": "", 
            "original_charge": null, 
            "start_date": "2008-04-29"
        }
    }, 
    {
        "pk": 29, 
        "model": "people.institutioncharge", 
        "fields": {
            "op_charge_id": null, 
            "n_present_votations": 10, 
            "substituted_by": null, 
            "substitutes": null, 
            "description": "", 
            "end_date": null, 
            "n_absent_votations": 0, 
            "n_rebel_votations": 5, 
            "institution": 3, 
            "person": 27, 
            "end_reason": "", 
            "original_charge": null, 
            "start_date": "2009-01-07"
        }
    }, 
    {
        "pk": 30, 
        "model": "people.institutioncharge", 
        "fields": {
            "op_charge_id": null, 
            "n_present_votations": 9, 
            "substituted_by": null, 
            "substitutes": null, 
            "description": "", 
            "end_date": null, 
            "n_absent_votations": 1, 
            "n_rebel_votations": 3, 
            "institution": 3, 
            "person": 28, 
            "end_reason": "", 
            "original_charge": null, 
            "start_date": "2008-04-29"
        }
    }, 
    {
        "pk": 31, 
        "model": "people.institutioncharge", 
        "fields": {
            "op_charge_id": null, 
            "n_present_votations": 9, 
            "substituted_by": null, 
            "substitutes": null, 
            "description": "", 
            "end_date": null, 
            "n_absent_votations": 1, 
            "n_rebel_votations": 3, 
            "institution": 3, 
            "person": 29, 
            "end_reason": "", 
            "original_charge": null, 
            "start_date": "2008-04-29"
        }
    }, 
    {
        "pk": 32, 
        "model": "people.institutioncharge", 
        "fields": {
            "op_charge_id": null, 
            "n_present_votations": 0, 
            "substituted_by": null, 
            "substitutes": null, 
            "description": "", 
            "end_date": null, 
            "n_absent_votations": 0, 
            "n_rebel_votations": 0, 
            "institution": 3, 
            "person": 1, 
            "end_reason": "", 
            "original_charge": null, 
            "start_date": "2008-04-29"
        }
    }, 
    {
        "pk": 33, 
        "model": "people.institutioncharge", 
        "fields": {
            "op_charge_id": null, 
            "n_present_votations": 9, 
            "substituted_by": null, 
            "substitutes": null, 
            "description": "", 
            "end_date": null, 
            "n_absent_votations": 1, 
            "n_rebel_votations": 2, 
            "institution": 3, 
            "person": 30, 
            "end_reason": "", 
            "original_charge": null, 
            "start_date": "2008-04-29"
        }
    }, 
    {
        "pk": 34, 
        "model": "people.institutioncharge", 
        "fields": {
            "op_charge_id": null, 
            "n_present_votations": 10, 
            "substituted_by": null, 
            "substitutes": null, 
            "description": "", 
            "end_date": null, 
            "n_absent_votations": 0, 
            "n_rebel_votations": 0, 
            "institution": 3, 
            "person": 31, 
            "end_reason": "", 
            "original_charge": null, 
            "start_date": "2009-07-27"
        }
    }, 
    {
        "pk": 35, 
        "model": "people.institutioncharge", 
        "fields": {
            "op_charge_id": null, 
            "n_present_votations": 10, 
            "substituted_by": null, 
            "substitutes": null, 
            "description": "", 
            "end_date": null, 
            "n_absent_votations": 0, 
            "n_rebel_votations": 3, 
            "institution": 3, 
            "person": 32, 
            "end_reason": "", 
            "original_charge": null, 
            "start_date": "2009-12-21"
        }
    }, 
    {
        "pk": 36, 
        "model": "people.institutioncharge", 
        "fields": {
            "op_charge_id": null, 
            "n_present_votations": 9, 
            "substituted_by": null, 
            "substitutes": null, 
            "description": "", 
            "end_date": null, 
            "n_absent_votations": 1, 
            "n_rebel_votations": 4, 
            "institution": 3, 
            "person": 33, 
            "end_reason": "", 
            "original_charge": null, 
            "start_date": "2008-11-03"
        }
    }, 
    {
        "pk": 37, 
        "model": "people.institutioncharge", 
        "fields": {
            "op_charge_id": null, 
            "n_present_votations": 9, 
            "substituted_by": null, 
            "substitutes": null, 
            "description": "", 
            "end_date": null, 
            "n_absent_votations": 1, 
            "n_rebel_votations": 4, 
            "institution": 3, 
            "person": 34, 
            "end_reason": "", 
            "original_charge": null, 
            "start_date": "2008-04-29"
        }
    }, 
    {
        "pk": 38, 
        "model": "people.institutioncharge", 
        "fields": {
            "op_charge_id": null, 
            "n_present_votations": 10, 
            "substituted_by": null, 
            "substitutes": null, 
            "description": "", 
            "end_date": null, 
            "n_absent_votations": 0, 
            "n_rebel_votations": 4, 
            "institution": 3, 
            "person": 35, 
            "end_reason": "", 
            "original_charge": null, 
            "start_date": "2008-04-29"
        }
    }, 
    {
        "pk": 39, 
        "model": "people.institutioncharge", 
        "fields": {
            "op_charge_id": null, 
            "n_present_votations": 9, 
            "substituted_by": null, 
            "substitutes": null, 
            "description": "", 
            "end_date": null, 
            "n_absent_votations": 1, 
            "n_rebel_votations": 4, 
            "institution": 3, 
            "person": 36, 
            "end_reason": "", 
            "original_charge": null, 
            "start_date": "2008-04-29"
        }
    }, 
    {
        "pk": 40, 
        "model": "people.institutioncharge", 
        "fields": {
            "op_charge_id": null, 
            "n_present_votations": 9, 
            "substituted_by": null, 
            "substitutes": null, 
            "description": "", 
            "end_date": null, 
            "n_absent_votations": 1, 
            "n_rebel_votations": 4, 
            "institution": 3, 
            "person": 37, 
            "end_reason": "", 
            "original_charge": null, 
            "start_date": "2011-02-18"
        }
    }, 
    {
        "pk": 41, 
        "model": "people.institutioncharge", 
        "fields": {
            "op_charge_id": null, 
            "n_present_votations": 9, 
            "substituted_by": null, 
            "substitutes": null, 
            "description": "", 
            "end_date": null, 
            "n_absent_votations": 1, 
            "n_rebel_votations": 5, 
            "institution": 3, 
            "person": 38, 
            "end_reason": "", 
            "original_charge": null, 
            "start_date": "2009-11-30"
        }
    }, 
    {
        "pk": 42, 
        "model": "people.institutioncharge", 
        "fields": {
            "op_charge_id": null, 
            "n_present_votations": 10, 
            "substituted_by": null, 
            "substitutes": null, 
            "description": "", 
            "end_date": null, 
            "n_absent_votations": 0, 
            "n_rebel_votations": 0, 
            "institution": 3, 
            "person": 39, 
            "end_reason": "", 
            "original_charge": null, 
            "start_date": "2008-04-29"
        }
    }, 
    {
        "pk": 43, 
        "model": "people.institutioncharge", 
        "fields": {
            "op_charge_id": null, 
            "n_present_votations": 9, 
            "substituted_by": null, 
            "substitutes": null, 
            "description": "", 
            "end_date": null, 
            "n_absent_votations": 1, 
            "n_rebel_votations": 0, 
            "institution": 3, 
            "person": 40, 
            "end_reason": "", 
            "original_charge": null, 
            "start_date": "2011-03-28"
        }
    }, 
    {
        "pk": 44, 
        "model": "people.institutioncharge", 
        "fields": {
            "op_charge_id": null, 
            "n_present_votations": 10, 
            "substituted_by": null, 
            "substitutes": null, 
            "description": "", 
            "end_date": null, 
            "n_absent_votations": 0, 
            "n_rebel_votations": 3, 
            "institution": 3, 
            "person": 41, 
            "end_reason": "", 
            "original_charge": null, 
            "start_date": "2008-04-29"
        }
    }, 
    {
        "pk": 45, 
        "model": "people.institutioncharge", 
        "fields": {
            "op_charge_id": null, 
            "n_present_votations": 10, 
            "substituted_by": null, 
            "substitutes": null, 
            "description": "", 
            "end_date": null, 
            "n_absent_votations": 0, 
            "n_rebel_votations": 0, 
            "institution": 3, 
            "person": 42, 
            "end_reason": "", 
            "original_charge": null, 
            "start_date": "2008-11-28"
        }
    }, 
    {
        "pk": 46, 
        "model": "people.institutioncharge", 
        "fields": {
            "op_charge_id": null, 
            "n_present_votations": 8, 
            "substituted_by": null, 
            "substitutes": null, 
            "description": "", 
            "end_date": null, 
            "n_absent_votations": 2, 
            "n_rebel_votations": 4, 
            "institution": 3, 
            "person": 43, 
            "end_reason": "", 
            "original_charge": null, 
            "start_date": "2008-04-29"
        }
    }, 
    {
        "pk": 47, 
        "model": "people.institutioncharge", 
        "fields": {
            "op_charge_id": null, 
            "n_present_votations": 10, 
            "substituted_by": null, 
            "substitutes": null, 
            "description": "", 
            "end_date": null, 
            "n_absent_votations": 0, 
            "n_rebel_votations": 4, 
            "institution": 3, 
            "person": 44, 
            "end_reason": "", 
            "original_charge": null, 
            "start_date": "2008-04-29"
        }
    }, 
    {
        "pk": 48, 
        "model": "people.institutioncharge", 
        "fields": {
            "op_charge_id": null, 
            "n_present_votations": 8, 
            "substituted_by": null, 
            "substitutes": null, 
            "description": "", 
            "end_date": null, 
            "n_absent_votations": 2, 
            "n_rebel_votations": 4, 
            "institution": 3, 
            "person": 45, 
            "end_reason": "", 
            "original_charge": null, 
            "start_date": "2008-08-05"
        }
    }, 
    {
        "pk": 49, 
        "model": "people.institutioncharge", 
        "fields": {
            "op_charge_id": null, 
            "n_present_votations": 10, 
            "substituted_by": null, 
            "substitutes": null, 
            "description": "", 
            "end_date": null, 
            "n_absent_votations": 0, 
            "n_rebel_votations": 7, 
            "institution": 3, 
            "person": 46, 
            "end_reason": "", 
            "original_charge": null, 
            "start_date": "2008-04-29"
        }
    }, 
    {
        "pk": 50, 
        "model": "people.institutioncharge", 
        "fields": {
            "op_charge_id": null, 
            "n_present_votations": 10, 
            "substituted_by": null, 
            "substitutes": null, 
            "description": "", 
            "end_date": null, 
            "n_absent_votations": 0, 
            "n_rebel_votations": 9, 
            "institution": 3, 
            "person": 47, 
            "end_reason": "", 
            "original_charge": null, 
            "start_date": "2008-04-29"
        }
    }, 
    {
        "pk": 51, 
        "model": "people.institutioncharge", 
        "fields": {
            "op_charge_id": null, 
            "n_present_votations": 9, 
            "substituted_by": null, 
            "substitutes": null, 
            "description": "", 
            "end_date": null, 
            "n_absent_votations": 1, 
            "n_rebel_votations": 4, 
            "institution": 3, 
            "person": 48, 
            "end_reason": "", 
            "original_charge": null, 
            "start_date": "2008-04-29"
        }
    }, 
    {
        "pk": 52, 
        "model": "people.institutioncharge", 
        "fields": {
            "op_charge_id": null, 
            "n_present_votations": 8, 
            "substituted_by": null, 
            "substitutes": null, 
            "description": "", 
            "end_date": null, 
            "n_absent_votations": 2, 
            "n_rebel_votations": 5, 
            "institution": 3, 
            "person": 49, 
            "end_reason": "", 
            "original_charge": null, 
            "start_date": "2012-02-07"
        }
    }, 
    {
        "pk": 53, 
        "model": "people.institutioncharge", 
        "fields": {
            "op_charge_id": null, 
            "n_present_votations": 9, 
            "substituted_by": null, 
            "substitutes": null, 
            "description": "", 
            "end_date": null, 
            "n_absent_votations": 1, 
            "n_rebel_votations": 7, 
            "institution": 3, 
            "person": 50, 
            "end_reason": "", 
            "original_charge": null, 
            "start_date": "2008-04-29"
        }
    }, 
    {
        "pk": 54, 
        "model": "people.institutioncharge", 
        "fields": {
            "op_charge_id": null, 
            "n_present_votations": 10, 
            "substituted_by": null, 
            "substitutes": null, 
            "description": "", 
            "end_date": null, 
            "n_absent_votations": 0, 
            "n_rebel_votations": 6, 
            "institution": 3, 
            "person": 51, 
            "end_reason": "", 
            "original_charge": null, 
            "start_date": "2008-04-29"
        }
    }, 
    {
        "pk": 55, 
        "model": "people.institutioncharge", 
        "fields": {
            "op_charge_id": null, 
            "n_present_votations": 0, 
            "substituted_by": null, 
            "substitutes": null, 
            "description": "", 
            "end_date": null, 
            "n_absent_votations": 0, 
            "n_rebel_votations": 0, 
            "institution": 4, 
            "person": 19, 
            "end_reason": "", 
            "original_charge": 20, 
            "start_date": "2008-04-29"
        }
    }, 
    {
        "pk": 56, 
        "model": "people.institutioncharge", 
        "fields": {
            "op_charge_id": null, 
            "n_present_votations": 0, 
            "substituted_by": null, 
            "substitutes": null, 
            "description": "", 
            "end_date": null, 
            "n_absent_votations": 0, 
            "n_rebel_votations": 0, 
            "institution": 4, 
            "person": 24, 
            "end_reason": "", 
            "original_charge": 26, 
            "start_date": "2008-04-29"
        }
    }, 
    {
        "pk": 57, 
        "model": "people.institutioncharge", 
        "fields": {
            "op_charge_id": null, 
            "n_present_votations": 0, 
            "substituted_by": null, 
            "substitutes": null, 
            "description": "", 
            "end_date": null, 
            "n_absent_votations": 0, 
            "n_rebel_votations": 0, 
            "institution": 4, 
            "person": 26, 
            "end_reason": "", 
            "original_charge": 28, 
            "start_date": "2008-04-29"
        }
    }, 
    {
        "pk": 58, 
        "model": "people.institutioncharge", 
        "fields": {
            "op_charge_id": null, 
            "n_present_votations": 0, 
            "substituted_by": null, 
            "substitutes": null, 
            "description": "", 
            "end_date": null, 
            "n_absent_votations": 0, 
            "n_rebel_votations": 0, 
            "institution": 4, 
            "person": 15, 
            "end_reason": "", 
            "original_charge": 16, 
            "start_date": "2008-04-29"
        }
    }, 
    {
        "pk": 59, 
        "model": "people.institutioncharge", 
        "fields": {
            "op_charge_id": null, 
            "n_present_votations": 0, 
            "substituted_by": null, 
            "substitutes": null, 
            "description": "", 
            "end_date": null, 
            "n_absent_votations": 0, 
            "n_rebel_votations": 0, 
            "institution": 4, 
            "person": 31, 
            "end_reason": "", 
            "original_charge": 34, 
            "start_date": "2008-04-29"
        }
    }, 
    {
        "pk": 60, 
        "model": "people.institutioncharge", 
        "fields": {
            "op_charge_id": null, 
            "n_present_votations": 0, 
            "substituted_by": null, 
            "substitutes": null, 
            "description": "", 
            "end_date": null, 
            "n_absent_votations": 0, 
            "n_rebel_votations": 0, 
            "institution": 4, 
            "person": 23, 
            "end_reason": "", 
            "original_charge": 25, 
            "start_date": "2008-04-29"
        }
    }, 
    {
        "pk": 61, 
        "model": "people.institutioncharge", 
        "fields": {
            "op_charge_id": null, 
            "n_present_votations": 0, 
            "substituted_by": null, 
            "substitutes": null, 
            "description": "", 
            "end_date": null, 
            "n_absent_votations": 0, 
            "n_rebel_votations": 0, 
            "institution": 4, 
            "person": 44, 
            "end_reason": "", 
            "original_charge": 47, 
            "start_date": "2008-04-29"
        }
    }, 
    {
        "pk": 62, 
        "model": "people.institutioncharge", 
        "fields": {
            "op_charge_id": null, 
            "n_present_votations": 0, 
            "substituted_by": null, 
            "substitutes": null, 
            "description": "", 
            "end_date": null, 
            "n_absent_votations": 0, 
            "n_rebel_votations": 0, 
            "institution": 4, 
            "person": 48, 
            "end_reason": "", 
            "original_charge": 51, 
            "start_date": "2008-04-29"
        }
    }, 
    {
        "pk": 63, 
        "model": "people.institutioncharge", 
        "fields": {
            "op_charge_id": null, 
            "n_present_votations": 0, 
            "substituted_by": null, 
            "substitutes": null, 
            "description": "", 
            "end_date": null, 
            "n_absent_votations": 0, 
            "n_rebel_votations": 0, 
            "institution": 4, 
            "person": 36, 
            "end_reason": "", 
            "original_charge": 39, 
            "start_date": "2008-04-29"
        }
    }, 
    {
        "pk": 64, 
        "model": "people.institutioncharge", 
        "fields": {
            "op_charge_id": null, 
            "n_present_votations": 0, 
            "substituted_by": null, 
            "substitutes": null, 
            "description": "", 
            "end_date": null, 
            "n_absent_votations": 0, 
            "n_rebel_votations": 0, 
            "institution": 4, 
            "person": 50, 
            "end_reason": "", 
            "original_charge": 53, 
            "start_date": "2008-04-29"
        }
    }, 
    {
        "pk": 65, 
        "model": "people.institutioncharge", 
        "fields": {
            "op_charge_id": null, 
            "n_present_votations": 0, 
            "substituted_by": null, 
            "substitutes": null, 
            "description": "", 
            "end_date": null, 
            "n_absent_votations": 0, 
            "n_rebel_votations": 0, 
            "institution": 4, 
            "person": 38, 
            "end_reason": "", 
            "original_charge": 41, 
            "start_date": "2008-04-29"
        }
    }, 
    {
        "pk": 66, 
        "model": "people.institutioncharge", 
        "fields": {
            "op_charge_id": null, 
            "n_present_votations": 0, 
            "substituted_by": null, 
            "substitutes": null, 
            "description": "", 
            "end_date": null, 
            "n_absent_votations": 0, 
            "n_rebel_votations": 0, 
            "institution": 4, 
            "person": 25, 
            "end_reason": "", 
            "original_charge": 27, 
            "start_date": "2008-04-29"
        }
    }, 
    {
        "pk": 67, 
        "model": "people.institutioncharge", 
        "fields": {
            "op_charge_id": null, 
            "n_present_votations": 0, 
            "substituted_by": null, 
            "substitutes": null, 
            "description": "", 
            "end_date": null, 
            "n_absent_votations": 0, 
            "n_rebel_votations": 0, 
            "institution": 4, 
            "person": 40, 
            "end_reason": "", 
            "original_charge": 43, 
            "start_date": "2008-04-29"
        }
    }, 
    {
        "pk": 68, 
        "model": "people.institutioncharge", 
        "fields": {
            "op_charge_id": null, 
            "n_present_votations": 0, 
            "substituted_by": null, 
            "substitutes": null, 
            "description": "", 
            "end_date": null, 
            "n_absent_votations": 0, 
            "n_rebel_votations": 0, 
            "institution": 4, 
            "person": 42, 
            "end_reason": "", 
            "original_charge": 45, 
            "start_date": "2008-04-29"
        }
    }, 
    {
        "pk": 69, 
        "model": "people.institutioncharge", 
        "fields": {
            "op_charge_id": null, 
            "n_present_votations": 0, 
            "substituted_by": null, 
            "substitutes": null, 
            "description": "", 
            "end_date": null, 
            "n_absent_votations": 0, 
            "n_rebel_votations": 0, 
            "institution": 4, 
            "person": 13, 
            "end_reason": "", 
            "original_charge": 14, 
            "start_date": "2008-04-29"
        }
    }, 
    {
        "pk": 70, 
        "model": "people.institutioncharge", 
        "fields": {
            "op_charge_id": null, 
            "n_present_votations": 0, 
            "substituted_by": null, 
            "substitutes": null, 
            "description": "", 
            "end_date": null, 
            "n_absent_votations": 0, 
            "n_rebel_votations": 0, 
            "institution": 4, 
            "person": 14, 
            "end_reason": "", 
            "original_charge": 15, 
            "start_date": "2008-04-29"
        }
    }, 
    {
        "pk": 71, 
        "model": "people.institutioncharge", 
        "fields": {
            "op_charge_id": null, 
            "n_present_votations": 0, 
            "substituted_by": null, 
            "substitutes": null, 
            "description": "", 
            "end_date": null, 
            "n_absent_votations": 0, 
            "n_rebel_votations": 0, 
            "institution": 5, 
            "person": 19, 
            "end_reason": "", 
            "original_charge": 20, 
            "start_date": "2008-04-29"
        }
    }, 
    {
        "pk": 72, 
        "model": "people.institutioncharge", 
        "fields": {
            "op_charge_id": null, 
            "n_present_votations": 0, 
            "substituted_by": null, 
            "substitutes": null, 
            "description": "", 
            "end_date": null, 
            "n_absent_votations": 0, 
            "n_rebel_votations": 0, 
            "institution": 5, 
            "person": 24, 
            "end_reason": "", 
            "original_charge": 26, 
            "start_date": "2008-04-29"
        }
    }, 
    {
        "pk": 73, 
        "model": "people.institutioncharge", 
        "fields": {
            "op_charge_id": null, 
            "n_present_votations": 0, 
            "substituted_by": null, 
            "substitutes": null, 
            "description": "", 
            "end_date": null, 
            "n_absent_votations": 0, 
            "n_rebel_votations": 0, 
            "institution": 5, 
            "person": 49, 
            "end_reason": "", 
            "original_charge": 52, 
            "start_date": "2008-04-29"
        }
    }, 
    {
        "pk": 74, 
        "model": "people.institutioncharge", 
        "fields": {
            "op_charge_id": null, 
            "n_present_votations": 0, 
            "substituted_by": null, 
            "substitutes": null, 
            "description": "", 
            "end_date": null, 
            "n_absent_votations": 0, 
            "n_rebel_votations": 0, 
            "institution": 5, 
            "person": 15, 
            "end_reason": "", 
            "original_charge": 16, 
            "start_date": "2008-04-29"
        }
    }, 
    {
        "pk": 75, 
        "model": "people.institutioncharge", 
        "fields": {
            "op_charge_id": null, 
            "n_present_votations": 0, 
            "substituted_by": null, 
            "substitutes": null, 
            "description": "", 
            "end_date": null, 
            "n_absent_votations": 0, 
            "n_rebel_votations": 0, 
            "institution": 5, 
            "person": 39, 
            "end_reason": "", 
            "original_charge": 42, 
            "start_date": "2008-04-29"
        }
    }, 
    {
        "pk": 76, 
        "model": "people.institutioncharge", 
        "fields": {
            "op_charge_id": null, 
            "n_present_votations": 0, 
            "substituted_by": null, 
            "substitutes": null, 
            "description": "", 
            "end_date": null, 
            "n_absent_votations": 0, 
            "n_rebel_votations": 0, 
            "institution": 5, 
            "person": 28, 
            "end_reason": "", 
            "original_charge": 30, 
            "start_date": "2008-04-29"
        }
    }, 
    {
        "pk": 77, 
        "model": "people.institutioncharge", 
        "fields": {
            "op_charge_id": null, 
            "n_present_votations": 0, 
            "substituted_by": null, 
            "substitutes": null, 
            "description": "", 
            "end_date": null, 
            "n_absent_votations": 0, 
            "n_rebel_votations": 0, 
            "institution": 5, 
            "person": 29, 
            "end_reason": "", 
            "original_charge": 31, 
            "start_date": "2008-04-29"
        }
    }, 
    {
        "pk": 78, 
        "model": "people.institutioncharge", 
        "fields": {
            "op_charge_id": null, 
            "n_present_votations": 0, 
            "substituted_by": null, 
            "substitutes": null, 
            "description": "", 
            "end_date": null, 
            "n_absent_votations": 0, 
            "n_rebel_votations": 0, 
            "institution": 5, 
            "person": 30, 
            "end_reason": "", 
            "original_charge": 33, 
            "start_date": "2008-04-29"
        }
    }, 
    {
        "pk": 79, 
        "model": "people.institutioncharge", 
        "fields": {
            "op_charge_id": null, 
            "n_present_votations": 0, 
            "substituted_by": null, 
            "substitutes": null, 
            "description": "", 
            "end_date": null, 
            "n_absent_votations": 0, 
            "n_rebel_votations": 0, 
            "institution": 5, 
            "person": 36, 
            "end_reason": "", 
            "original_charge": 39, 
            "start_date": "2008-04-29"
        }
    }, 
    {
        "pk": 80, 
        "model": "people.institutioncharge", 
        "fields": {
            "op_charge_id": null, 
            "n_present_votations": 0, 
            "substituted_by": null, 
            "substitutes": null, 
            "description": "", 
            "end_date": null, 
            "n_absent_votations": 0, 
            "n_rebel_votations": 0, 
            "institution": 5, 
            "person": 41, 
            "end_reason": "", 
            "original_charge": 44, 
            "start_date": "2008-04-29"
        }
    }, 
    {
        "pk": 81, 
        "model": "people.institutioncharge", 
        "fields": {
            "op_charge_id": null, 
            "n_present_votations": 0, 
            "substituted_by": null, 
            "substitutes": null, 
            "description": "", 
            "end_date": null, 
            "n_absent_votations": 0, 
            "n_rebel_votations": 0, 
            "institution": 5, 
            "person": 34, 
            "end_reason": "", 
            "original_charge": 37, 
            "start_date": "2008-04-29"
        }
    }, 
    {
        "pk": 82, 
        "model": "people.institutioncharge", 
        "fields": {
            "op_charge_id": null, 
            "n_present_votations": 0, 
            "substituted_by": null, 
            "substitutes": null, 
            "description": "", 
            "end_date": null, 
            "n_absent_votations": 0, 
            "n_rebel_votations": 0, 
            "institution": 5, 
            "person": 25, 
            "end_reason": "", 
            "original_charge": 27, 
            "start_date": "2008-04-29"
        }
    }, 
    {
        "pk": 83, 
        "model": "people.institutioncharge", 
        "fields": {
            "op_charge_id": null, 
            "n_present_votations": 0, 
            "substituted_by": null, 
            "substitutes": null, 
            "description": "", 
            "end_date": null, 
            "n_absent_votations": 0, 
            "n_rebel_votations": 0, 
            "institution": 5, 
            "person": 40, 
            "end_reason": "", 
            "original_charge": 43, 
            "start_date": "2008-04-29"
        }
    }, 
    {
        "pk": 84, 
        "model": "people.institutioncharge", 
        "fields": {
            "op_charge_id": null, 
            "n_present_votations": 0, 
            "substituted_by": null, 
            "substitutes": null, 
            "description": "", 
            "end_date": null, 
            "n_absent_votations": 0, 
            "n_rebel_votations": 0, 
            "institution": 5, 
            "person": 42, 
            "end_reason": "", 
            "original_charge": 45, 
            "start_date": "2008-04-29"
        }
    }, 
    {
        "pk": 85, 
        "model": "people.institutioncharge", 
        "fields": {
            "op_charge_id": null, 
            "n_present_votations": 0, 
            "substituted_by": null, 
            "substitutes": null, 
            "description": "", 
            "end_date": null, 
            "n_absent_votations": 0, 
            "n_rebel_votations": 0, 
            "institution": 5, 
            "person": 20, 
            "end_reason": "", 
            "original_charge": 21, 
            "start_date": "2008-04-29"
        }
    }, 
    {
        "pk": 86, 
        "model": "people.institutioncharge", 
        "fields": {
            "op_charge_id": null, 
            "n_present_votations": 0, 
            "substituted_by": null, 
            "substitutes": null, 
            "description": "", 
            "end_date": null, 
            "n_absent_votations": 0, 
            "n_rebel_votations": 0, 
            "institution": 5, 
            "person": 47, 
            "end_reason": "", 
            "original_charge": 50, 
            "start_date": "2008-04-29"
        }
    }, 
    {
        "pk": 87, 
        "model": "people.institutioncharge", 
        "fields": {
            "op_charge_id": null, 
            "n_present_votations": 0, 
            "substituted_by": null, 
            "substitutes": null, 
            "description": "", 
            "end_date": null, 
            "n_absent_votations": 0, 
            "n_rebel_votations": 0, 
            "institution": 6, 
            "person": 19, 
            "end_reason": "", 
            "original_charge": 20, 
            "start_date": "2008-04-29"
        }
    }, 
    {
        "pk": 88, 
        "model": "people.institutioncharge", 
        "fields": {
            "op_charge_id": null, 
            "n_present_votations": 0, 
            "substituted_by": null, 
            "substitutes": null, 
            "description": "", 
            "end_date": null, 
            "n_absent_votations": 0, 
            "n_rebel_votations": 0, 
            "institution": 6, 
            "person": 22, 
            "end_reason": "", 
            "original_charge": 23, 
            "start_date": "2008-04-29"
        }
    }, 
    {
        "pk": 89, 
        "model": "people.institutioncharge", 
        "fields": {
            "op_charge_id": null, 
            "n_present_votations": 0, 
            "substituted_by": null, 
            "substitutes": null, 
            "description": "", 
            "end_date": null, 
            "n_absent_votations": 0, 
            "n_rebel_votations": 0, 
            "institution": 6, 
            "person": 35, 
            "end_reason": "", 
            "original_charge": 38, 
            "start_date": "2008-04-29"
        }
    }, 
    {
        "pk": 90, 
        "model": "people.institutioncharge", 
        "fields": {
            "op_charge_id": null, 
            "n_present_votations": 0, 
            "substituted_by": null, 
            "substitutes": null, 
            "description": "", 
            "end_date": null, 
            "n_absent_votations": 0, 
            "n_rebel_votations": 0, 
            "institution": 6, 
            "person": 15, 
            "end_reason": "", 
            "original_charge": 16, 
            "start_date": "2008-04-29"
        }
    }, 
    {
        "pk": 91, 
        "model": "people.institutioncharge", 
        "fields": {
            "op_charge_id": null, 
            "n_present_votations": 0, 
            "substituted_by": null, 
            "substitutes": null, 
            "description": "", 
            "end_date": null, 
            "n_absent_votations": 0, 
            "n_rebel_votations": 0, 
            "institution": 6, 
            "person": 31, 
            "end_reason": "", 
            "original_charge": 34, 
            "start_date": "2008-04-29"
        }
    }, 
    {
        "pk": 92, 
        "model": "people.institutioncharge", 
        "fields": {
            "op_charge_id": null, 
            "n_present_votations": 0, 
            "substituted_by": null, 
            "substitutes": null, 
            "description": "", 
            "end_date": null, 
            "n_absent_votations": 0, 
            "n_rebel_votations": 0, 
            "institution": 6, 
            "person": 33, 
            "end_reason": "", 
            "original_charge": 36, 
            "start_date": "2008-04-29"
        }
    }, 
    {
        "pk": 93, 
        "model": "people.institutioncharge", 
        "fields": {
            "op_charge_id": null, 
            "n_present_votations": 0, 
            "substituted_by": null, 
            "substitutes": null, 
            "description": "", 
            "end_date": null, 
            "n_absent_votations": 0, 
            "n_rebel_votations": 0, 
            "institution": 6, 
            "person": 37, 
            "end_reason": "", 
            "original_charge": 40, 
            "start_date": "2008-04-29"
        }
    }, 
    {
        "pk": 94, 
        "model": "people.institutioncharge", 
        "fields": {
            "op_charge_id": null, 
            "n_present_votations": 0, 
            "substituted_by": null, 
            "substitutes": null, 
            "description": "", 
            "end_date": null, 
            "n_absent_votations": 0, 
            "n_rebel_votations": 0, 
            "institution": 6, 
            "person": 45, 
            "end_reason": "", 
            "original_charge": 48, 
            "start_date": "2008-04-29"
        }
    }, 
    {
        "pk": 95, 
        "model": "people.institutioncharge", 
        "fields": {
            "op_charge_id": null, 
            "n_present_votations": 0, 
            "substituted_by": null, 
            "substitutes": null, 
            "description": "", 
            "end_date": null, 
            "n_absent_votations": 0, 
            "n_rebel_votations": 0, 
            "institution": 6, 
            "person": 43, 
            "end_reason": "", 
            "original_charge": 46, 
            "start_date": "2008-04-29"
        }
    }, 
    {
        "pk": 96, 
        "model": "people.institutioncharge", 
        "fields": {
            "op_charge_id": null, 
            "n_present_votations": 0, 
            "substituted_by": null, 
            "substitutes": null, 
            "description": "", 
            "end_date": null, 
            "n_absent_votations": 0, 
            "n_rebel_votations": 0, 
            "institution": 6, 
            "person": 32, 
            "end_reason": "", 
            "original_charge": 35, 
            "start_date": "2008-04-29"
        }
    }, 
    {
        "pk": 97, 
        "model": "people.institutioncharge", 
        "fields": {
            "op_charge_id": null, 
            "n_present_votations": 0, 
            "substituted_by": null, 
            "substitutes": null, 
            "description": "", 
            "end_date": null, 
            "n_absent_votations": 0, 
            "n_rebel_votations": 0, 
            "institution": 6, 
            "person": 51, 
            "end_reason": "", 
            "original_charge": 54, 
            "start_date": "2008-04-29"
        }
    }, 
    {
        "pk": 98, 
        "model": "people.institutioncharge", 
        "fields": {
            "op_charge_id": null, 
            "n_present_votations": 0, 
            "substituted_by": null, 
            "substitutes": null, 
            "description": "", 
            "end_date": null, 
            "n_absent_votations": 0, 
            "n_rebel_votations": 0, 
            "institution": 6, 
            "person": 40, 
            "end_reason": "", 
            "original_charge": 43, 
            "start_date": "2008-04-29"
        }
    }, 
    {
        "pk": 99, 
        "model": "people.institutioncharge", 
        "fields": {
            "op_charge_id": null, 
            "n_present_votations": 0, 
            "substituted_by": null, 
            "substitutes": null, 
            "description": "", 
            "end_date": null, 
            "n_absent_votations": 0, 
            "n_rebel_votations": 0, 
            "institution": 6, 
            "person": 42, 
            "end_reason": "", 
            "original_charge": 45, 
            "start_date": "2008-04-29"
        }
    }, 
    {
        "pk": 100, 
        "model": "people.institutioncharge", 
        "fields": {
            "op_charge_id": null, 
            "n_present_votations": 0, 
            "substituted_by": null, 
            "substitutes": null, 
            "description": "", 
            "end_date": null, 
            "n_absent_votations": 0, 
            "n_rebel_votations": 0, 
            "institution": 6, 
            "person": 16, 
            "end_reason": "", 
            "original_charge": 17, 
            "start_date": "2008-04-29"
        }
    }, 
    {
        "pk": 101, 
        "model": "people.institutioncharge", 
        "fields": {
            "op_charge_id": null, 
            "n_present_votations": 0, 
            "substituted_by": null, 
            "substitutes": null, 
            "description": "", 
            "end_date": null, 
            "n_absent_votations": 0, 
            "n_rebel_votations": 0, 
            "institution": 6, 
            "person": 14, 
            "end_reason": "", 
            "original_charge": 15, 
            "start_date": "2008-04-29"
        }
    }, 
    {
        "pk": 102, 
        "model": "people.institutioncharge", 
        "fields": {
            "op_charge_id": null, 
            "n_present_votations": 0, 
            "substituted_by": null, 
            "substitutes": null, 
            "description": "", 
            "end_date": null, 
            "n_absent_votations": 0, 
            "n_rebel_votations": 0, 
            "institution": 7, 
            "person": 19, 
            "end_reason": "", 
            "original_charge": 20, 
            "start_date": "2008-04-29"
        }
    }, 
    {
        "pk": 103, 
        "model": "people.institutioncharge", 
        "fields": {
            "op_charge_id": null, 
            "n_present_votations": 0, 
            "substituted_by": null, 
            "substitutes": null, 
            "description": "", 
            "end_date": null, 
            "n_absent_votations": 0, 
            "n_rebel_votations": 0, 
            "institution": 7, 
            "person": 35, 
            "end_reason": "", 
            "original_charge": 38, 
            "start_date": "2008-04-29"
        }
    }, 
    {
        "pk": 104, 
        "model": "people.institutioncharge", 
        "fields": {
            "op_charge_id": null, 
            "n_present_votations": 0, 
            "substituted_by": null, 
            "substitutes": null, 
            "description": "", 
            "end_date": null, 
            "n_absent_votations": 0, 
            "n_rebel_votations": 0, 
            "institution": 7, 
            "person": 15, 
            "end_reason": "", 
            "original_charge": 16, 
            "start_date": "2008-04-29"
        }
    }, 
    {
        "pk": 105, 
        "model": "people.institutioncharge", 
        "fields": {
            "op_charge_id": null, 
            "n_present_votations": 0, 
            "substituted_by": null, 
            "substitutes": null, 
            "description": "", 
            "end_date": null, 
            "n_absent_votations": 0, 
            "n_rebel_votations": 0, 
            "institution": 7, 
            "person": 39, 
            "end_reason": "", 
            "original_charge": 42, 
            "start_date": "2008-04-29"
        }
    }, 
    {
        "pk": 106, 
        "model": "people.institutioncharge", 
        "fields": {
            "op_charge_id": null, 
            "n_present_votations": 0, 
            "substituted_by": null, 
            "substitutes": null, 
            "description": "", 
            "end_date": null, 
            "n_absent_votations": 0, 
            "n_rebel_votations": 0, 
            "institution": 7, 
            "person": 27, 
            "end_reason": "", 
            "original_charge": 29, 
            "start_date": "2008-04-29"
        }
    }, 
    {
        "pk": 107, 
        "model": "people.institutioncharge", 
        "fields": {
            "op_charge_id": null, 
            "n_present_votations": 0, 
            "substituted_by": null, 
            "substitutes": null, 
            "description": "", 
            "end_date": null, 
            "n_absent_votations": 0, 
            "n_rebel_votations": 0, 
            "institution": 7, 
            "person": 45, 
            "end_reason": "", 
            "original_charge": 48, 
            "start_date": "2008-04-29"
        }
    }, 
    {
        "pk": 108, 
        "model": "people.institutioncharge", 
        "fields": {
            "op_charge_id": null, 
            "n_present_votations": 0, 
            "substituted_by": null, 
            "substitutes": null, 
            "description": "", 
            "end_date": null, 
            "n_absent_votations": 0, 
            "n_rebel_votations": 0, 
            "institution": 7, 
            "person": 46, 
            "end_reason": "", 
            "original_charge": 49, 
            "start_date": "2008-04-29"
        }
    }, 
    {
        "pk": 109, 
        "model": "people.institutioncharge", 
        "fields": {
            "op_charge_id": null, 
            "n_present_votations": 0, 
            "substituted_by": null, 
            "substitutes": null, 
            "description": "", 
            "end_date": null, 
            "n_absent_votations": 0, 
            "n_rebel_votations": 0, 
            "institution": 7, 
            "person": 43, 
            "end_reason": "", 
            "original_charge": 46, 
            "start_date": "2008-04-29"
        }
    }, 
    {
        "pk": 110, 
        "model": "people.institutioncharge", 
        "fields": {
            "op_charge_id": null, 
            "n_present_votations": 0, 
            "substituted_by": null, 
            "substitutes": null, 
            "description": "", 
            "end_date": null, 
            "n_absent_votations": 0, 
            "n_rebel_votations": 0, 
            "institution": 7, 
            "person": 50, 
            "end_reason": "", 
            "original_charge": 53, 
            "start_date": "2008-04-29"
        }
    }, 
    {
        "pk": 111, 
        "model": "people.institutioncharge", 
        "fields": {
            "op_charge_id": null, 
            "n_present_votations": 0, 
            "substituted_by": null, 
            "substitutes": null, 
            "description": "", 
            "end_date": null, 
            "n_absent_votations": 0, 
            "n_rebel_votations": 0, 
            "institution": 7, 
            "person": 51, 
            "end_reason": "", 
            "original_charge": 54, 
            "start_date": "2008-04-29"
        }
    }, 
    {
        "pk": 112, 
        "model": "people.institutioncharge", 
        "fields": {
            "op_charge_id": null, 
            "n_present_votations": 0, 
            "substituted_by": null, 
            "substitutes": null, 
            "description": "", 
            "end_date": null, 
            "n_absent_votations": 0, 
            "n_rebel_votations": 0, 
            "institution": 7, 
            "person": 40, 
            "end_reason": "", 
            "original_charge": 43, 
            "start_date": "2008-04-29"
        }
    }, 
    {
        "pk": 113, 
        "model": "people.institutioncharge", 
        "fields": {
            "op_charge_id": null, 
            "n_present_votations": 0, 
            "substituted_by": null, 
            "substitutes": null, 
            "description": "", 
            "end_date": null, 
            "n_absent_votations": 0, 
            "n_rebel_votations": 0, 
            "institution": 7, 
            "person": 42, 
            "end_reason": "", 
            "original_charge": 45, 
            "start_date": "2008-04-29"
        }
    }, 
    {
        "pk": 114, 
        "model": "people.institutioncharge", 
        "fields": {
            "op_charge_id": null, 
            "n_present_votations": 0, 
            "substituted_by": null, 
            "substitutes": null, 
            "description": "", 
            "end_date": null, 
            "n_absent_votations": 0, 
            "n_rebel_votations": 0, 
            "institution": 7, 
            "person": 18, 
            "end_reason": "", 
            "original_charge": 19, 
            "start_date": "2008-04-29"
        }
    }, 
    {
        "pk": 115, 
        "model": "people.institutioncharge", 
        "fields": {
            "op_charge_id": null, 
            "n_present_votations": 0, 
            "substituted_by": null, 
            "substitutes": null, 
            "description": "", 
            "end_date": null, 
            "n_absent_votations": 0, 
            "n_rebel_votations": 0, 
            "institution": 7, 
            "person": 47, 
            "end_reason": "", 
            "original_charge": 50, 
            "start_date": "2008-04-29"
        }
    }, 
    {
        "pk": 116, 
        "model": "people.institutioncharge", 
        "fields": {
            "op_charge_id": null, 
            "n_present_votations": 0, 
            "substituted_by": null, 
            "substitutes": null, 
            "description": "", 
            "end_date": null, 
            "n_absent_votations": 0, 
            "n_rebel_votations": 0, 
            "institution": 8, 
            "person": 19, 
            "end_reason": "", 
            "original_charge": 20, 
            "start_date": "2008-04-29"
        }
    }, 
    {
        "pk": 117, 
        "model": "people.institutioncharge", 
        "fields": {
            "op_charge_id": null, 
            "n_present_votations": 0, 
            "substituted_by": null, 
            "substitutes": null, 
            "description": "", 
            "end_date": null, 
            "n_absent_votations": 0, 
            "n_rebel_votations": 0, 
            "institution": 8, 
            "person": 24, 
            "end_reason": "", 
            "original_charge": 26, 
            "start_date": "2008-04-29"
        }
    }, 
    {
        "pk": 118, 
        "model": "people.institutioncharge", 
        "fields": {
            "op_charge_id": null, 
            "n_present_votations": 0, 
            "substituted_by": null, 
            "substitutes": null, 
            "description": "", 
            "end_date": null, 
            "n_absent_votations": 0, 
            "n_rebel_votations": 0, 
            "institution": 8, 
            "person": 15, 
            "end_reason": "", 
            "original_charge": 16, 
            "start_date": "2008-04-29"
        }
    }, 
    {
        "pk": 119, 
        "model": "people.institutioncharge", 
        "fields": {
            "op_charge_id": null, 
            "n_present_votations": 0, 
            "substituted_by": null, 
            "substitutes": null, 
            "description": "", 
            "end_date": null, 
            "n_absent_votations": 0, 
            "n_rebel_votations": 0, 
            "institution": 8, 
            "person": 39, 
            "end_reason": "", 
            "original_charge": 42, 
            "start_date": "2008-04-29"
        }
    }, 
    {
        "pk": 120, 
        "model": "people.institutioncharge", 
        "fields": {
            "op_charge_id": null, 
            "n_present_votations": 0, 
            "substituted_by": null, 
            "substitutes": null, 
            "description": "", 
            "end_date": null, 
            "n_absent_votations": 0, 
            "n_rebel_votations": 0, 
            "institution": 8, 
            "person": 23, 
            "end_reason": "", 
            "original_charge": 25, 
            "start_date": "2008-04-29"
        }
    }, 
    {
        "pk": 121, 
        "model": "people.institutioncharge", 
        "fields": {
            "op_charge_id": null, 
            "n_present_votations": 0, 
            "substituted_by": null, 
            "substitutes": null, 
            "description": "", 
            "end_date": null, 
            "n_absent_votations": 0, 
            "n_rebel_votations": 0, 
            "institution": 8, 
            "person": 36, 
            "end_reason": "", 
            "original_charge": 39, 
            "start_date": "2008-04-29"
        }
    }, 
    {
        "pk": 122, 
        "model": "people.institutioncharge", 
        "fields": {
            "op_charge_id": null, 
            "n_present_votations": 0, 
            "substituted_by": null, 
            "substitutes": null, 
            "description": "", 
            "end_date": null, 
            "n_absent_votations": 0, 
            "n_rebel_votations": 0, 
            "institution": 8, 
            "person": 50, 
            "end_reason": "", 
            "original_charge": 53, 
            "start_date": "2008-04-29"
        }
    }, 
    {
        "pk": 123, 
        "model": "people.institutioncharge", 
        "fields": {
            "op_charge_id": null, 
            "n_present_votations": 0, 
            "substituted_by": null, 
            "substitutes": null, 
            "description": "", 
            "end_date": null, 
            "n_absent_votations": 0, 
            "n_rebel_votations": 0, 
            "institution": 8, 
            "person": 25, 
            "end_reason": "", 
            "original_charge": 27, 
            "start_date": "2008-04-29"
        }
    }, 
    {
        "pk": 124, 
        "model": "people.institutioncharge", 
        "fields": {
            "op_charge_id": null, 
            "n_present_votations": 0, 
            "substituted_by": null, 
            "substitutes": null, 
            "description": "", 
            "end_date": null, 
            "n_absent_votations": 0, 
            "n_rebel_votations": 0, 
            "institution": 8, 
            "person": 40, 
            "end_reason": "", 
            "original_charge": 43, 
            "start_date": "2008-04-29"
        }
    }, 
    {
        "pk": 125, 
        "model": "people.institutioncharge", 
        "fields": {
            "op_charge_id": null, 
            "n_present_votations": 0, 
            "substituted_by": null, 
            "substitutes": null, 
            "description": "", 
            "end_date": null, 
            "n_absent_votations": 0, 
            "n_rebel_votations": 0, 
            "institution": 8, 
            "person": 42, 
            "end_reason": "", 
            "original_charge": 45, 
            "start_date": "2008-04-29"
        }
    }, 
    {
        "pk": 126, 
        "model": "people.institutioncharge", 
        "fields": {
            "op_charge_id": null, 
            "n_present_votations": 0, 
            "substituted_by": null, 
            "substitutes": null, 
            "description": "", 
            "end_date": null, 
            "n_absent_votations": 0, 
            "n_rebel_votations": 0, 
            "institution": 8, 
            "person": 13, 
            "end_reason": "", 
            "original_charge": 14, 
            "start_date": "2008-04-29"
        }
    }, 
    {
        "pk": 127, 
        "model": "people.institutioncharge", 
        "fields": {
            "op_charge_id": null, 
            "n_present_votations": 0, 
            "substituted_by": null, 
            "substitutes": null, 
            "description": "", 
            "end_date": null, 
            "n_absent_votations": 0, 
            "n_rebel_votations": 0, 
            "institution": 8, 
            "person": 47, 
            "end_reason": "", 
            "original_charge": 50, 
            "start_date": "2008-04-29"
        }
    }, 
    {
        "pk": 128, 
        "model": "people.institutioncharge", 
        "fields": {
            "op_charge_id": null, 
            "n_present_votations": 0, 
            "substituted_by": null, 
            "substitutes": null, 
            "description": "", 
            "end_date": null, 
            "n_absent_votations": 0, 
            "n_rebel_votations": 0, 
            "institution": 9, 
            "person": 19, 
            "end_reason": "", 
            "original_charge": 20, 
            "start_date": "2008-04-29"
        }
    }, 
    {
        "pk": 129, 
        "model": "people.institutioncharge", 
        "fields": {
            "op_charge_id": null, 
            "n_present_votations": 0, 
            "substituted_by": null, 
            "substitutes": null, 
            "description": "", 
            "end_date": null, 
            "n_absent_votations": 0, 
            "n_rebel_votations": 0, 
            "institution": 9, 
            "person": 22, 
            "end_reason": "", 
            "original_charge": 23, 
            "start_date": "2008-04-29"
        }
    }, 
    {
        "pk": 130, 
        "model": "people.institutioncharge", 
        "fields": {
            "op_charge_id": null, 
            "n_present_votations": 0, 
            "substituted_by": null, 
            "substitutes": null, 
            "description": "", 
            "end_date": null, 
            "n_absent_votations": 0, 
            "n_rebel_votations": 0, 
            "institution": 9, 
            "person": 15, 
            "end_reason": "", 
            "original_charge": 16, 
            "start_date": "2008-04-29"
        }
    }, 
    {
        "pk": 131, 
        "model": "people.institutioncharge", 
        "fields": {
            "op_charge_id": null, 
            "n_present_votations": 0, 
            "substituted_by": null, 
            "substitutes": null, 
            "description": "", 
            "end_date": null, 
            "n_absent_votations": 0, 
            "n_rebel_votations": 0, 
            "institution": 9, 
            "person": 31, 
            "end_reason": "", 
            "original_charge": 34, 
            "start_date": "2008-04-29"
        }
    }, 
    {
        "pk": 132, 
        "model": "people.institutioncharge", 
        "fields": {
            "op_charge_id": null, 
            "n_present_votations": 0, 
            "substituted_by": null, 
            "substitutes": null, 
            "description": "", 
            "end_date": null, 
            "n_absent_votations": 0, 
            "n_rebel_votations": 0, 
            "institution": 9, 
            "person": 44, 
            "end_reason": "", 
            "original_charge": 47, 
            "start_date": "2008-04-29"
        }
    }, 
    {
        "pk": 133, 
        "model": "people.institutioncharge", 
        "fields": {
            "op_charge_id": null, 
            "n_present_votations": 0, 
            "substituted_by": null, 
            "substitutes": null, 
            "description": "", 
            "end_date": null, 
            "n_absent_votations": 0, 
            "n_rebel_votations": 0, 
            "institution": 9, 
            "person": 36, 
            "end_reason": "", 
            "original_charge": 39, 
            "start_date": "2008-04-29"
        }
    }, 
    {
        "pk": 134, 
        "model": "people.institutioncharge", 
        "fields": {
            "op_charge_id": null, 
            "n_present_votations": 0, 
            "substituted_by": null, 
            "substitutes": null, 
            "description": "", 
            "end_date": null, 
            "n_absent_votations": 0, 
            "n_rebel_votations": 0, 
            "institution": 9, 
            "person": 17, 
            "end_reason": "", 
            "original_charge": 18, 
            "start_date": "2008-04-29"
        }
    }, 
    {
        "pk": 135, 
        "model": "people.institutioncharge", 
        "fields": {
            "op_charge_id": null, 
            "n_present_votations": 0, 
            "substituted_by": null, 
            "substitutes": null, 
            "description": "", 
            "end_date": null, 
            "n_absent_votations": 0, 
            "n_rebel_votations": 0, 
            "institution": 9, 
            "person": 51, 
            "end_reason": "", 
            "original_charge": 54, 
            "start_date": "2008-04-29"
        }
    }, 
    {
        "pk": 136, 
        "model": "people.institutioncharge", 
        "fields": {
            "op_charge_id": null, 
            "n_present_votations": 0, 
            "substituted_by": null, 
            "substitutes": null, 
            "description": "", 
            "end_date": null, 
            "n_absent_votations": 0, 
            "n_rebel_votations": 0, 
            "institution": 9, 
            "person": 40, 
            "end_reason": "", 
            "original_charge": 43, 
            "start_date": "2008-04-29"
        }
    }, 
    {
        "pk": 137, 
        "model": "people.institutioncharge", 
        "fields": {
            "op_charge_id": null, 
            "n_present_votations": 0, 
            "substituted_by": null, 
            "substitutes": null, 
            "description": "", 
            "end_date": null, 
            "n_absent_votations": 0, 
            "n_rebel_votations": 0, 
            "institution": 9, 
            "person": 42, 
            "end_reason": "", 
            "original_charge": 45, 
            "start_date": "2008-04-29"
        }
    }, 
    {
        "pk": 138, 
        "model": "people.institutioncharge", 
        "fields": {
            "op_charge_id": null, 
            "n_present_votations": 0, 
            "substituted_by": null, 
            "substitutes": null, 
            "description": "", 
            "end_date": null, 
            "n_absent_votations": 0, 
            "n_rebel_votations": 0, 
            "institution": 9, 
            "person": 13, 
            "end_reason": "", 
            "original_charge": 14, 
            "start_date": "2008-04-29"
        }
    }, 
    {
        "pk": 139, 
        "model": "people.institutioncharge", 
        "fields": {
            "op_charge_id": null, 
            "n_present_votations": 0, 
            "substituted_by": null, 
            "substitutes": null, 
            "description": "", 
            "end_date": null, 
            "n_absent_votations": 0, 
            "n_rebel_votations": 0, 
            "institution": 9, 
            "person": 14, 
            "end_reason": "", 
            "original_charge": 15, 
            "start_date": "2008-04-29"
        }
    }, 
    {
        "pk": 1, 
        "model": "people.institutionresponsability", 
        "fields": {
            "charge_type": "MAYOR", 
            "charge": 1, 
            "start_date": "2008-04-29", 
            "end_date": null, 
            "description": "Sindaco"
        }
    }, 
    {
        "pk": 2, 
        "model": "people.institutionresponsability", 
        "fields": {
            "charge_type": "FIRSTDEPUTYMAYOR", 
            "charge": 9, 
            "start_date": "2008-05-05", 
            "end_date": null, 
            "description": "Vicesindaco"
        }
    }, 
    {
        "pk": 3, 
        "model": "people.institutionresponsability", 
        "fields": {
            "charge_type": "PRESIDENT", 
            "charge": 13, 
            "start_date": "2008-04-29", 
            "end_date": null, 
            "description": "Presidente del Consiglio Comunale"
        }
    }, 
    {
        "pk": 4, 
        "model": "people.institutionresponsability", 
        "fields": {
            "charge_type": "MAYOR", 
            "charge": 32, 
            "start_date": "2008-04-29", 
            "end_date": null, 
            "description": "Sindaco"
        }
    }, 
    {
        "pk": 5, 
        "model": "people.institutionresponsability", 
        "fields": {
            "charge_type": "PRESIDENT", 
            "charge": 57, 
            "start_date": "2008-04-29", 
            "end_date": null, 
            "description": ""
        }
    }, 
    {
        "pk": 6, 
        "model": "people.institutionresponsability", 
        "fields": {
            "charge_type": "VICE", 
            "charge": 64, 
            "start_date": "2008-04-29", 
            "end_date": null, 
            "description": ""
        }
    }, 
    {
        "pk": 7, 
        "model": "people.institutionresponsability", 
        "fields": {
            "charge_type": "VICE", 
            "charge": 74, 
            "start_date": "2008-04-29", 
            "end_date": null, 
            "description": ""
        }
    }, 
    {
        "pk": 8, 
        "model": "people.institutionresponsability", 
        "fields": {
            "charge_type": "PRESIDENT", 
            "charge": 77, 
            "start_date": "2008-04-29", 
            "end_date": null, 
            "description": ""
        }
    }, 
    {
        "pk": 9, 
        "model": "people.institutionresponsability", 
        "fields": {
            "charge_type": "PRESIDENT", 
            "charge": 88, 
            "start_date": "2008-04-29", 
            "end_date": null, 
            "description": ""
        }
    }, 
    {
        "pk": 10, 
        "model": "people.institutionresponsability", 
        "fields": {
            "charge_type": "PRESIDENT", 
            "charge": 105, 
            "start_date": "2008-04-29", 
            "end_date": null, 
            "description": ""
        }
    }, 
    {
        "pk": 11, 
        "model": "people.institutionresponsability", 
        "fields": {
            "charge_type": "PRESIDENT", 
            "charge": 126, 
            "start_date": "2008-04-29", 
            "end_date": null, 
            "description": ""
        }
    }, 
    {
        "pk": 12, 
        "model": "people.institutionresponsability", 
        "fields": {
            "charge_type": "VICE", 
            "charge": 120, 
            "start_date": "2008-04-29", 
            "end_date": null, 
            "description": ""
        }
    }, 
    {
        "pk": 13, 
        "model": "people.institutionresponsability", 
        "fields": {
            "charge_type": "PRESIDENT", 
            "charge": 134, 
            "start_date": "2008-04-29", 
            "end_date": null, 
            "description": ""
        }
    }, 
    {
        "pk": 14, 
        "model": "people.institutionresponsability", 
        "fields": {
            "charge_type": "VICE", 
            "charge": 132, 
            "start_date": "2008-04-29", 
            "end_date": null, 
            "description": ""
        }
    }, 
    {
        "pk": 1, 
        "model": "people.group", 
        "fields": {
            "acronym": "PD", 
            "name": "Partito democratico"
        }
    }, 
    {
        "pk": 2, 
        "model": "people.group", 
        "fields": {
            "acronym": "UDC", 
            "name": "UDC per la costituente"
        }
    }, 
    {
        "pk": 3, 
        "model": "people.group", 
        "fields": {
            "acronym": "Misto", 
            "name": "Misto"
        }
    }, 
    {
        "pk": 4, 
        "model": "people.group", 
        "fields": {
            "acronym": "IdV", 
            "name": "Italia dei valori"
        }
    }, 
    {
        "pk": 5, 
        "model": "people.group", 
        "fields": {
            "acronym": "PdL", 
            "name": "Popolo della libert\u00e0"
        }
    }, 
    {
        "pk": 7, 
        "model": "people.group", 
        "fields": {
            "acronym": "SeL", 
            "name": "Sinistra e libert\u00e0"
        }
    }, 
    {
        "pk": 8, 
        "model": "people.group", 
        "fields": {
            "acronym": "IH", 
            "name": "Innovare con Honsell"
        }
    }, 
    {
        "pk": 9, 
        "model": "people.group", 
        "fields": {
            "acronym": "SA", 
            "name": "La sinistra l'arcobaleno"
        }
    }, 
    {
        "pk": 10, 
        "model": "people.group", 
        "fields": {
            "acronym": "API", 
            "name": "Alleanza per l'Italia"
        }
    }, 
    {
        "pk": 11, 
        "model": "people.group", 
        "fields": {
            "acronym": "DO", 
            "name": "Domani \u00e8 con Ortis"
        }
    }, 
    {
        "pk": 12, 
        "model": "people.group", 
        "fields": {
            "acronym": "Lega", 
            "name": "Lega Nord"
        }
    }, 
    {
        "pk": 13, 
        "model": "people.group", 
        "fields": {
            "acronym": "PU", 
            "name": "Per Udine"
        }
    }, 
    {
        "pk": 14, 
        "model": "people.group", 
        "fields": {
            "acronym": "SOS", 
            "name": "SOS Italia - Popolo della libert\u00e0"
        }
    }, 
    {
        "pk": 1, 
        "model": "people.groupcharge", 
        "fields": {
            "group": 1, 
            "end_date": null, 
            "start_date": "2008-04-29", 
            "charge": 13, 
            "end_reason": "", 
            "charge_description": ""
        }
    }, 
    {
        "pk": 2, 
        "model": "people.groupcharge", 
        "fields": {
            "group": 2, 
            "end_date": null, 
            "start_date": "2008-04-29", 
            "charge": 14, 
            "end_reason": "", 
            "charge_description": ""
        }
    }, 
    {
        "pk": 3, 
        "model": "people.groupcharge", 
        "fields": {
            "group": 3, 
            "end_date": null, 
            "start_date": "2008-04-29", 
            "charge": 15, 
            "end_reason": "", 
            "charge_description": ""
        }
    }, 
    {
        "pk": 4, 
        "model": "people.groupcharge", 
        "fields": {
            "group": 4, 
            "end_date": null, 
            "start_date": "2009-09-28", 
            "charge": 16, 
            "end_reason": "", 
            "charge_description": ""
        }
    }, 
    {
        "pk": 5, 
        "model": "people.groupcharge", 
        "fields": {
            "group": 2, 
            "end_date": null, 
            "start_date": "2008-04-29", 
            "charge": 17, 
            "end_reason": "", 
            "charge_description": ""
        }
    }, 
    {
        "pk": 6, 
        "model": "people.groupcharge", 
        "fields": {
            "group": 5, 
            "end_date": null, 
            "start_date": "2008-04-29", 
            "charge": 18, 
            "end_reason": "", 
            "charge_description": ""
        }
    }, 
    {
        "pk": 7, 
        "model": "people.groupcharge", 
        "fields": {
            "group": 2, 
            "end_date": null, 
            "start_date": "2008-04-29", 
            "charge": 19, 
            "end_reason": "", 
            "charge_description": ""
        }
    }, 
    {
        "pk": 9, 
        "model": "people.groupcharge", 
        "fields": {
            "group": 2, 
            "end_date": null, 
            "start_date": "2009-11-30", 
            "charge": 21, 
            "end_reason": "", 
            "charge_description": ""
        }
    }, 
    {
        "pk": 13, 
        "model": "people.groupcharge", 
        "fields": {
            "group": 1, 
            "end_date": null, 
            "start_date": "2008-04-29", 
            "charge": 25, 
            "end_reason": "", 
            "charge_description": ""
        }
    }, 
    {
        "pk": 17, 
        "model": "people.groupcharge", 
        "fields": {
            "group": 1, 
            "end_date": null, 
            "start_date": "2009-01-07", 
            "charge": 29, 
            "end_reason": "", 
            "charge_description": ""
        }
    }, 
    {
        "pk": 18, 
        "model": "people.groupcharge", 
        "fields": {
            "group": 1, 
            "end_date": null, 
            "start_date": "2008-04-29", 
            "charge": 30, 
            "end_reason": "", 
            "charge_description": ""
        }
    }, 
    {
        "pk": 19, 
        "model": "people.groupcharge", 
        "fields": {
            "group": 1, 
            "end_date": null, 
            "start_date": "2008-04-29", 
            "charge": 31, 
            "end_reason": "", 
            "charge_description": ""
        }
    }, 
    {
        "pk": 21, 
        "model": "people.groupcharge", 
        "fields": {
            "group": 1, 
            "end_date": null, 
            "start_date": "2008-04-29", 
            "charge": 33, 
            "end_reason": "", 
            "charge_description": ""
        }
    }, 
    {
        "pk": 23, 
        "model": "people.groupcharge", 
        "fields": {
            "group": 5, 
            "end_date": null, 
            "start_date": "2009-12-21", 
            "charge": 35, 
            "end_reason": "", 
            "charge_description": ""
        }
    }, 
    {
        "pk": 24, 
        "model": "people.groupcharge", 
        "fields": {
            "group": 1, 
            "end_date": null, 
            "start_date": "2008-11-03", 
            "charge": 36, 
            "end_reason": "", 
            "charge_description": ""
        }
    }, 
    {
        "pk": 25, 
        "model": "people.groupcharge", 
        "fields": {
            "group": 5, 
            "end_date": null, 
            "start_date": "2008-04-29", 
            "charge": 37, 
            "end_reason": "", 
            "charge_description": ""
        }
    }, 
    {
        "pk": 28, 
        "model": "people.groupcharge", 
        "fields": {
            "group": 1, 
            "end_date": null, 
            "start_date": "2011-02-18", 
            "charge": 40, 
            "end_reason": "", 
            "charge_description": ""
        }
    }, 
    {
        "pk": 29, 
        "model": "people.groupcharge", 
        "fields": {
            "group": 5, 
            "end_date": null, 
            "start_date": "2009-11-30", 
            "charge": 41, 
            "end_reason": "", 
            "charge_description": ""
        }
    }, 
    {
        "pk": 30, 
        "model": "people.groupcharge", 
        "fields": {
            "group": 7, 
            "end_date": null, 
            "start_date": "2008-04-29", 
            "charge": 42, 
            "end_reason": "", 
            "charge_description": ""
        }
    }, 
    {
        "pk": 32, 
        "model": "people.groupcharge", 
        "fields": {
            "group": 5, 
            "end_date": null, 
            "start_date": "2008-04-29", 
            "charge": 44, 
            "end_reason": "", 
            "charge_description": ""
        }
    }, 
    {
        "pk": 35, 
        "model": "people.groupcharge", 
        "fields": {
            "group": 1, 
            "end_date": null, 
            "start_date": "2008-04-29", 
            "charge": 47, 
            "end_reason": "", 
            "charge_description": ""
        }
    }, 
    {
        "pk": 36, 
        "model": "people.groupcharge", 
        "fields": {
            "group": 1, 
            "end_date": null, 
            "start_date": "2008-08-05", 
            "charge": 48, 
            "end_reason": "", 
            "charge_description": ""
        }
    }, 
    {
        "pk": 37, 
        "model": "people.groupcharge", 
        "fields": {
            "group": 1, 
            "end_date": null, 
            "start_date": "2008-04-29", 
            "charge": 49, 
            "end_reason": "", 
            "charge_description": ""
        }
    }, 
    {
        "pk": 38, 
        "model": "people.groupcharge", 
        "fields": {
            "group": 3, 
            "end_date": null, 
            "start_date": "2008-04-29", 
            "charge": 50, 
            "end_reason": "", 
            "charge_description": ""
        }
    }, 
    {
        "pk": 39, 
        "model": "people.groupcharge", 
        "fields": {
            "group": 1, 
            "end_date": null, 
            "start_date": "2008-04-29", 
            "charge": 51, 
            "end_reason": "", 
            "charge_description": ""
        }
    }, 
    {
        "pk": 41, 
        "model": "people.groupcharge", 
        "fields": {
            "group": 5, 
            "end_date": null, 
            "start_date": "2008-04-29", 
            "charge": 53, 
            "end_reason": "", 
            "charge_description": ""
        }
    }, 
    {
        "pk": 43, 
        "model": "people.groupcharge", 
        "fields": {
            "group": 8, 
            "end_date": null, 
            "start_date": "2008-04-29", 
            "charge": 23, 
            "end_reason": "", 
            "charge_description": ""
        }
    }, 
    {
        "pk": 44, 
        "model": "people.groupcharge", 
        "fields": {
            "group": 8, 
            "end_date": null, 
            "start_date": "2012-02-07", 
            "charge": 52, 
            "end_reason": "", 
            "charge_description": ""
        }
    }, 
    {
        "pk": 45, 
        "model": "people.groupcharge", 
        "fields": {
            "group": 8, 
            "end_date": null, 
            "start_date": "2008-04-29", 
            "charge": 26, 
            "end_reason": "", 
            "charge_description": ""
        }
    }, 
    {
        "pk": 46, 
        "model": "people.groupcharge", 
        "fields": {
            "group": 8, 
            "end_date": null, 
            "start_date": "2008-04-29", 
            "charge": 28, 
            "end_reason": "", 
            "charge_description": ""
        }
    }, 
    {
        "pk": 47, 
        "model": "people.groupcharge", 
        "fields": {
            "group": 8, 
            "end_date": null, 
            "start_date": "2008-04-29", 
            "charge": 38, 
            "end_reason": "", 
            "charge_description": ""
        }
    }, 
    {
        "pk": 48, 
        "model": "people.groupcharge", 
        "fields": {
            "group": 14, 
            "end_date": null, 
            "start_date": "2008-11-28", 
            "charge": 45, 
            "end_reason": "", 
            "charge_description": ""
        }
    }, 
    {
        "pk": 49, 
        "model": "people.groupcharge", 
        "fields": {
            "group": 10, 
            "end_date": null, 
            "start_date": "2008-04-29", 
            "charge": 20, 
            "end_reason": "", 
            "charge_description": ""
        }
    }, 
    {
        "pk": 50, 
        "model": "people.groupcharge", 
        "fields": {
            "group": 11, 
            "end_date": null, 
            "start_date": "2008-04-29", 
            "charge": 39, 
            "end_reason": "", 
            "charge_description": ""
        }
    }, 
    {
        "pk": 51, 
        "model": "people.groupcharge", 
        "fields": {
            "group": 11, 
            "end_date": null, 
            "start_date": "2008-04-29", 
            "charge": 46, 
            "end_reason": "", 
            "charge_description": ""
        }
    }, 
    {
        "pk": 52, 
        "model": "people.groupcharge", 
        "fields": {
            "group": 12, 
            "end_date": null, 
            "start_date": "2008-04-29", 
            "charge": 27, 
            "end_reason": "", 
            "charge_description": ""
        }
    }, 
    {
        "pk": 53, 
        "model": "people.groupcharge", 
        "fields": {
            "group": 12, 
            "end_date": null, 
            "start_date": "2008-04-29", 
            "charge": 54, 
            "end_reason": "", 
            "charge_description": ""
        }
    }, 
    {
        "pk": 54, 
        "model": "people.groupcharge", 
        "fields": {
            "group": 13, 
            "end_date": null, 
            "start_date": "2011-03-28", 
            "charge": 43, 
            "end_reason": "", 
            "charge_description": ""
        }
    }, 
    {
        "pk": 55, 
        "model": "people.groupcharge", 
        "fields": {
            "group": 9, 
            "end_date": null, 
            "start_date": "2009-07-27", 
            "charge": 34, 
            "end_reason": "", 
            "charge_description": ""
        }
    }, 
    {
        "pk": 56, 
        "model": "people.groupcharge", 
        "fields": {
            "group": 8, 
            "end_date": null, 
            "start_date": "2008-04-29", 
            "charge": 32, 
            "end_reason": "", 
            "charge_description": ""
        }
    }, 
    {
        "pk": 57, 
        "model": "people.groupcharge", 
        "fields": {
            "group": 8, 
            "end_date": null, 
            "start_date": "2008-11-03", 
            "charge": 24, 
            "end_reason": "", 
            "charge_description": ""
        }
    }, 
    {
        "pk": 1, 
        "model": "people.groupresponsability", 
        "fields": {
            "charge_type": "LEADER", 
            "charge": 21, 
            "start_date": "2008-04-29", 
            "end_date": null, 
            "description": ""
        }
    }, 
    {
        "pk": 2, 
        "model": "people.groupresponsability", 
        "fields": {
            "charge_type": "DEPUTY", 
            "charge": 37, 
            "start_date": "2008-04-29", 
            "end_date": null, 
            "description": ""
        }
    }, 
    {
        "pk": 3, 
        "model": "people.groupresponsability", 
        "fields": {
            "charge_type": "MAYOR", 
            "charge": 56, 
            "start_date": "2008-04-29", 
            "end_date": null, 
            "description": ""
        }
    }, 
    {
        "pk": 4, 
        "model": "people.groupresponsability", 
        "fields": {
            "charge_type": "LEADER", 
            "charge": 47, 
            "start_date": "2008-04-29", 
            "end_date": null, 
            "description": ""
        }
    }, 
    {
        "pk": 5, 
        "model": "people.groupresponsability", 
        "fields": {
            "charge_type": "DEPUTY", 
            "charge": 45, 
            "start_date": "2008-04-29", 
            "end_date": null, 
            "description": ""
        }
    }, 
    {
        "pk": 6, 
        "model": "people.groupresponsability", 
        "fields": {
            "charge_type": "LEADER", 
            "charge": 30, 
            "start_date": "2008-04-29", 
            "end_date": null, 
            "description": ""
        }
    }, 
    {
        "pk": 7, 
        "model": "people.groupresponsability", 
        "fields": {
            "charge_type": "LEADER", 
            "charge": 38, 
            "start_date": "2008-04-29", 
            "end_date": null, 
            "description": ""
        }
    }, 
    {
        "pk": 8, 
        "model": "people.groupresponsability", 
        "fields": {
            "charge_type": "LEADER", 
            "charge": 49, 
            "start_date": "2008-04-29", 
            "end_date": null, 
            "description": ""
        }
    }, 
    {
        "pk": 9, 
        "model": "people.groupresponsability", 
        "fields": {
            "charge_type": "LEADER", 
            "charge": 4, 
            "start_date": "2008-04-29", 
            "end_date": null, 
            "description": ""
        }
    }, 
    {
        "pk": 10, 
        "model": "people.groupresponsability", 
        "fields": {
            "charge_type": "LEADER", 
            "charge": 50, 
            "start_date": "2008-04-29", 
            "end_date": null, 
            "description": ""
        }
    }, 
    {
        "pk": 11, 
        "model": "people.groupresponsability", 
        "fields": {
            "charge_type": "DEPUTY", 
            "charge": 51, 
            "start_date": "2008-04-29", 
            "end_date": null, 
            "description": ""
        }
    }, 
    {
        "pk": 12, 
        "model": "people.groupresponsability", 
        "fields": {
            "charge_type": "LEADER", 
            "charge": 6, 
            "start_date": "2008-04-29", 
            "end_date": null, 
            "description": ""
        }
    }, 
    {
        "pk": 13, 
        "model": "people.groupresponsability", 
        "fields": {
            "charge_type": "DEPUTY", 
            "charge": 41, 
            "start_date": "2008-04-29", 
            "end_date": null, 
            "description": ""
        }
    }, 
    {
        "pk": 14, 
        "model": "people.groupresponsability", 
        "fields": {
            "charge_type": "LEADER", 
            "charge": 52, 
            "start_date": "2008-04-29", 
            "end_date": null, 
            "description": ""
        }
    }, 
    {
        "pk": 15, 
        "model": "people.groupresponsability", 
        "fields": {
            "charge_type": "LEADER", 
            "charge": 7, 
            "start_date": "2008-04-29", 
            "end_date": null, 
            "description": ""
        }
    }, 
    {
        "pk": 16, 
        "model": "people.groupresponsability", 
        "fields": {
            "charge_type": "DEPUTY", 
            "charge": 5, 
            "start_date": "2008-04-29", 
            "end_date": null, 
            "description": ""
        }
    }, 
    {
        "pk": 17, 
        "model": "people.groupresponsability", 
        "fields": {
            "charge_type": "LEADER", 
            "charge": 54, 
            "start_date": "2008-04-29", 
            "end_date": null, 
            "description": ""
        }
    }, 
    {
        "pk": 18, 
        "model": "people.groupresponsability", 
        "fields": {
            "charge_type": "LEADER", 
            "charge": 48, 
            "start_date": "2008-04-29", 
            "end_date": null, 
            "description": ""
        }
    }, 
    {
        "pk": 1, 
        "model": "people.groupismajority", 
        "fields": {
            "group": 1, 
            "is_majority": true, 
            "end_date": null, 
            "start_date": "2008-04-29"
        }
    }, 
    {
        "pk": 2, 
        "model": "people.groupismajority", 
        "fields": {
            "group": 8, 
            "is_majority": true, 
            "end_date": null, 
            "start_date": "2008-04-29"
        }
    }, 
    {
        "pk": 3, 
        "model": "people.groupismajority", 
        "fields": {
            "group": 9, 
            "is_majority": true, 
            "end_date": null, 
            "start_date": "2008-04-29"
        }
    }, 
    {
        "pk": 4, 
        "model": "people.groupismajority", 
        "fields": {
            "group": 7, 
            "is_majority": true, 
            "end_date": null, 
            "start_date": "2008-04-29"
        }
    }, 
    {
        "pk": 5, 
        "model": "people.groupismajority", 
        "fields": {
            "group": 4, 
            "is_majority": true, 
            "end_date": null, 
            "start_date": "2008-04-29"
        }
    }, 
    {
        "pk": 6, 
        "model": "people.groupismajority", 
        "fields": {
            "group": 2, 
            "is_majority": true, 
            "end_date": null, 
            "start_date": "2008-04-29"
        }
    }, 
    {
        "pk": 7, 
        "model": "people.groupismajority", 
        "fields": {
            "group": 14, 
            "is_majority": false, 
            "end_date": null, 
            "start_date": "2008-04-29"
        }
    }, 
    {
        "pk": 8, 
        "model": "people.groupismajority", 
        "fields": {
            "group": 13, 
            "is_majority": false, 
            "end_date": null, 
            "start_date": "2008-04-29"
        }
    }, 
    {
        "pk": 9, 
        "model": "people.groupismajority", 
        "fields": {
            "group": 12, 
            "is_majority": false, 
            "end_date": null, 
            "start_date": "2008-04-29"
        }
    }, 
    {
        "pk": 10, 
        "model": "people.groupismajority", 
        "fields": {
            "group": 11, 
            "is_majority": false, 
            "end_date": null, 
            "start_date": "2008-04-29"
        }
    }, 
    {
        "pk": 11, 
        "model": "people.groupismajority", 
        "fields": {
            "group": 10, 
            "is_majority": true, 
            "end_date": null, 
            "start_date": "2008-04-29"
        }
    }, 
    {
        "pk": 12, 
        "model": "people.groupismajority", 
        "fields": {
            "group": 5, 
            "is_majority": false, 
            "end_date": null, 
            "start_date": "2008-04-29"
        }
    }, 
    {
        "pk": 1, 
        "model": "people.institution", 
        "fields": {
            "institution_type": 1, 
            "description": "Descrizione dell'istituzione ufficio del sindaco", 
            "name": "Sindaco", 
            "parent": null, 
            "slug": "sindaco"
        }
    }, 
    {
        "pk": 2, 
        "model": "people.institution", 
        "fields": {
            "institution_type": 2, 
            "description": "Descrizione dell'istituzione Giunta", 
            "name": "Giunta comunale", 
            "parent": 1, 
            "slug": "giunta-comunale"
        }
    }, 
    {
        "pk": 3, 
        "model": "people.institution", 
        "fields": {
            "institution_type": 3, 
            "description": "Descrizione dell'istituzione Consiglio", 
            "name": "Consiglio comunale", 
            "parent": 1, 
            "slug": "consiglio-comunale"
        }
    }, 
    {
        "pk": 4, 
        "model": "people.institution", 
        "fields": {
            "institution_type": 4, 
            "description": "Bilancio e programmazione", 
            "name": "1^ commissione", 
            "parent": 3, 
            "slug": "1-commissione"
        }
    }, 
    {
        "pk": 5, 
        "model": "people.institution", 
        "fields": {
            "institution_type": 4, 
            "description": "Urbanistica, Infrastrutture e Lavori pubblici", 
            "name": "2^ commissione", 
            "parent": 3, 
            "slug": "2-commissione"
        }
    }, 
    {
        "pk": 6, 
        "model": "people.institution", 
        "fields": {
            "institution_type": 4, 
            "description": "Citt\u00e0 sostenibile (Ambiente, Mobilit\u00e0, Energia, Trasporto pubblico), frazioni, attivit\u00e0 produttive, sport", 
            "name": "3^ commissione", 
            "parent": 3, 
            "slug": "3-commissione"
        }
    }, 
    {
        "pk": 7, 
        "model": "people.institution", 
        "fields": {
            "institution_type": 4, 
            "description": "Servizi alla Persona, Pubblica Istruzione e Politiche Giovanili", 
            "name": "4^ commissione", 
            "parent": 3, 
            "slug": "4-commissione"
        }
    }, 
    {
        "pk": 8, 
        "model": "people.institution", 
        "fields": {
            "institution_type": 4, 
            "description": "Cultura, Promozione e Turismo", 
            "name": "5^ commissione", 
            "parent": 3, 
            "slug": "5-commissione"
        }
    }, 
    {
        "pk": 9, 
        "model": "people.institution", 
        "fields": {
            "institution_type": 4, 
            "description": "Risorse Finanziarie e Patrimonio", 
            "name": "6^ commissione", 
            "parent": 3, 
            "slug": "6-commissione"
        }
    }
]