[
    {
        "pk": 1, 
        "model": "people.person", 
        "fields": {
            "first_name": "ELDA", 
            "last_name": "GEROSOLIMO", 
            "birth_location": "Castelpagano (BN)", 
            "op_politician_id": null, 
            "sex": 0, 
            "birth_date": "1965-12-15", 
            "slug": "elda-gerosolimo-1965-12-15"
        }
    }, 
    {
        "pk": 2, 
        "model": "people.person", 
        "fields": {
            "first_name": "CARMELO", 
            "last_name": "MARCANDALLI", 
            "birth_location": "FRAZZANO'", 
            "op_politician_id": null, 
            "sex": 0, 
            "birth_date": "1944-01-26", 
            "slug": "carmelo-marcandalli-1944-01-26"
        }
    }, 
    {
        "pk": 3, 
        "model": "people.person", 
        "fields": {
            "first_name": "Pier", 
            "last_name": "ROVIGATTI", 
            "birth_location": "Airuno (LC)", 
            "op_politician_id": null, 
            "sex": 1, 
            "birth_date": "1970-03-10", 
            "slug": "pier-rovigatti-1970-03-10"
        }
    }, 
    {
        "pk": 4, 
        "model": "people.person", 
        "fields": {
            "first_name": "SALOVATORE", 
            "last_name": "RISI", 
            "birth_location": "San Giuliano Terme", 
            "op_politician_id": null, 
            "sex": 1, 
            "birth_date": "1945-08-30", 
            "slug": "salovatore-risi-1945-08-30"
        }
    }, 
    {
        "pk": 5, 
        "model": "people.person", 
        "fields": {
            "first_name": "MARIA", 
            "last_name": "ZACCARELLA", 
            "birth_location": "Monselice", 
            "op_politician_id": null, 
            "sex": 0, 
            "birth_date": "1952-02-15", 
            "slug": "maria-zaccarella-1952-02-15"
        }
    }, 
    {
        "pk": 6, 
        "model": "people.person", 
        "fields": {
            "first_name": "BIAGIO", 
            "last_name": "DECOSTANZI", 
            "birth_location": "Torre d'Arese (PV)", 
            "op_politician_id": null, 
            "sex": 1, 
            "birth_date": "1968-02-23", 
            "slug": "biagio-decostanzi-1968-02-23"
        }
    }, 
    {
        "pk": 7, 
        "model": "people.person", 
        "fields": {
            "first_name": "LUCILIO", 
            "last_name": "Garcia", 
            "birth_location": "High Wicombe", 
            "op_politician_id": null, 
            "sex": 1, 
            "birth_date": "1967-04-07", 
            "slug": "lucilio-garcia-1967-04-07"
        }
    }, 
    {
        "pk": 8, 
        "model": "people.person", 
        "fields": {
            "first_name": "St", 
            "last_name": "PROVERBIO", 
            "birth_location": "SAN GIORGIO DEL SANNO", 
            "op_politician_id": null, 
            "sex": 1, 
            "birth_date": "1972-03-23", 
            "slug": "st-proverbio-1972-03-23"
        }
    }, 
    {
        "pk": 9, 
        "model": "people.person", 
        "fields": {
            "first_name": "LUCIANO", 
            "last_name": "REDDA", 
            "birth_location": "Spigno Monferrato (AL)", 
            "op_politician_id": null, 
            "sex": 1, 
            "birth_date": "1973-02-01", 
            "slug": "luciano-redda-1973-02-01"
        }
    }, 
    {
        "pk": 10, 
        "model": "people.person", 
        "fields": {
            "first_name": "SILVANA", 
            "last_name": "VELTRO", 
            "birth_location": "Remanzacco (UD)", 
            "op_politician_id": null, 
            "sex": 0, 
            "birth_date": "1952-02-16", 
            "slug": "silvana-veltro-1952-02-16"
        }
    }, 
    {
        "pk": 11, 
        "model": "people.person", 
        "fields": {
            "first_name": "Giuseppa", 
            "last_name": "BELGIOIOSO", 
            "birth_location": "Cernusco S/n (MI)", 
            "op_politician_id": null, 
            "sex": 0, 
            "birth_date": "1967-05-25", 
            "slug": "giuseppa-belgioioso-1967-05-25"
        }
    }, 
    {
        "pk": 12, 
        "model": "people.person", 
        "fields": {
            "first_name": "Pascal", 
            "last_name": "STORTONI", 
            "birth_location": "Avise (AO)", 
            "op_politician_id": null, 
            "sex": 1, 
            "birth_date": "1947-11-11", 
            "slug": "pascal-stortoni-1947-11-11"
        }
    }, 
    {
        "pk": 13, 
        "model": "people.person", 
        "fields": {
            "first_name": "GREGORIO", 
            "last_name": "DI GRACI", 
            "birth_location": "Corfinio (AQ)", 
            "op_politician_id": null, 
            "sex": 1, 
            "birth_date": "1955-12-30", 
            "slug": "gregorio-di-graci-1955-12-30"
        }
    }, 
    {
        "pk": 14, 
        "model": "people.person", 
        "fields": {
            "first_name": "MARTINO", 
            "last_name": "DOMENICHETTI", 
            "birth_location": "Monte Grimano Terme (PU)", 
            "op_politician_id": null, 
            "sex": 1, 
            "birth_date": "1946-12-01", 
            "slug": "martino-domenichetti-1946-12-01"
        }
    }, 
    {
        "pk": 15, 
        "model": "people.person", 
        "fields": {
            "first_name": "Mimma", 
            "last_name": "FRANCARDI", 
            "birth_location": "Quarrata (PT)", 
            "op_politician_id": null, 
            "sex": 0, 
            "birth_date": "1941-07-04", 
            "slug": "mimma-francardi-1941-07-04"
        }
    }, 
    {
        "pk": 16, 
        "model": "people.person", 
        "fields": {
            "first_name": "PRIAMO", 
            "last_name": "MILO", 
            "birth_location": "TRAVAC\u00ca SICCOMARIO", 
            "op_politician_id": null, 
            "sex": 1, 
            "birth_date": "1941-03-02", 
            "slug": "priamo-milo-1941-03-02"
        }
    }, 
    {
        "pk": 17, 
        "model": "people.person", 
        "fields": {
            "first_name": "DEBORA", 
            "last_name": "CERELLA", 
            "birth_location": "Muro Lucano (PZ)", 
            "op_politician_id": null, 
            "sex": 0, 
            "birth_date": "1948-12-22", 
            "slug": "debora-cerella-1948-12-22"
        }
    }, 
    {
        "pk": 18, 
        "model": "people.person", 
        "fields": {
            "first_name": "ROBERTO", 
            "last_name": "EMPEREUR", 
            "birth_location": "Morro d'Oro (TE)", 
            "op_politician_id": null, 
            "sex": 1, 
            "birth_date": "1961-12-01", 
            "slug": "roberto-empereur-1961-12-01"
        }
    }, 
    {
        "pk": 19, 
        "model": "people.person", 
        "fields": {
            "first_name": "ASTELVIO", 
            "last_name": "PAPPONE", 
            "birth_location": "LIDORIKION GRECIA", 
            "op_politician_id": null, 
            "sex": 1, 
            "birth_date": "1945-10-06", 
            "slug": "astelvio-pappone-1945-10-06"
        }
    }, 
    {
        "pk": 20, 
        "model": "people.person", 
        "fields": {
            "first_name": "Dario", 
            "last_name": "MARTINANGELO", 
            "birth_location": "Sant'Olcese (GE)", 
            "op_politician_id": null, 
            "sex": 1, 
            "birth_date": "1951-04-12", 
            "slug": "dario-martinangelo-1951-04-12"
        }
    }, 
    {
        "pk": 21, 
        "model": "people.person", 
        "fields": {
            "first_name": "RICHART", 
            "last_name": "SACCARDO", 
            "birth_location": "Bene Vagienna (CN)", 
            "op_politician_id": null, 
            "sex": 1, 
            "birth_date": "1961-12-30", 
            "slug": "richart-saccardo-1961-12-30"
        }
    }, 
    {
        "pk": 22, 
        "model": "people.person", 
        "fields": {
            "first_name": "VALERIO", 
            "last_name": "DROGO", 
            "birth_location": "San Romano G.na (LU)", 
            "op_politician_id": null, 
            "sex": 1, 
            "birth_date": "1958-10-11", 
            "slug": "valerio-drogo-1958-10-11"
        }
    }, 
    {
        "pk": 23, 
        "model": "people.person", 
        "fields": {
            "first_name": "Donatuccio", 
            "last_name": "KASSLATTER MUR", 
            "birth_location": "Escalaplano (CA)", 
            "op_politician_id": null, 
            "sex": 1, 
            "birth_date": "1958-12-17", 
            "slug": "donatuccio-kasslatter-mur-1958-12-17"
        }
    }, 
    {
        "pk": 24, 
        "model": "people.person", 
        "fields": {
            "first_name": "MARGHERITA", 
            "last_name": "GHILARDELLI", 
            "birth_location": "Vivaro (PN)", 
            "op_politician_id": null, 
            "sex": 0, 
            "birth_date": "1983-07-27", 
            "slug": "margherita-ghilardelli-1983-07-27"
        }
    }, 
    {
        "pk": 25, 
        "model": "people.person", 
        "fields": {
            "first_name": "Maxim", 
            "last_name": "MOBILIO", 
            "birth_location": "Palanzano Parma", 
            "op_politician_id": null, 
            "sex": 1, 
            "birth_date": "1946-12-18", 
            "slug": "maxim-mobilio-1946-12-18"
        }
    }, 
    {
        "pk": 26, 
        "model": "people.person", 
        "fields": {
            "first_name": "ANNA", 
            "last_name": "DE CANDIDO", 
            "birth_location": "ROCCA S.CASCIANO", 
            "op_politician_id": null, 
            "sex": 0, 
            "birth_date": "1968-06-30", 
            "slug": "anna-de-candido-1968-06-30"
        }
    }, 
    {
        "pk": 27, 
        "model": "people.person", 
        "fields": {
            "first_name": "DANIELE", 
            "last_name": "PAIRETTI", 
            "birth_location": "Bagnolo Piemonte (CN)", 
            "op_politician_id": null, 
            "sex": 1, 
            "birth_date": "1949-09-15", 
            "slug": "daniele-pairetti-1949-09-15"
        }
    }, 
    {
        "pk": 28, 
        "model": "people.person", 
        "fields": {
            "first_name": "IVA", 
            "last_name": "CREVACORE", 
            "birth_location": "Valtournenche (AO)", 
            "op_politician_id": null, 
            "sex": 0, 
            "birth_date": "1951-05-09", 
            "slug": "iva-crevacore-1951-05-09"
        }
    }, 
    {
        "pk": 29, 
        "model": "people.person", 
        "fields": {
            "first_name": "CARLO", 
            "last_name": "BRIATA", 
            "birth_location": "Chiusanico (IM)", 
            "op_politician_id": null, 
            "sex": 1, 
            "birth_date": "1940-06-30", 
            "slug": "carlo-briata-1940-06-30"
        }
    }, 
    {
        "pk": 30, 
        "model": "people.person", 
        "fields": {
            "first_name": "DENNI", 
            "last_name": "CESARONI", 
            "birth_location": "Chiusano di San Domenico (AV)", 
            "op_politician_id": null, 
            "sex": 1, 
            "birth_date": "1948-10-31", 
            "slug": "denni-cesaroni-1948-10-31"
        }
    }, 
    {
        "pk": 31, 
        "model": "people.person", 
        "fields": {
            "first_name": "FRANCA", 
            "last_name": "Melorio", 
            "birth_location": "Pastena (FR)", 
            "op_politician_id": null, 
            "sex": 0, 
            "birth_date": "1950-01-08", 
            "slug": "franca-melorio-1950-01-08"
        }
    }, 
    {
        "pk": 32, 
        "model": "people.person", 
        "fields": {
            "first_name": "DPMENICO", 
            "last_name": "NOGAROLE", 
            "birth_location": "Salussola (BI)", 
            "op_politician_id": null, 
            "sex": 1, 
            "birth_date": "1934-02-20", 
            "slug": "dpmenico-nogarole-1934-02-20"
        }
    }, 
    {
        "pk": 33, 
        "model": "people.person", 
        "fields": {
            "first_name": "GIUSEPPANTONIO", 
            "last_name": "DANIELI", 
            "birth_location": "Opera (MI)", 
            "op_politician_id": null, 
            "sex": 1, 
            "birth_date": "1978-12-05", 
            "slug": "giuseppantonio-danieli-1978-12-05"
        }
    }, 
    {
        "pk": 34, 
        "model": "people.person", 
        "fields": {
            "first_name": "FAUSTA", 
            "last_name": "BORRERI", 
            "birth_location": "Selci (RI)", 
            "op_politician_id": null, 
            "sex": 0, 
            "birth_date": "1981-10-05", 
            "slug": "fausta-borreri-1981-10-05"
        }
    }, 
    {
        "pk": 35, 
        "model": "people.person", 
        "fields": {
            "first_name": "Maria", 
            "last_name": "OLMO", 
            "birth_location": "Vita (TP)", 
            "op_politician_id": null, 
            "sex": 0, 
            "birth_date": "1964-07-30", 
            "slug": "maria-olmo-1964-07-30"
        }
    }, 
    {
        "pk": 36, 
        "model": "people.person", 
        "fields": {
            "first_name": "LUIGI", 
            "last_name": "BOSETTI", 
            "birth_location": "San Gregorio di Catania (CT)", 
            "op_politician_id": null, 
            "sex": 1, 
            "birth_date": "1938-11-10", 
            "slug": "luigi-bosetti-1938-11-10"
        }
    }, 
    {
        "pk": 37, 
        "model": "people.person", 
        "fields": {
            "first_name": "ROGER", 
            "last_name": "Puorro", 
            "birth_location": "Casciago (VA)", 
            "op_politician_id": null, 
            "sex": 1, 
            "birth_date": "1978-04-05", 
            "slug": "roger-puorro-1978-04-05"
        }
    }, 
    {
        "pk": 38, 
        "model": "people.person", 
        "fields": {
            "first_name": "IRIANNA", 
            "last_name": "STROLA", 
            "birth_location": "Ferentillo (TR)", 
            "op_politician_id": null, 
            "sex": 0, 
            "birth_date": "1982-04-09", 
            "slug": "irianna-strola-1982-04-09"
        }
    }, 
    {
        "pk": 39, 
        "model": "people.person", 
        "fields": {
            "first_name": "PAOLA", 
            "last_name": "CIARFAGLIA", 
            "birth_location": "MONTANDO DORA", 
            "op_politician_id": null, 
            "sex": 0, 
            "birth_date": "1967-07-10", 
            "slug": "paola-ciarfaglia-1967-07-10"
        }
    }, 
    {
        "pk": 40, 
        "model": "people.person", 
        "fields": {
            "first_name": "VOLMER", 
            "last_name": "CATALUDDI", 
            "birth_location": "Valsecca (BG)", 
            "op_politician_id": null, 
            "sex": 1, 
            "birth_date": "1949-05-11", 
            "slug": "volmer-cataluddi-1949-05-11"
        }
    }, 
    {
        "pk": 41, 
        "model": "people.person", 
        "fields": {
            "first_name": "CICC", 
            "last_name": "ADORISIO", 
            "birth_location": "Calabritto (AV)", 
            "op_politician_id": null, 
            "sex": 1, 
            "birth_date": "1968-12-25", 
            "slug": "cicc-adorisio-1968-12-25"
        }
    }, 
    {
        "pk": 42, 
        "model": "people.person", 
        "fields": {
            "first_name": "ANNIBALE", 
            "last_name": "VELASCO", 
            "birth_location": "Spadola (CZ)", 
            "op_politician_id": null, 
            "sex": 1, 
            "birth_date": "1942-10-12", 
            "slug": "annibale-velasco-1942-10-12"
        }
    }, 
    {
        "pk": 43, 
        "model": "people.person", 
        "fields": {
            "first_name": "RINALDO", 
            "last_name": "CERBINO", 
            "birth_location": "FRANKENBERG GERMANIA", 
            "op_politician_id": null, 
            "sex": 1, 
            "birth_date": "1924-04-03", 
            "slug": "rinaldo-cerbino-1924-04-03"
        }
    }, 
    {
        "pk": 44, 
        "model": "people.person", 
        "fields": {
            "first_name": "ALEKSANDAR", 
            "last_name": "BERENGO", 
            "birth_location": "Budrio (BO)", 
            "op_politician_id": null, 
            "sex": 1, 
            "birth_date": "1975-03-18", 
            "slug": "aleksandar-berengo-1975-03-18"
        }
    }, 
    {
        "pk": 45, 
        "model": "people.person", 
        "fields": {
            "first_name": "MASIMILIANO", 
            "last_name": "PAU", 
            "birth_location": "Lanzada (SO)", 
            "op_politician_id": null, 
            "sex": 1, 
            "birth_date": "1989-02-05", 
            "slug": "masimiliano-pau-1989-02-05"
        }
    }, 
    {
        "pk": 46, 
        "model": "people.person", 
        "fields": {
            "first_name": "VITTOTIO", 
            "last_name": "CINQUESANTI", 
            "birth_location": "Castegnato (BS)", 
            "op_politician_id": null, 
            "sex": 1, 
            "birth_date": "1965-02-12", 
            "slug": "vittotio-cinquesanti-1965-02-12"
        }
    }, 
    {
        "pk": 47, 
        "model": "people.person", 
        "fields": {
            "first_name": "SILVIO", 
            "last_name": "PIERAMI", 
            "birth_location": "Ruvo di Puglia (BA)", 
            "op_politician_id": null, 
            "sex": 1, 
            "birth_date": "1966-08-02", 
            "slug": "silvio-pierami-1966-08-02"
        }
    }, 
    {
        "pk": 48, 
        "model": "people.person", 
        "fields": {
            "first_name": "EZECHIA", 
            "last_name": "ZIVERI", 
            "birth_location": "Sanzeno (TN)", 
            "op_politician_id": null, 
            "sex": 1, 
            "birth_date": "1958-11-14", 
            "slug": "ezechia-ziveri-1958-11-14"
        }
    }, 
    {
        "pk": 1, 
        "model": "people.institutioncharge", 
        "fields": {
            "charge_type": 1, 
            "op_charge_id": null, 
            "substituted_by": null, 
            "substitutes": null, 
            "description": "Descrizione incarico di sindaco", 
            "end_date": null, 
            "n_rebel_votations": 0, 
            "institution": 1, 
            "person": 1, 
            "end_reason": "", 
            "start_date": "2008-05-08"
        }
    }, 
    {
        "pk": 2, 
        "model": "people.institutioncharge", 
        "fields": {
            "charge_type": 3, 
            "op_charge_id": null, 
            "substituted_by": null, 
            "substitutes": null, 
            "description": "Consigliere semplice", 
            "end_date": null, 
            "n_rebel_votations": 8, 
            "institution": 3, 
            "person": 2, 
            "end_reason": "", 
            "start_date": "2008-05-08"
        }
    }, 
    {
        "pk": 3, 
        "model": "people.institutioncharge", 
        "fields": {
            "charge_type": 3, 
            "op_charge_id": null, 
            "substituted_by": null, 
            "substitutes": null, 
            "description": "Consigliere semplice", 
            "end_date": null, 
            "n_rebel_votations": 10, 
            "institution": 3, 
            "person": 3, 
            "end_reason": "", 
            "start_date": "2008-05-08"
        }
    }, 
    {
        "pk": 4, 
        "model": "people.institutioncharge", 
        "fields": {
            "charge_type": 4, 
            "op_charge_id": null, 
            "substituted_by": null, 
            "substitutes": null, 
            "description": "Presidente del Consiglio Comunale", 
            "end_date": null, 
            "n_rebel_votations": 0, 
            "institution": 3, 
            "person": 3, 
            "end_reason": "", 
            "start_date": "2008-05-08"
        }
    }, 
    {
        "pk": 5, 
        "model": "people.institutioncharge", 
        "fields": {
            "charge_type": 3, 
            "op_charge_id": null, 
            "substituted_by": null, 
            "substitutes": null, 
            "description": "Consigliere semplice", 
            "end_date": null, 
            "n_rebel_votations": 7, 
            "institution": 3, 
            "person": 4, 
            "end_reason": "", 
            "start_date": "2008-05-08"
        }
    }, 
    {
        "pk": 6, 
        "model": "people.institutioncharge", 
        "fields": {
            "charge_type": 3, 
            "op_charge_id": null, 
            "substituted_by": null, 
            "substitutes": null, 
            "description": "Consigliere semplice", 
            "end_date": null, 
            "n_rebel_votations": 5, 
            "institution": 3, 
            "person": 5, 
            "end_reason": "", 
            "start_date": "2008-05-08"
        }
    }, 
    {
        "pk": 7, 
        "model": "people.institutioncharge", 
        "fields": {
            "charge_type": 3, 
            "op_charge_id": null, 
            "substituted_by": null, 
            "substitutes": null, 
            "description": "Consigliere semplice", 
            "end_date": null, 
            "n_rebel_votations": 9, 
            "institution": 3, 
            "person": 6, 
            "end_reason": "", 
            "start_date": "2008-05-08"
        }
    }, 
    {
        "pk": 8, 
        "model": "people.institutioncharge", 
        "fields": {
            "charge_type": 3, 
            "op_charge_id": null, 
            "substituted_by": null, 
            "substitutes": null, 
            "description": "Consigliere semplice", 
            "end_date": null, 
            "n_rebel_votations": 7, 
            "institution": 3, 
            "person": 7, 
            "end_reason": "", 
            "start_date": "2008-05-08"
        }
    }, 
    {
        "pk": 9, 
        "model": "people.institutioncharge", 
        "fields": {
            "charge_type": 3, 
            "op_charge_id": null, 
            "substituted_by": null, 
            "substitutes": null, 
            "description": "Consigliere semplice", 
            "end_date": null, 
            "n_rebel_votations": 4, 
            "institution": 3, 
            "person": 8, 
            "end_reason": "", 
            "start_date": "2008-05-08"
        }
    }, 
    {
        "pk": 10, 
        "model": "people.institutioncharge", 
        "fields": {
            "charge_type": 3, 
            "op_charge_id": null, 
            "substituted_by": null, 
            "substitutes": null, 
            "description": "Consigliere semplice", 
            "end_date": null, 
            "n_rebel_votations": 11, 
            "institution": 3, 
            "person": 9, 
            "end_reason": "", 
            "start_date": "2008-05-08"
        }
    }, 
    {
        "pk": 11, 
        "model": "people.institutioncharge", 
        "fields": {
            "charge_type": 3, 
            "op_charge_id": null, 
            "substituted_by": null, 
            "substitutes": null, 
            "description": "Consigliere semplice", 
            "end_date": null, 
            "n_rebel_votations": 2, 
            "institution": 3, 
            "person": 10, 
            "end_reason": "", 
            "start_date": "2008-05-08"
        }
    }, 
    {
        "pk": 12, 
        "model": "people.institutioncharge", 
        "fields": {
            "charge_type": 3, 
            "op_charge_id": null, 
            "substituted_by": null, 
            "substitutes": null, 
            "description": "Consigliere semplice", 
            "end_date": null, 
            "n_rebel_votations": 5, 
            "institution": 3, 
            "person": 11, 
            "end_reason": "", 
            "start_date": "2008-05-08"
        }
    }, 
    {
        "pk": 13, 
        "model": "people.institutioncharge", 
        "fields": {
            "charge_type": 3, 
            "op_charge_id": null, 
            "substituted_by": null, 
            "substitutes": null, 
            "description": "Consigliere semplice", 
            "end_date": null, 
            "n_rebel_votations": 7, 
            "institution": 3, 
            "person": 12, 
            "end_reason": "", 
            "start_date": "2008-05-08"
        }
    }, 
    {
        "pk": 14, 
        "model": "people.institutioncharge", 
        "fields": {
            "charge_type": 3, 
            "op_charge_id": null, 
            "substituted_by": null, 
            "substitutes": null, 
            "description": "Consigliere semplice", 
            "end_date": null, 
            "n_rebel_votations": 9, 
            "institution": 3, 
            "person": 13, 
            "end_reason": "", 
            "start_date": "2008-05-08"
        }
    }, 
    {
        "pk": 15, 
        "model": "people.institutioncharge", 
        "fields": {
            "charge_type": 5, 
            "op_charge_id": null, 
            "substituted_by": null, 
            "substitutes": null, 
            "description": "Vicepresidente del Consiglio Comunale", 
            "end_date": null, 
            "n_rebel_votations": 0, 
            "institution": 3, 
            "person": 13, 
            "end_reason": "", 
            "start_date": "2008-05-08"
        }
    }, 
    {
        "pk": 16, 
        "model": "people.institutioncharge", 
        "fields": {
            "charge_type": 3, 
            "op_charge_id": null, 
            "substituted_by": null, 
            "substitutes": null, 
            "description": "Consigliere semplice", 
            "end_date": null, 
            "n_rebel_votations": 6, 
            "institution": 3, 
            "person": 14, 
            "end_reason": "", 
            "start_date": "2008-05-08"
        }
    }, 
    {
        "pk": 17, 
        "model": "people.institutioncharge", 
        "fields": {
            "charge_type": 3, 
            "op_charge_id": null, 
            "substituted_by": null, 
            "substitutes": null, 
            "description": "Consigliere semplice", 
            "end_date": null, 
            "n_rebel_votations": 4, 
            "institution": 3, 
            "person": 15, 
            "end_reason": "", 
            "start_date": "2008-05-08"
        }
    }, 
    {
        "pk": 18, 
        "model": "people.institutioncharge", 
        "fields": {
            "charge_type": 3, 
            "op_charge_id": null, 
            "substituted_by": null, 
            "substitutes": null, 
            "description": "Consigliere semplice", 
            "end_date": null, 
            "n_rebel_votations": 6, 
            "institution": 3, 
            "person": 16, 
            "end_reason": "", 
            "start_date": "2008-05-08"
        }
    }, 
    {
        "pk": 19, 
        "model": "people.institutioncharge", 
        "fields": {
            "charge_type": 3, 
            "op_charge_id": null, 
            "substituted_by": null, 
            "substitutes": null, 
            "description": "Consigliere semplice", 
            "end_date": null, 
            "n_rebel_votations": 9, 
            "institution": 3, 
            "person": 17, 
            "end_reason": "", 
            "start_date": "2008-05-08"
        }
    }, 
    {
        "pk": 20, 
        "model": "people.institutioncharge", 
        "fields": {
            "charge_type": 3, 
            "op_charge_id": null, 
            "substituted_by": null, 
            "substitutes": null, 
            "description": "Consigliere semplice", 
            "end_date": null, 
            "n_rebel_votations": 6, 
            "institution": 3, 
            "person": 18, 
            "end_reason": "", 
            "start_date": "2008-05-08"
        }
    }, 
    {
        "pk": 21, 
        "model": "people.institutioncharge", 
        "fields": {
            "charge_type": 3, 
            "op_charge_id": null, 
            "substituted_by": null, 
            "substitutes": null, 
            "description": "Consigliere semplice", 
            "end_date": null, 
            "n_rebel_votations": 7, 
            "institution": 3, 
            "person": 19, 
            "end_reason": "", 
            "start_date": "2008-05-08"
        }
    }, 
    {
        "pk": 22, 
        "model": "people.institutioncharge", 
        "fields": {
            "charge_type": 3, 
            "op_charge_id": null, 
            "substituted_by": null, 
            "substitutes": null, 
            "description": "Consigliere semplice", 
            "end_date": null, 
            "n_rebel_votations": 7, 
            "institution": 3, 
            "person": 20, 
            "end_reason": "", 
            "start_date": "2008-05-08"
        }
    }, 
    {
        "pk": 23, 
        "model": "people.institutioncharge", 
        "fields": {
            "charge_type": 3, 
            "op_charge_id": null, 
            "substituted_by": null, 
            "substitutes": null, 
            "description": "Consigliere semplice", 
            "end_date": null, 
            "n_rebel_votations": 6, 
            "institution": 3, 
            "person": 21, 
            "end_reason": "", 
            "start_date": "2008-05-08"
        }
    }, 
    {
        "pk": 24, 
        "model": "people.institutioncharge", 
        "fields": {
            "charge_type": 3, 
            "op_charge_id": null, 
            "substituted_by": null, 
            "substitutes": null, 
            "description": "Consigliere semplice", 
            "end_date": null, 
            "n_rebel_votations": 9, 
            "institution": 3, 
            "person": 22, 
            "end_reason": "", 
            "start_date": "2008-05-08"
        }
    }, 
    {
        "pk": 25, 
        "model": "people.institutioncharge", 
        "fields": {
            "charge_type": 3, 
            "op_charge_id": null, 
            "substituted_by": null, 
            "substitutes": null, 
            "description": "Consigliere semplice", 
            "end_date": null, 
            "n_rebel_votations": 5, 
            "institution": 3, 
            "person": 23, 
            "end_reason": "", 
            "start_date": "2008-05-08"
        }
    }, 
    {
        "pk": 26, 
        "model": "people.institutioncharge", 
        "fields": {
            "charge_type": 3, 
            "op_charge_id": null, 
            "substituted_by": null, 
            "substitutes": null, 
            "description": "Consigliere semplice", 
            "end_date": null, 
            "n_rebel_votations": 9, 
            "institution": 3, 
            "person": 24, 
            "end_reason": "", 
            "start_date": "2008-05-08"
        }
    }, 
    {
        "pk": 27, 
        "model": "people.institutioncharge", 
        "fields": {
            "charge_type": 3, 
            "op_charge_id": null, 
            "substituted_by": null, 
            "substitutes": null, 
            "description": "Consigliere semplice", 
            "end_date": null, 
            "n_rebel_votations": 7, 
            "institution": 3, 
            "person": 25, 
            "end_reason": "", 
            "start_date": "2008-05-08"
        }
    }, 
    {
        "pk": 28, 
        "model": "people.institutioncharge", 
        "fields": {
            "charge_type": 3, 
            "op_charge_id": null, 
            "substituted_by": null, 
            "substitutes": null, 
            "description": "Consigliere semplice", 
            "end_date": null, 
            "n_rebel_votations": 8, 
            "institution": 3, 
            "person": 26, 
            "end_reason": "", 
            "start_date": "2008-05-08"
        }
    }, 
    {
        "pk": 29, 
        "model": "people.institutioncharge", 
        "fields": {
            "charge_type": 3, 
            "op_charge_id": null, 
            "substituted_by": null, 
            "substitutes": null, 
            "description": "Consigliere semplice", 
            "end_date": null, 
            "n_rebel_votations": 5, 
            "institution": 3, 
            "person": 27, 
            "end_reason": "", 
            "start_date": "2008-05-08"
        }
    }, 
    {
        "pk": 30, 
        "model": "people.institutioncharge", 
        "fields": {
            "charge_type": 3, 
            "op_charge_id": null, 
            "substituted_by": null, 
            "substitutes": null, 
            "description": "Consigliere semplice", 
            "end_date": null, 
            "n_rebel_votations": 6, 
            "institution": 3, 
            "person": 28, 
            "end_reason": "", 
            "start_date": "2008-05-08"
        }
    }, 
    {
        "pk": 31, 
        "model": "people.institutioncharge", 
        "fields": {
            "charge_type": 3, 
            "op_charge_id": null, 
            "substituted_by": null, 
            "substitutes": null, 
            "description": "Consigliere semplice", 
            "end_date": null, 
            "n_rebel_votations": 5, 
            "institution": 3, 
            "person": 29, 
            "end_reason": "", 
            "start_date": "2008-05-08"
        }
    }, 
    {
        "pk": 32, 
        "model": "people.institutioncharge", 
        "fields": {
            "charge_type": 3, 
            "op_charge_id": null, 
            "substituted_by": null, 
            "substitutes": null, 
            "description": "Consigliere semplice", 
            "end_date": null, 
            "n_rebel_votations": 8, 
            "institution": 3, 
            "person": 30, 
            "end_reason": "", 
            "start_date": "2008-05-08"
        }
    }, 
    {
        "pk": 33, 
        "model": "people.institutioncharge", 
        "fields": {
            "charge_type": 3, 
            "op_charge_id": null, 
            "substituted_by": null, 
            "substitutes": null, 
            "description": "Consigliere semplice", 
            "end_date": null, 
            "n_rebel_votations": 7, 
            "institution": 3, 
            "person": 31, 
            "end_reason": "", 
            "start_date": "2008-05-08"
        }
    }, 
    {
        "pk": 34, 
        "model": "people.institutioncharge", 
        "fields": {
            "charge_type": 3, 
            "op_charge_id": null, 
            "substituted_by": null, 
            "substitutes": null, 
            "description": "Consigliere semplice", 
            "end_date": null, 
            "n_rebel_votations": 4, 
            "institution": 3, 
            "person": 32, 
            "end_reason": "", 
            "start_date": "2008-05-08"
        }
    }, 
    {
        "pk": 35, 
        "model": "people.institutioncharge", 
        "fields": {
            "charge_type": 3, 
            "op_charge_id": null, 
            "substituted_by": null, 
            "substitutes": null, 
            "description": "Consigliere semplice", 
            "end_date": null, 
            "n_rebel_votations": 5, 
            "institution": 3, 
            "person": 33, 
            "end_reason": "", 
            "start_date": "2008-05-08"
        }
    }, 
    {
        "pk": 36, 
        "model": "people.institutioncharge", 
        "fields": {
            "charge_type": 3, 
            "op_charge_id": null, 
            "substituted_by": null, 
            "substitutes": null, 
            "description": "Consigliere semplice", 
            "end_date": null, 
            "n_rebel_votations": 11, 
            "institution": 3, 
            "person": 34, 
            "end_reason": "", 
            "start_date": "2008-05-08"
        }
    }, 
    {
        "pk": 37, 
        "model": "people.institutioncharge", 
        "fields": {
            "charge_type": 3, 
            "op_charge_id": null, 
            "substituted_by": null, 
            "substitutes": null, 
            "description": "Consigliere semplice", 
            "end_date": null, 
            "n_rebel_votations": 11, 
            "institution": 3, 
            "person": 35, 
            "end_reason": "", 
            "start_date": "2008-05-08"
        }
    }, 
    {
        "pk": 38, 
        "model": "people.institutioncharge", 
        "fields": {
            "charge_type": 3, 
            "op_charge_id": null, 
            "substituted_by": null, 
            "substitutes": null, 
            "description": "Consigliere semplice", 
            "end_date": null, 
            "n_rebel_votations": 4, 
            "institution": 3, 
            "person": 36, 
            "end_reason": "", 
            "start_date": "2008-05-08"
        }
    }, 
    {
        "pk": 39, 
        "model": "people.institutioncharge", 
        "fields": {
            "charge_type": 3, 
            "op_charge_id": null, 
            "substituted_by": null, 
            "substitutes": null, 
            "description": "Consigliere semplice", 
            "end_date": null, 
            "n_rebel_votations": 6, 
            "institution": 3, 
            "person": 37, 
            "end_reason": "", 
            "start_date": "2008-05-08"
        }
    }, 
    {
        "pk": 40, 
        "model": "people.institutioncharge", 
        "fields": {
            "charge_type": 3, 
            "op_charge_id": null, 
            "substituted_by": null, 
            "substitutes": null, 
            "description": "Consigliere semplice", 
            "end_date": null, 
            "n_rebel_votations": 7, 
            "institution": 3, 
            "person": 38, 
            "end_reason": "", 
            "start_date": "2008-05-08"
        }
    }, 
    {
        "pk": 41, 
        "model": "people.institutioncharge", 
        "fields": {
            "charge_type": 3, 
            "op_charge_id": null, 
            "substituted_by": null, 
            "substitutes": null, 
            "description": "Consigliere semplice", 
            "end_date": null, 
            "n_rebel_votations": 8, 
            "institution": 3, 
            "person": 39, 
            "end_reason": "", 
            "start_date": "2008-05-08"
        }
    }, 
    {
        "pk": 42, 
        "model": "people.institutioncharge", 
        "fields": {
            "charge_type": 3, 
            "op_charge_id": null, 
            "substituted_by": null, 
            "substitutes": null, 
            "description": "Consigliere semplice", 
            "end_date": null, 
            "n_rebel_votations": 8, 
            "institution": 3, 
            "person": 40, 
            "end_reason": "", 
            "start_date": "2008-05-08"
        }
    }, 
    {
        "pk": 43, 
        "model": "people.institutioncharge", 
        "fields": {
            "charge_type": 3, 
            "op_charge_id": null, 
            "substituted_by": null, 
            "substitutes": null, 
            "description": "Consigliere semplice", 
            "end_date": null, 
            "n_rebel_votations": 4, 
            "institution": 3, 
            "person": 41, 
            "end_reason": "", 
            "start_date": "2008-05-08"
        }
    }, 
    {
        "pk": 44, 
        "model": "people.institutioncharge", 
        "fields": {
            "charge_type": 2, 
            "op_charge_id": null, 
            "substituted_by": null, 
            "substitutes": null, 
            "description": "Citt\u00e0 Sostenibile (Ambiente, Mobilit\u00e0, Trasporto Pubblico), Sport, Politiche Giovanili, Frazioni", 
            "end_date": null, 
            "n_rebel_votations": 0, 
            "institution": 2, 
            "person": 42, 
            "end_reason": "", 
            "start_date": "2008-05-08"
        }
    }, 
    {
        "pk": 45, 
        "model": "people.institutioncharge", 
        "fields": {
            "charge_type": 2, 
            "op_charge_id": null, 
            "substituted_by": null, 
            "substitutes": null, 
            "description": "Urbanistica", 
            "end_date": null, 
            "n_rebel_votations": 0, 
            "institution": 2, 
            "person": 43, 
            "end_reason": "", 
            "start_date": "2008-05-08"
        }
    }, 
    {
        "pk": 46, 
        "model": "people.institutioncharge", 
        "fields": {
            "charge_type": 2, 
            "op_charge_id": null, 
            "substituted_by": null, 
            "substitutes": null, 
            "description": "Attivit\u00e0 Economiche, Pari Opportunit\u00e0, Partecipazione", 
            "end_date": null, 
            "n_rebel_votations": 0, 
            "institution": 2, 
            "person": 44, 
            "end_reason": "", 
            "start_date": "2008-05-08"
        }
    }, 
    {
        "pk": 47, 
        "model": "people.institutioncharge", 
        "fields": {
            "charge_type": 2, 
            "op_charge_id": null, 
            "substituted_by": null, 
            "substitutes": null, 
            "description": "Lavori Pubblici", 
            "end_date": null, 
            "n_rebel_votations": 0, 
            "institution": 2, 
            "person": 45, 
            "end_reason": "", 
            "start_date": "2008-05-08"
        }
    }, 
    {
        "pk": 48, 
        "model": "people.institutioncharge", 
        "fields": {
            "charge_type": 2, 
            "op_charge_id": null, 
            "substituted_by": null, 
            "substitutes": null, 
            "description": "Risorse Finanziarie e Patrimoniali", 
            "end_date": null, 
            "n_rebel_votations": 0, 
            "institution": 2, 
            "person": 46, 
            "end_reason": "", 
            "start_date": "2008-05-08"
        }
    }, 
    {
        "pk": 49, 
        "model": "people.institutioncharge", 
        "fields": {
            "charge_type": 2, 
            "op_charge_id": null, 
            "substituted_by": null, 
            "substitutes": null, 
            "description": "Cultura e Pubblica Istruzione", 
            "end_date": null, 
            "n_rebel_votations": 0, 
            "institution": 2, 
            "person": 47, 
            "end_reason": "", 
            "start_date": "2008-05-08"
        }
    }, 
    {
        "pk": 50, 
        "model": "people.institutioncharge", 
        "fields": {
            "charge_type": 2, 
            "op_charge_id": null, 
            "substituted_by": null, 
            "substitutes": null, 
            "description": "Servizi alla Persona, Sanit\u00e0, Politiche per l\u2019Integrazione ed Edilizia Residenziale Pubblica", 
            "end_date": null, 
            "n_rebel_votations": 0, 
            "institution": 2, 
            "person": 48, 
            "end_reason": "", 
            "start_date": "2008-05-08"
        }
    }, 
    {
        "pk": 51, 
        "model": "people.institutioncharge", 
        "fields": {
            "charge_type": 6, 
            "op_charge_id": null, 
            "substituted_by": null, 
            "substitutes": null, 
            "description": "Membro della commissione", 
            "end_date": null, 
            "n_rebel_votations": 0, 
            "institution": 4, 
            "person": 25, 
            "end_reason": "", 
            "start_date": "2008-05-08"
        }
    }, 
    {
        "pk": 52, 
        "model": "people.institutioncharge", 
        "fields": {
            "charge_type": 6, 
            "op_charge_id": null, 
            "substituted_by": null, 
            "substitutes": null, 
            "description": "Membro della commissione", 
            "end_date": null, 
            "n_rebel_votations": 0, 
            "institution": 4, 
            "person": 24, 
            "end_reason": "", 
            "start_date": "2008-05-08"
        }
    }, 
    {
        "pk": 53, 
        "model": "people.institutioncharge", 
        "fields": {
            "charge_type": 6, 
            "op_charge_id": null, 
            "substituted_by": null, 
            "substitutes": null, 
            "description": "Membro della commissione", 
            "end_date": null, 
            "n_rebel_votations": 0, 
            "institution": 4, 
            "person": 13, 
            "end_reason": "", 
            "start_date": "2008-05-08"
        }
    }, 
    {
        "pk": 54, 
        "model": "people.institutioncharge", 
        "fields": {
            "charge_type": 6, 
            "op_charge_id": null, 
            "substituted_by": null, 
            "substitutes": null, 
            "description": "Membro della commissione", 
            "end_date": null, 
            "n_rebel_votations": 0, 
            "institution": 4, 
            "person": 22, 
            "end_reason": "", 
            "start_date": "2008-05-08"
        }
    }, 
    {
        "pk": 55, 
        "model": "people.institutioncharge", 
        "fields": {
            "charge_type": 6, 
            "op_charge_id": null, 
            "substituted_by": null, 
            "substitutes": null, 
            "description": "Membro della commissione", 
            "end_date": null, 
            "n_rebel_votations": 0, 
            "institution": 4, 
            "person": 35, 
            "end_reason": "", 
            "start_date": "2008-05-08"
        }
    }, 
    {
        "pk": 56, 
        "model": "people.institutioncharge", 
        "fields": {
            "charge_type": 6, 
            "op_charge_id": null, 
            "substituted_by": null, 
            "substitutes": null, 
            "description": "Membro della commissione", 
            "end_date": null, 
            "n_rebel_votations": 0, 
            "institution": 4, 
            "person": 20, 
            "end_reason": "", 
            "start_date": "2008-05-08"
        }
    }, 
    {
        "pk": 57, 
        "model": "people.institutioncharge", 
        "fields": {
            "charge_type": 6, 
            "op_charge_id": null, 
            "substituted_by": null, 
            "substitutes": null, 
            "description": "Membro della commissione", 
            "end_date": null, 
            "n_rebel_votations": 0, 
            "institution": 4, 
            "person": 5, 
            "end_reason": "", 
            "start_date": "2008-05-08"
        }
    }, 
    {
        "pk": 58, 
        "model": "people.institutioncharge", 
        "fields": {
            "charge_type": 6, 
            "op_charge_id": null, 
            "substituted_by": null, 
            "substitutes": null, 
            "description": "Membro della commissione", 
            "end_date": null, 
            "n_rebel_votations": 0, 
            "institution": 4, 
            "person": 21, 
            "end_reason": "", 
            "start_date": "2008-05-08"
        }
    }, 
    {
        "pk": 59, 
        "model": "people.institutioncharge", 
        "fields": {
            "charge_type": 6, 
            "op_charge_id": null, 
            "substituted_by": null, 
            "substitutes": null, 
            "description": "Membro della commissione", 
            "end_date": null, 
            "n_rebel_votations": 0, 
            "institution": 4, 
            "person": 36, 
            "end_reason": "", 
            "start_date": "2008-05-08"
        }
    }, 
    {
        "pk": 60, 
        "model": "people.institutioncharge", 
        "fields": {
            "charge_type": 6, 
            "op_charge_id": null, 
            "substituted_by": null, 
            "substitutes": null, 
            "description": "Membro della commissione", 
            "end_date": null, 
            "n_rebel_votations": 0, 
            "institution": 4, 
            "person": 16, 
            "end_reason": "", 
            "start_date": "2008-05-08"
        }
    }, 
    {
        "pk": 61, 
        "model": "people.institutioncharge", 
        "fields": {
            "charge_type": 6, 
            "op_charge_id": null, 
            "substituted_by": null, 
            "substitutes": null, 
            "description": "Membro della commissione", 
            "end_date": null, 
            "n_rebel_votations": 0, 
            "institution": 4, 
            "person": 23, 
            "end_reason": "", 
            "start_date": "2008-05-08"
        }
    }, 
    {
        "pk": 62, 
        "model": "people.institutioncharge", 
        "fields": {
            "charge_type": 6, 
            "op_charge_id": null, 
            "substituted_by": null, 
            "substitutes": null, 
            "description": "Membro della commissione", 
            "end_date": null, 
            "n_rebel_votations": 0, 
            "institution": 4, 
            "person": 11, 
            "end_reason": "", 
            "start_date": "2008-05-08"
        }
    }, 
    {
        "pk": 63, 
        "model": "people.institutioncharge", 
        "fields": {
            "charge_type": 6, 
            "op_charge_id": null, 
            "substituted_by": null, 
            "substitutes": null, 
            "description": "Membro della commissione", 
            "end_date": null, 
            "n_rebel_votations": 0, 
            "institution": 5, 
            "person": 31, 
            "end_reason": "", 
            "start_date": "2008-05-08"
        }
    }, 
    {
        "pk": 64, 
        "model": "people.institutioncharge", 
        "fields": {
            "charge_type": 6, 
            "op_charge_id": null, 
            "substituted_by": null, 
            "substitutes": null, 
            "description": "Membro della commissione", 
            "end_date": null, 
            "n_rebel_votations": 0, 
            "institution": 5, 
            "person": 13, 
            "end_reason": "", 
            "start_date": "2008-05-08"
        }
    }, 
    {
        "pk": 65, 
        "model": "people.institutioncharge", 
        "fields": {
            "charge_type": 6, 
            "op_charge_id": null, 
            "substituted_by": null, 
            "substitutes": null, 
            "description": "Membro della commissione", 
            "end_date": null, 
            "n_rebel_votations": 0, 
            "institution": 5, 
            "person": 28, 
            "end_reason": "", 
            "start_date": "2008-05-08"
        }
    }, 
    {
        "pk": 66, 
        "model": "people.institutioncharge", 
        "fields": {
            "charge_type": 6, 
            "op_charge_id": null, 
            "substituted_by": null, 
            "substitutes": null, 
            "description": "Membro della commissione", 
            "end_date": null, 
            "n_rebel_votations": 0, 
            "institution": 5, 
            "person": 22, 
            "end_reason": "", 
            "start_date": "2008-05-08"
        }
    }, 
    {
        "pk": 67, 
        "model": "people.institutioncharge", 
        "fields": {
            "charge_type": 6, 
            "op_charge_id": null, 
            "substituted_by": null, 
            "substitutes": null, 
            "description": "Membro della commissione", 
            "end_date": null, 
            "n_rebel_votations": 0, 
            "institution": 5, 
            "person": 12, 
            "end_reason": "", 
            "start_date": "2008-05-08"
        }
    }, 
    {
        "pk": 68, 
        "model": "people.institutioncharge", 
        "fields": {
            "charge_type": 6, 
            "op_charge_id": null, 
            "substituted_by": null, 
            "substitutes": null, 
            "description": "Membro della commissione", 
            "end_date": null, 
            "n_rebel_votations": 0, 
            "institution": 5, 
            "person": 27, 
            "end_reason": "", 
            "start_date": "2008-05-08"
        }
    }, 
    {
        "pk": 69, 
        "model": "people.institutioncharge", 
        "fields": {
            "charge_type": 6, 
            "op_charge_id": null, 
            "substituted_by": null, 
            "substitutes": null, 
            "description": "Membro della commissione", 
            "end_date": null, 
            "n_rebel_votations": 0, 
            "institution": 5, 
            "person": 3, 
            "end_reason": "", 
            "start_date": "2008-05-08"
        }
    }, 
    {
        "pk": 70, 
        "model": "people.institutioncharge", 
        "fields": {
            "charge_type": 6, 
            "op_charge_id": null, 
            "substituted_by": null, 
            "substitutes": null, 
            "description": "Membro della commissione", 
            "end_date": null, 
            "n_rebel_votations": 0, 
            "institution": 5, 
            "person": 35, 
            "end_reason": "", 
            "start_date": "2008-05-08"
        }
    }, 
    {
        "pk": 71, 
        "model": "people.institutioncharge", 
        "fields": {
            "charge_type": 6, 
            "op_charge_id": null, 
            "substituted_by": null, 
            "substitutes": null, 
            "description": "Membro della commissione", 
            "end_date": null, 
            "n_rebel_votations": 0, 
            "institution": 5, 
            "person": 10, 
            "end_reason": "", 
            "start_date": "2008-05-08"
        }
    }, 
    {
        "pk": 72, 
        "model": "people.institutioncharge", 
        "fields": {
            "charge_type": 6, 
            "op_charge_id": null, 
            "substituted_by": null, 
            "substitutes": null, 
            "description": "Membro della commissione", 
            "end_date": null, 
            "n_rebel_votations": 0, 
            "institution": 5, 
            "person": 14, 
            "end_reason": "", 
            "start_date": "2008-05-08"
        }
    }, 
    {
        "pk": 73, 
        "model": "people.institutioncharge", 
        "fields": {
            "charge_type": 6, 
            "op_charge_id": null, 
            "substituted_by": null, 
            "substitutes": null, 
            "description": "Membro della commissione", 
            "end_date": null, 
            "n_rebel_votations": 0, 
            "institution": 5, 
            "person": 4, 
            "end_reason": "", 
            "start_date": "2008-05-08"
        }
    }, 
    {
        "pk": 74, 
        "model": "people.institutioncharge", 
        "fields": {
            "charge_type": 6, 
            "op_charge_id": null, 
            "substituted_by": null, 
            "substitutes": null, 
            "description": "Membro della commissione", 
            "end_date": null, 
            "n_rebel_votations": 0, 
            "institution": 5, 
            "person": 8, 
            "end_reason": "", 
            "start_date": "2008-05-08"
        }
    }, 
    {
        "pk": 75, 
        "model": "people.institutioncharge", 
        "fields": {
            "charge_type": 6, 
            "op_charge_id": null, 
            "substituted_by": null, 
            "substitutes": null, 
            "description": "Membro della commissione", 
            "end_date": null, 
            "n_rebel_votations": 0, 
            "institution": 6, 
            "person": 24, 
            "end_reason": "", 
            "start_date": "2008-05-08"
        }
    }, 
    {
        "pk": 76, 
        "model": "people.institutioncharge", 
        "fields": {
            "charge_type": 6, 
            "op_charge_id": null, 
            "substituted_by": null, 
            "substitutes": null, 
            "description": "Membro della commissione", 
            "end_date": null, 
            "n_rebel_votations": 0, 
            "institution": 6, 
            "person": 22, 
            "end_reason": "", 
            "start_date": "2008-05-08"
        }
    }, 
    {
        "pk": 77, 
        "model": "people.institutioncharge", 
        "fields": {
            "charge_type": 6, 
            "op_charge_id": null, 
            "substituted_by": null, 
            "substitutes": null, 
            "description": "Membro della commissione", 
            "end_date": null, 
            "n_rebel_votations": 0, 
            "institution": 6, 
            "person": 17, 
            "end_reason": "", 
            "start_date": "2008-05-08"
        }
    }, 
    {
        "pk": 78, 
        "model": "people.institutioncharge", 
        "fields": {
            "charge_type": 6, 
            "op_charge_id": null, 
            "substituted_by": null, 
            "substitutes": null, 
            "description": "Membro della commissione", 
            "end_date": null, 
            "n_rebel_votations": 0, 
            "institution": 6, 
            "person": 28, 
            "end_reason": "", 
            "start_date": "2008-05-08"
        }
    }, 
    {
        "pk": 79, 
        "model": "people.institutioncharge", 
        "fields": {
            "charge_type": 6, 
            "op_charge_id": null, 
            "substituted_by": null, 
            "substitutes": null, 
            "description": "Membro della commissione", 
            "end_date": null, 
            "n_rebel_votations": 0, 
            "institution": 6, 
            "person": 20, 
            "end_reason": "", 
            "start_date": "2008-05-08"
        }
    }, 
    {
        "pk": 80, 
        "model": "people.institutioncharge", 
        "fields": {
            "charge_type": 6, 
            "op_charge_id": null, 
            "substituted_by": null, 
            "substitutes": null, 
            "description": "Membro della commissione", 
            "end_date": null, 
            "n_rebel_votations": 0, 
            "institution": 6, 
            "person": 41, 
            "end_reason": "", 
            "start_date": "2008-05-08"
        }
    }, 
    {
        "pk": 81, 
        "model": "people.institutioncharge", 
        "fields": {
            "charge_type": 6, 
            "op_charge_id": null, 
            "substituted_by": null, 
            "substitutes": null, 
            "description": "Membro della commissione", 
            "end_date": null, 
            "n_rebel_votations": 0, 
            "institution": 6, 
            "person": 18, 
            "end_reason": "", 
            "start_date": "2008-05-08"
        }
    }, 
    {
        "pk": 82, 
        "model": "people.institutioncharge", 
        "fields": {
            "charge_type": 6, 
            "op_charge_id": null, 
            "substituted_by": null, 
            "substitutes": null, 
            "description": "Membro della commissione", 
            "end_date": null, 
            "n_rebel_votations": 0, 
            "institution": 6, 
            "person": 38, 
            "end_reason": "", 
            "start_date": "2008-05-08"
        }
    }, 
    {
        "pk": 83, 
        "model": "people.institutioncharge", 
        "fields": {
            "charge_type": 6, 
            "op_charge_id": null, 
            "substituted_by": null, 
            "substitutes": null, 
            "description": "Membro della commissione", 
            "end_date": null, 
            "n_rebel_votations": 0, 
            "institution": 6, 
            "person": 10, 
            "end_reason": "", 
            "start_date": "2008-05-08"
        }
    }, 
    {
        "pk": 84, 
        "model": "people.institutioncharge", 
        "fields": {
            "charge_type": 6, 
            "op_charge_id": null, 
            "substituted_by": null, 
            "substitutes": null, 
            "description": "Membro della commissione", 
            "end_date": null, 
            "n_rebel_votations": 0, 
            "institution": 6, 
            "person": 14, 
            "end_reason": "", 
            "start_date": "2008-05-08"
        }
    }, 
    {
        "pk": 85, 
        "model": "people.institutioncharge", 
        "fields": {
            "charge_type": 6, 
            "op_charge_id": null, 
            "substituted_by": null, 
            "substitutes": null, 
            "description": "Membro della commissione", 
            "end_date": null, 
            "n_rebel_votations": 0, 
            "institution": 6, 
            "person": 23, 
            "end_reason": "", 
            "start_date": "2008-05-08"
        }
    }, 
    {
        "pk": 86, 
        "model": "people.institutioncharge", 
        "fields": {
            "charge_type": 6, 
            "op_charge_id": null, 
            "substituted_by": null, 
            "substitutes": null, 
            "description": "Membro della commissione", 
            "end_date": null, 
            "n_rebel_votations": 0, 
            "institution": 6, 
            "person": 11, 
            "end_reason": "", 
            "start_date": "2008-05-08"
        }
    }, 
    {
        "pk": 87, 
        "model": "people.institutioncharge", 
        "fields": {
            "charge_type": 6, 
            "op_charge_id": null, 
            "substituted_by": null, 
            "substitutes": null, 
            "description": "Membro della commissione", 
            "end_date": null, 
            "n_rebel_votations": 0, 
            "institution": 7, 
            "person": 26, 
            "end_reason": "", 
            "start_date": "2008-05-08"
        }
    }, 
    {
        "pk": 88, 
        "model": "people.institutioncharge", 
        "fields": {
            "charge_type": 6, 
            "op_charge_id": null, 
            "substituted_by": null, 
            "substitutes": null, 
            "description": "Membro della commissione", 
            "end_date": null, 
            "n_rebel_votations": 0, 
            "institution": 7, 
            "person": 24, 
            "end_reason": "", 
            "start_date": "2008-05-08"
        }
    }, 
    {
        "pk": 89, 
        "model": "people.institutioncharge", 
        "fields": {
            "charge_type": 6, 
            "op_charge_id": null, 
            "substituted_by": null, 
            "substitutes": null, 
            "description": "Membro della commissione", 
            "end_date": null, 
            "n_rebel_votations": 0, 
            "institution": 7, 
            "person": 31, 
            "end_reason": "", 
            "start_date": "2008-05-08"
        }
    }, 
    {
        "pk": 90, 
        "model": "people.institutioncharge", 
        "fields": {
            "charge_type": 6, 
            "op_charge_id": null, 
            "substituted_by": null, 
            "substitutes": null, 
            "description": "Membro della commissione", 
            "end_date": null, 
            "n_rebel_votations": 0, 
            "institution": 7, 
            "person": 29, 
            "end_reason": "", 
            "start_date": "2008-05-08"
        }
    }, 
    {
        "pk": 91, 
        "model": "people.institutioncharge", 
        "fields": {
            "charge_type": 6, 
            "op_charge_id": null, 
            "substituted_by": null, 
            "substitutes": null, 
            "description": "Membro della commissione", 
            "end_date": null, 
            "n_rebel_votations": 0, 
            "institution": 7, 
            "person": 38, 
            "end_reason": "", 
            "start_date": "2008-05-08"
        }
    }, 
    {
        "pk": 92, 
        "model": "people.institutioncharge", 
        "fields": {
            "charge_type": 6, 
            "op_charge_id": null, 
            "substituted_by": null, 
            "substitutes": null, 
            "description": "Membro della commissione", 
            "end_date": null, 
            "n_rebel_votations": 0, 
            "institution": 7, 
            "person": 18, 
            "end_reason": "", 
            "start_date": "2008-05-08"
        }
    }, 
    {
        "pk": 93, 
        "model": "people.institutioncharge", 
        "fields": {
            "charge_type": 6, 
            "op_charge_id": null, 
            "substituted_by": null, 
            "substitutes": null, 
            "description": "Membro della commissione", 
            "end_date": null, 
            "n_rebel_votations": 0, 
            "institution": 7, 
            "person": 3, 
            "end_reason": "", 
            "start_date": "2008-05-08"
        }
    }, 
    {
        "pk": 94, 
        "model": "people.institutioncharge", 
        "fields": {
            "charge_type": 6, 
            "op_charge_id": null, 
            "substituted_by": null, 
            "substitutes": null, 
            "description": "Membro della commissione", 
            "end_date": null, 
            "n_rebel_votations": 0, 
            "institution": 7, 
            "person": 27, 
            "end_reason": "", 
            "start_date": "2008-05-08"
        }
    }, 
    {
        "pk": 95, 
        "model": "people.institutioncharge", 
        "fields": {
            "charge_type": 6, 
            "op_charge_id": null, 
            "substituted_by": null, 
            "substitutes": null, 
            "description": "Membro della commissione", 
            "end_date": null, 
            "n_rebel_votations": 0, 
            "institution": 7, 
            "person": 36, 
            "end_reason": "", 
            "start_date": "2008-05-08"
        }
    }, 
    {
        "pk": 96, 
        "model": "people.institutioncharge", 
        "fields": {
            "charge_type": 6, 
            "op_charge_id": null, 
            "substituted_by": null, 
            "substitutes": null, 
            "description": "Membro della commissione", 
            "end_date": null, 
            "n_rebel_votations": 0, 
            "institution": 7, 
            "person": 23, 
            "end_reason": "", 
            "start_date": "2008-05-08"
        }
    }, 
    {
        "pk": 97, 
        "model": "people.institutioncharge", 
        "fields": {
            "charge_type": 6, 
            "op_charge_id": null, 
            "substituted_by": null, 
            "substitutes": null, 
            "description": "Membro della commissione", 
            "end_date": null, 
            "n_rebel_votations": 0, 
            "institution": 7, 
            "person": 19, 
            "end_reason": "", 
            "start_date": "2008-05-08"
        }
    }, 
    {
        "pk": 98, 
        "model": "people.institutioncharge", 
        "fields": {
            "charge_type": 6, 
            "op_charge_id": null, 
            "substituted_by": null, 
            "substitutes": null, 
            "description": "Membro della commissione", 
            "end_date": null, 
            "n_rebel_votations": 0, 
            "institution": 7, 
            "person": 8, 
            "end_reason": "", 
            "start_date": "2008-05-08"
        }
    }, 
    {
        "pk": 99, 
        "model": "people.institutioncharge", 
        "fields": {
            "charge_type": 6, 
            "op_charge_id": null, 
            "substituted_by": null, 
            "substitutes": null, 
            "description": "Membro della commissione", 
            "end_date": null, 
            "n_rebel_votations": 0, 
            "institution": 8, 
            "person": 31, 
            "end_reason": "", 
            "start_date": "2008-05-08"
        }
    }, 
    {
        "pk": 100, 
        "model": "people.institutioncharge", 
        "fields": {
            "charge_type": 6, 
            "op_charge_id": null, 
            "substituted_by": null, 
            "substitutes": null, 
            "description": "Membro della commissione", 
            "end_date": null, 
            "n_rebel_votations": 0, 
            "institution": 8, 
            "person": 25, 
            "end_reason": "", 
            "start_date": "2008-05-08"
        }
    }, 
    {
        "pk": 101, 
        "model": "people.institutioncharge", 
        "fields": {
            "charge_type": 6, 
            "op_charge_id": null, 
            "substituted_by": null, 
            "substitutes": null, 
            "description": "Membro della commissione", 
            "end_date": null, 
            "n_rebel_votations": 0, 
            "institution": 8, 
            "person": 32, 
            "end_reason": "", 
            "start_date": "2008-05-08"
        }
    }, 
    {
        "pk": 102, 
        "model": "people.institutioncharge", 
        "fields": {
            "charge_type": 6, 
            "op_charge_id": null, 
            "substituted_by": null, 
            "substitutes": null, 
            "description": "Membro della commissione", 
            "end_date": null, 
            "n_rebel_votations": 0, 
            "institution": 8, 
            "person": 17, 
            "end_reason": "", 
            "start_date": "2008-05-08"
        }
    }, 
    {
        "pk": 103, 
        "model": "people.institutioncharge", 
        "fields": {
            "charge_type": 6, 
            "op_charge_id": null, 
            "substituted_by": null, 
            "substitutes": null, 
            "description": "Membro della commissione", 
            "end_date": null, 
            "n_rebel_votations": 0, 
            "institution": 8, 
            "person": 38, 
            "end_reason": "", 
            "start_date": "2008-05-08"
        }
    }, 
    {
        "pk": 104, 
        "model": "people.institutioncharge", 
        "fields": {
            "charge_type": 6, 
            "op_charge_id": null, 
            "substituted_by": null, 
            "substitutes": null, 
            "description": "Membro della commissione", 
            "end_date": null, 
            "n_rebel_votations": 0, 
            "institution": 8, 
            "person": 12, 
            "end_reason": "", 
            "start_date": "2008-05-08"
        }
    }, 
    {
        "pk": 105, 
        "model": "people.institutioncharge", 
        "fields": {
            "charge_type": 6, 
            "op_charge_id": null, 
            "substituted_by": null, 
            "substitutes": null, 
            "description": "Membro della commissione", 
            "end_date": null, 
            "n_rebel_votations": 0, 
            "institution": 8, 
            "person": 41, 
            "end_reason": "", 
            "start_date": "2008-05-08"
        }
    }, 
    {
        "pk": 106, 
        "model": "people.institutioncharge", 
        "fields": {
            "charge_type": 6, 
            "op_charge_id": null, 
            "substituted_by": null, 
            "substitutes": null, 
            "description": "Membro della commissione", 
            "end_date": null, 
            "n_rebel_votations": 0, 
            "institution": 8, 
            "person": 39, 
            "end_reason": "", 
            "start_date": "2008-05-08"
        }
    }, 
    {
        "pk": 107, 
        "model": "people.institutioncharge", 
        "fields": {
            "charge_type": 6, 
            "op_charge_id": null, 
            "substituted_by": null, 
            "substitutes": null, 
            "description": "Membro della commissione", 
            "end_date": null, 
            "n_rebel_votations": 0, 
            "institution": 8, 
            "person": 10, 
            "end_reason": "", 
            "start_date": "2008-05-08"
        }
    }, 
    {
        "pk": 108, 
        "model": "people.institutioncharge", 
        "fields": {
            "charge_type": 6, 
            "op_charge_id": null, 
            "substituted_by": null, 
            "substitutes": null, 
            "description": "Membro della commissione", 
            "end_date": null, 
            "n_rebel_votations": 0, 
            "institution": 8, 
            "person": 14, 
            "end_reason": "", 
            "start_date": "2008-05-08"
        }
    }, 
    {
        "pk": 109, 
        "model": "people.institutioncharge", 
        "fields": {
            "charge_type": 6, 
            "op_charge_id": null, 
            "substituted_by": null, 
            "substitutes": null, 
            "description": "Membro della commissione", 
            "end_date": null, 
            "n_rebel_votations": 0, 
            "institution": 8, 
            "person": 23, 
            "end_reason": "", 
            "start_date": "2008-05-08"
        }
    }, 
    {
        "pk": 110, 
        "model": "people.institutioncharge", 
        "fields": {
            "charge_type": 6, 
            "op_charge_id": null, 
            "substituted_by": null, 
            "substitutes": null, 
            "description": "Membro della commissione", 
            "end_date": null, 
            "n_rebel_votations": 0, 
            "institution": 8, 
            "person": 8, 
            "end_reason": "", 
            "start_date": "2008-05-08"
        }
    }, 
    {
        "pk": 111, 
        "model": "people.institutioncharge", 
        "fields": {
            "charge_type": 6, 
            "op_charge_id": null, 
            "substituted_by": null, 
            "substitutes": null, 
            "description": "Membro della commissione", 
            "end_date": null, 
            "n_rebel_votations": 0, 
            "institution": 9, 
            "person": 29, 
            "end_reason": "", 
            "start_date": "2008-05-08"
        }
    }, 
    {
        "pk": 112, 
        "model": "people.institutioncharge", 
        "fields": {
            "charge_type": 6, 
            "op_charge_id": null, 
            "substituted_by": null, 
            "substitutes": null, 
            "description": "Membro della commissione", 
            "end_date": null, 
            "n_rebel_votations": 0, 
            "institution": 9, 
            "person": 32, 
            "end_reason": "", 
            "start_date": "2008-05-08"
        }
    }, 
    {
        "pk": 113, 
        "model": "people.institutioncharge", 
        "fields": {
            "charge_type": 6, 
            "op_charge_id": null, 
            "substituted_by": null, 
            "substitutes": null, 
            "description": "Membro della commissione", 
            "end_date": null, 
            "n_rebel_votations": 0, 
            "institution": 9, 
            "person": 31, 
            "end_reason": "", 
            "start_date": "2008-05-08"
        }
    }, 
    {
        "pk": 114, 
        "model": "people.institutioncharge", 
        "fields": {
            "charge_type": 6, 
            "op_charge_id": null, 
            "substituted_by": null, 
            "substitutes": null, 
            "description": "Membro della commissione", 
            "end_date": null, 
            "n_rebel_votations": 0, 
            "institution": 9, 
            "person": 25, 
            "end_reason": "", 
            "start_date": "2008-05-08"
        }
    }, 
    {
        "pk": 115, 
        "model": "people.institutioncharge", 
        "fields": {
            "charge_type": 6, 
            "op_charge_id": null, 
            "substituted_by": null, 
            "substitutes": null, 
            "description": "Membro della commissione", 
            "end_date": null, 
            "n_rebel_votations": 0, 
            "institution": 9, 
            "person": 39, 
            "end_reason": "", 
            "start_date": "2008-05-08"
        }
    }, 
    {
        "pk": 116, 
        "model": "people.institutioncharge", 
        "fields": {
            "charge_type": 6, 
            "op_charge_id": null, 
            "substituted_by": null, 
            "substitutes": null, 
            "description": "Membro della commissione", 
            "end_date": null, 
            "n_rebel_votations": 0, 
            "institution": 9, 
            "person": 12, 
            "end_reason": "", 
            "start_date": "2008-05-08"
        }
    }, 
    {
        "pk": 117, 
        "model": "people.institutioncharge", 
        "fields": {
            "charge_type": 6, 
            "op_charge_id": null, 
            "substituted_by": null, 
            "substitutes": null, 
            "description": "Membro della commissione", 
            "end_date": null, 
            "n_rebel_votations": 0, 
            "institution": 9, 
            "person": 41, 
            "end_reason": "", 
            "start_date": "2008-05-08"
        }
    }, 
    {
        "pk": 118, 
        "model": "people.institutioncharge", 
        "fields": {
            "charge_type": 6, 
            "op_charge_id": null, 
            "substituted_by": null, 
            "substitutes": null, 
            "description": "Membro della commissione", 
            "end_date": null, 
            "n_rebel_votations": 0, 
            "institution": 9, 
            "person": 38, 
            "end_reason": "", 
            "start_date": "2008-05-08"
        }
    }, 
    {
        "pk": 119, 
        "model": "people.institutioncharge", 
        "fields": {
            "charge_type": 6, 
            "op_charge_id": null, 
            "substituted_by": null, 
            "substitutes": null, 
            "description": "Membro della commissione", 
            "end_date": null, 
            "n_rebel_votations": 0, 
            "institution": 9, 
            "person": 6, 
            "end_reason": "", 
            "start_date": "2008-05-08"
        }
    }, 
    {
        "pk": 120, 
        "model": "people.institutioncharge", 
        "fields": {
            "charge_type": 6, 
            "op_charge_id": null, 
            "substituted_by": null, 
            "substitutes": null, 
            "description": "Membro della commissione", 
            "end_date": null, 
            "n_rebel_votations": 0, 
            "institution": 9, 
            "person": 14, 
            "end_reason": "", 
            "start_date": "2008-05-08"
        }
    }, 
    {
        "pk": 121, 
        "model": "people.institutioncharge", 
        "fields": {
            "charge_type": 6, 
            "op_charge_id": null, 
            "substituted_by": null, 
            "substitutes": null, 
            "description": "Membro della commissione", 
            "end_date": null, 
            "n_rebel_votations": 0, 
            "institution": 9, 
            "person": 19, 
            "end_reason": "", 
            "start_date": "2008-05-08"
        }
    }, 
    {
        "pk": 122, 
        "model": "people.institutioncharge", 
        "fields": {
            "charge_type": 6, 
            "op_charge_id": null, 
            "substituted_by": null, 
            "substitutes": null, 
            "description": "Membro della commissione", 
            "end_date": null, 
            "n_rebel_votations": 0, 
            "institution": 9, 
            "person": 11, 
            "end_reason": "", 
            "start_date": "2008-05-08"
        }
    }, 
    {
        "pk": 1, 
        "model": "people.group", 
        "fields": {
            "acronym": "PD", 
            "name": "Partito democratico"
        }
    }, 
    {
        "pk": 2, 
        "model": "people.group", 
        "fields": {
            "acronym": "PDL", 
            "name": "Popolo delle Libert\u00e0"
        }
    }, 
    {
        "pk": 3, 
        "model": "people.group", 
        "fields": {
            "acronym": "IBC", 
            "name": "Il bene comune"
        }
    }, 
    {
        "pk": 4, 
        "model": "people.group", 
        "fields": {
            "acronym": "LF", 
            "name": "Lista futura"
        }
    }, 
    {
        "pk": 5, 
        "model": "people.group", 
        "fields": {
            "acronym": "RCIV", 
            "name": "Raggruppamento civico"
        }
    }, 
    {
        "pk": 6, 
        "model": "people.group", 
        "fields": {
            "acronym": "NBT", 
            "name": "Nostalgia dei bei tempi"
        }
    }, 
    {
        "pk": 7, 
        "model": "people.group", 
        "fields": {
            "acronym": "GM", 
            "name": "Gruppo misto"
        }
    }, 
    {
        "pk": 1, 
        "model": "people.groupcharge", 
        "fields": {
            "group": 6, 
            "end_date": null, 
            "start_date": "2008-05-08", 
            "charge": 2, 
            "end_reason": "", 
            "charge_description": ""
        }
    }, 
    {
        "pk": 2, 
        "model": "people.groupcharge", 
        "fields": {
            "group": 2, 
            "end_date": null, 
            "start_date": "2008-05-08", 
            "charge": 3, 
            "end_reason": "", 
            "charge_description": ""
        }
    }, 
    {
        "pk": 3, 
        "model": "people.groupcharge", 
        "fields": {
            "group": 4, 
            "end_date": null, 
            "start_date": "2008-05-08", 
            "charge": 5, 
            "end_reason": "", 
            "charge_description": ""
        }
    }, 
    {
        "pk": 4, 
        "model": "people.groupcharge", 
        "fields": {
            "group": 2, 
            "end_date": null, 
            "start_date": "2008-05-08", 
            "charge": 6, 
            "end_reason": "", 
            "charge_description": ""
        }
    }, 
    {
        "pk": 5, 
        "model": "people.groupcharge", 
        "fields": {
            "group": 3, 
            "end_date": null, 
            "start_date": "2008-05-08", 
            "charge": 7, 
            "end_reason": "", 
            "charge_description": ""
        }
    }, 
    {
        "pk": 6, 
        "model": "people.groupcharge", 
        "fields": {
            "group": 2, 
            "end_date": null, 
            "start_date": "2008-05-08", 
            "charge": 8, 
            "end_reason": "", 
            "charge_description": ""
        }
    }, 
    {
        "pk": 7, 
        "model": "people.groupcharge", 
        "fields": {
            "group": 7, 
            "end_date": null, 
            "start_date": "2008-05-08", 
            "charge": 9, 
            "end_reason": "", 
            "charge_description": ""
        }
    }, 
    {
        "pk": 8, 
        "model": "people.groupcharge", 
        "fields": {
            "group": 5, 
            "end_date": null, 
            "start_date": "2008-05-08", 
            "charge": 10, 
            "end_reason": "", 
            "charge_description": ""
        }
    }, 
    {
        "pk": 9, 
        "model": "people.groupcharge", 
        "fields": {
            "group": 3, 
            "end_date": null, 
            "start_date": "2008-05-08", 
            "charge": 11, 
            "end_reason": "", 
            "charge_description": ""
        }
    }, 
    {
        "pk": 10, 
        "model": "people.groupcharge", 
        "fields": {
            "group": 7, 
            "end_date": null, 
            "start_date": "2008-05-08", 
            "charge": 12, 
            "end_reason": "", 
            "charge_description": ""
        }
    }, 
    {
        "pk": 11, 
        "model": "people.groupcharge", 
        "fields": {
            "group": 2, 
            "end_date": null, 
            "start_date": "2008-05-08", 
            "charge": 13, 
            "end_reason": "", 
            "charge_description": ""
        }
    }, 
    {
        "pk": 12, 
        "model": "people.groupcharge", 
        "fields": {
            "group": 1, 
            "end_date": null, 
            "start_date": "2008-05-08", 
            "charge": 14, 
            "end_reason": "", 
            "charge_description": ""
        }
    }, 
    {
        "pk": 13, 
        "model": "people.groupcharge", 
        "fields": {
            "group": 4, 
            "end_date": null, 
            "start_date": "2008-05-08", 
            "charge": 16, 
            "end_reason": "", 
            "charge_description": ""
        }
    }, 
    {
        "pk": 14, 
        "model": "people.groupcharge", 
        "fields": {
            "group": 7, 
            "end_date": null, 
            "start_date": "2008-05-08", 
            "charge": 17, 
            "end_reason": "", 
            "charge_description": ""
        }
    }, 
    {
        "pk": 15, 
        "model": "people.groupcharge", 
        "fields": {
            "group": 4, 
            "end_date": null, 
            "start_date": "2008-05-08", 
            "charge": 18, 
            "end_reason": "", 
            "charge_description": ""
        }
    }, 
    {
        "pk": 16, 
        "model": "people.groupcharge", 
        "fields": {
            "group": 1, 
            "end_date": null, 
            "start_date": "2008-05-08", 
            "charge": 19, 
            "end_reason": "", 
            "charge_description": ""
        }
    }, 
    {
        "pk": 17, 
        "model": "people.groupcharge", 
        "fields": {
            "group": 2, 
            "end_date": null, 
            "start_date": "2008-05-08", 
            "charge": 20, 
            "end_reason": "", 
            "charge_description": ""
        }
    }, 
    {
        "pk": 18, 
        "model": "people.groupcharge", 
        "fields": {
            "group": 4, 
            "end_date": null, 
            "start_date": "2008-05-08", 
            "charge": 21, 
            "end_reason": "", 
            "charge_description": ""
        }
    }, 
    {
        "pk": 19, 
        "model": "people.groupcharge", 
        "fields": {
            "group": 2, 
            "end_date": null, 
            "start_date": "2008-05-08", 
            "charge": 22, 
            "end_reason": "", 
            "charge_description": ""
        }
    }, 
    {
        "pk": 20, 
        "model": "people.groupcharge", 
        "fields": {
            "group": 2, 
            "end_date": null, 
            "start_date": "2008-05-08", 
            "charge": 23, 
            "end_reason": "", 
            "charge_description": ""
        }
    }, 
    {
        "pk": 21, 
        "model": "people.groupcharge", 
        "fields": {
            "group": 1, 
            "end_date": null, 
            "start_date": "2008-05-08", 
            "charge": 24, 
            "end_reason": "", 
            "charge_description": ""
        }
    }, 
    {
        "pk": 22, 
        "model": "people.groupcharge", 
        "fields": {
            "group": 4, 
            "end_date": null, 
            "start_date": "2008-05-08", 
            "charge": 25, 
            "end_reason": "", 
            "charge_description": ""
        }
    }, 
    {
        "pk": 23, 
        "model": "people.groupcharge", 
        "fields": {
            "group": 1, 
            "end_date": null, 
            "start_date": "2008-05-08", 
            "charge": 26, 
            "end_reason": "", 
            "charge_description": ""
        }
    }, 
    {
        "pk": 24, 
        "model": "people.groupcharge", 
        "fields": {
            "group": 1, 
            "end_date": null, 
            "start_date": "2008-05-08", 
            "charge": 27, 
            "end_reason": "", 
            "charge_description": ""
        }
    }, 
    {
        "pk": 25, 
        "model": "people.groupcharge", 
        "fields": {
            "group": 1, 
            "end_date": null, 
            "start_date": "2008-05-08", 
            "charge": 28, 
            "end_reason": "", 
            "charge_description": ""
        }
    }, 
    {
        "pk": 26, 
        "model": "people.groupcharge", 
        "fields": {
            "group": 2, 
            "end_date": null, 
            "start_date": "2008-05-08", 
            "charge": 29, 
            "end_reason": "", 
            "charge_description": ""
        }
    }, 
    {
        "pk": 27, 
        "model": "people.groupcharge", 
        "fields": {
            "group": 1, 
            "end_date": null, 
            "start_date": "2008-05-08", 
            "charge": 30, 
            "end_reason": "", 
            "charge_description": ""
        }
    }, 
    {
        "pk": 28, 
        "model": "people.groupcharge", 
        "fields": {
            "group": 1, 
            "end_date": null, 
            "start_date": "2008-05-08", 
            "charge": 31, 
            "end_reason": "", 
            "charge_description": ""
        }
    }, 
    {
        "pk": 29, 
        "model": "people.groupcharge", 
        "fields": {
            "group": 2, 
            "end_date": null, 
            "start_date": "2008-05-08", 
            "charge": 32, 
            "end_reason": "", 
            "charge_description": ""
        }
    }, 
    {
        "pk": 30, 
        "model": "people.groupcharge", 
        "fields": {
            "group": 1, 
            "end_date": null, 
            "start_date": "2008-05-08", 
            "charge": 33, 
            "end_reason": "", 
            "charge_description": ""
        }
    }, 
    {
        "pk": 31, 
        "model": "people.groupcharge", 
        "fields": {
            "group": 1, 
            "end_date": null, 
            "start_date": "2008-05-08", 
            "charge": 34, 
            "end_reason": "", 
            "charge_description": ""
        }
    }, 
    {
        "pk": 32, 
        "model": "people.groupcharge", 
        "fields": {
            "group": 1, 
            "end_date": null, 
            "start_date": "2008-05-08", 
            "charge": 35, 
            "end_reason": "", 
            "charge_description": ""
        }
    }, 
    {
        "pk": 33, 
        "model": "people.groupcharge", 
        "fields": {
            "group": 5, 
            "end_date": null, 
            "start_date": "2008-05-08", 
            "charge": 36, 
            "end_reason": "", 
            "charge_description": ""
        }
    }, 
    {
        "pk": 34, 
        "model": "people.groupcharge", 
        "fields": {
            "group": 2, 
            "end_date": null, 
            "start_date": "2008-05-08", 
            "charge": 37, 
            "end_reason": "", 
            "charge_description": ""
        }
    }, 
    {
        "pk": 35, 
        "model": "people.groupcharge", 
        "fields": {
            "group": 3, 
            "end_date": null, 
            "start_date": "2008-05-08", 
            "charge": 38, 
            "end_reason": "", 
            "charge_description": ""
        }
    }, 
    {
        "pk": 36, 
        "model": "people.groupcharge", 
        "fields": {
            "group": 2, 
            "end_date": null, 
            "start_date": "2008-05-08", 
            "charge": 39, 
            "end_reason": "", 
            "charge_description": ""
        }
    }, 
    {
        "pk": 37, 
        "model": "people.groupcharge", 
        "fields": {
            "group": 2, 
            "end_date": null, 
            "start_date": "2008-05-08", 
            "charge": 40, 
            "end_reason": "", 
            "charge_description": ""
        }
    }, 
    {
        "pk": 38, 
        "model": "people.groupcharge", 
        "fields": {
            "group": 2, 
            "end_date": null, 
            "start_date": "2008-05-08", 
            "charge": 41, 
            "end_reason": "", 
            "charge_description": ""
        }
    }, 
    {
        "pk": 39, 
        "model": "people.groupcharge", 
        "fields": {
            "group": 6, 
            "end_date": null, 
            "start_date": "2008-05-08", 
            "charge": 42, 
            "end_reason": "", 
            "charge_description": ""
        }
    }, 
    {
        "pk": 40, 
        "model": "people.groupcharge", 
        "fields": {
            "group": 2, 
            "end_date": null, 
            "start_date": "2008-05-08", 
            "charge": 43, 
            "end_reason": "", 
            "charge_description": ""
        }
    }, 
    {
        "pk": 1, 
        "model": "people.groupismajority", 
        "fields": {
            "group": 1, 
            "is_majority": false, 
            "end_date": null, 
            "start_date": "2008-05-08"
        }
    }, 
    {
        "pk": 2, 
        "model": "people.groupismajority", 
        "fields": {
            "group": 2, 
            "is_majority": true, 
            "end_date": null, 
            "start_date": "2008-05-08"
        }
    }, 
    {
        "pk": 3, 
        "model": "people.groupismajority", 
        "fields": {
            "group": 3, 
            "is_majority": false, 
            "end_date": null, 
            "start_date": "2008-05-08"
        }
    }, 
    {
        "pk": 4, 
        "model": "people.groupismajority", 
        "fields": {
            "group": 4, 
            "is_majority": true, 
            "end_date": null, 
            "start_date": "2008-05-08"
        }
    }, 
    {
        "pk": 5, 
        "model": "people.groupismajority", 
        "fields": {
            "group": 5, 
            "is_majority": true, 
            "end_date": null, 
            "start_date": "2008-05-08"
        }
    }, 
    {
        "pk": 6, 
        "model": "people.groupismajority", 
        "fields": {
            "group": 6, 
            "is_majority": false, 
            "end_date": null, 
            "start_date": "2008-05-08"
        }
    }, 
    {
        "pk": 7, 
        "model": "people.groupismajority", 
        "fields": {
            "group": 7, 
            "is_majority": null, 
            "end_date": null, 
            "start_date": "2008-05-08"
        }
    }, 
    {
        "pk": 1, 
        "model": "people.institution", 
        "fields": {
            "institution_type": 1, 
            "description": "Descrizione dell'istituzione ufficio del sindaco", 
            "name": "Sindaco", 
            "parent": null, 
            "slug": "sindaco"
        }
    }, 
    {
        "pk": 2, 
        "model": "people.institution", 
        "fields": {
            "institution_type": 2, 
            "description": "Descrizione dell'istituzione Giunta", 
            "name": "Giunta comunale", 
            "parent": 1, 
            "slug": "giunta-comunale"
        }
    }, 
    {
        "pk": 3, 
        "model": "people.institution", 
        "fields": {
            "institution_type": 3, 
            "description": "Descrizione dell'istituzione Consiglio", 
            "name": "Consiglio comunale", 
            "parent": 1, 
            "slug": "consiglio-comunale"
        }
    }, 
    {
        "pk": 4, 
        "model": "people.institution", 
        "fields": {
            "institution_type": 4, 
            "description": "Bilancio e programmazione", 
            "name": "1^ commissione", 
            "parent": 3, 
            "slug": "1-commissione"
        }
    }, 
    {
        "pk": 5, 
        "model": "people.institution", 
        "fields": {
            "institution_type": 4, 
            "description": "Urbanistica, Infrastrutture e Lavori pubblici", 
            "name": "2^ commissione", 
            "parent": 3, 
            "slug": "2-commissione"
        }
    }, 
    {
        "pk": 6, 
        "model": "people.institution", 
        "fields": {
            "institution_type": 4, 
            "description": "Citt\u00e0 sostenibile (Ambiente, Mobilit\u00e0, Energia, Trasporto pubblico),frazioni, attivit\u00e0 produttive, sport", 
            "name": "3^ commissione", 
            "parent": 3, 
            "slug": "3-commissione"
        }
    }, 
    {
        "pk": 7, 
        "model": "people.institution", 
        "fields": {
            "institution_type": 4, 
            "description": "Servizi alla Persona, Pubblica Istruzione e Politiche Giovanili", 
            "name": "4^ commissione", 
            "parent": 3, 
            "slug": "4-commissione"
        }
    }, 
    {
        "pk": 8, 
        "model": "people.institution", 
        "fields": {
            "institution_type": 4, 
            "description": "Cultura, Promozione e Turismo", 
            "name": "5^ commissione", 
            "parent": 3, 
            "slug": "5-commissione"
        }
    }, 
    {
        "pk": 9, 
        "model": "people.institution", 
        "fields": {
            "institution_type": 4, 
            "description": "Risorse Finanziarie e Patrimonio", 
            "name": "6^ commissione", 
            "parent": 3, 
            "slug": "6-commissione"
        }
    }
]