[
    {
        "pk": 17, 
        "model": "contenttypes.contenttype", 
        "fields": {
            "model": "commentwithmood", 
            "name": "Comment", 
            "app_label": "om_comments"
        }
    }, 
    {
        "pk": 13, 
        "model": "contenttypes.contenttype", 
        "fields": {
            "model": "tag", 
            "name": "Tag", 
            "app_label": "taggit"
        }
    }, 
    {
        "pk": 47, 
        "model": "contenttypes.contenttype", 
        "fields": {
            "model": "tag", 
            "name": "Tag", 
            "app_label": "taxonomy"
        }
    }, 
    {
        "pk": 14, 
        "model": "contenttypes.contenttype", 
        "fields": {
            "model": "taggeditem", 
            "name": "Tagged Item", 
            "app_label": "taggit"
        }
    }, 
    {
        "pk": 18, 
        "model": "contenttypes.contenttype", 
        "fields": {
            "model": "act", 
            "name": "act", 
            "app_label": "acts"
        }
    }, 
    {
        "pk": 21, 
        "model": "contenttypes.contenttype", 
        "fields": {
            "model": "actdescriptor", 
            "name": "act descriptor", 
            "app_label": "acts"
        }
    }, 
    {
        "pk": 19, 
        "model": "contenttypes.contenttype", 
        "fields": {
            "model": "actsection", 
            "name": "act section", 
            "app_label": "acts"
        }
    }, 
    {
        "pk": 20, 
        "model": "contenttypes.contenttype", 
        "fields": {
            "model": "actsupport", 
            "name": "act support", 
            "app_label": "acts"
        }
    }, 
    {
        "pk": 38, 
        "model": "contenttypes.contenttype", 
        "fields": {
            "model": "administrationcharge", 
            "name": "administration charge", 
            "app_label": "people"
        }
    }, 
    {
        "pk": 22, 
        "model": "contenttypes.contenttype", 
        "fields": {
            "model": "agenda", 
            "name": "agenda", 
            "app_label": "acts"
        }
    }, 
    {
        "pk": 29, 
        "model": "contenttypes.contenttype", 
        "fields": {
            "model": "attach", 
            "name": "attach", 
            "app_label": "acts"
        }
    }, 
    {
        "pk": 57, 
        "model": "contenttypes.contenttype", 
        "fields": {
            "model": "news", 
            "name": "cached news", 
            "app_label": "newscache"
        }
    }, 
    {
        "pk": 32, 
        "model": "contenttypes.contenttype", 
        "fields": {
            "model": "calendar", 
            "name": "calendar", 
            "app_label": "acts"
        }
    }, 
    {
        "pk": 49, 
        "model": "contenttypes.contenttype", 
        "fields": {
            "model": "category", 
            "name": "category", 
            "app_label": "taxonomy"
        }
    }, 
    {
        "pk": 53, 
        "model": "contenttypes.contenttype", 
        "fields": {
            "model": "chargevote", 
            "name": "charge vote", 
            "app_label": "votations"
        }
    }, 
    {
        "pk": 5, 
        "model": "contenttypes.contenttype", 
        "fields": {
            "model": "comment", 
            "name": "comment", 
            "app_label": "comments"
        }
    }, 
    {
        "pk": 6, 
        "model": "contenttypes.contenttype", 
        "fields": {
            "model": "commentflag", 
            "name": "comment flag", 
            "app_label": "comments"
        }
    }, 
    {
        "pk": 44, 
        "model": "contenttypes.contenttype", 
        "fields": {
            "model": "company", 
            "name": "company", 
            "app_label": "people"
        }
    }, 
    {
        "pk": 7, 
        "model": "contenttypes.contenttype", 
        "fields": {
            "model": "contenttype", 
            "name": "content type", 
            "app_label": "contenttypes"
        }
    }, 
    {
        "pk": 23, 
        "model": "contenttypes.contenttype", 
        "fields": {
            "model": "deliberation", 
            "name": "deliberation", 
            "app_label": "acts"
        }
    }, 
    {
        "pk": 27, 
        "model": "contenttypes.contenttype", 
        "fields": {
            "model": "emendation", 
            "name": "emendation", 
            "app_label": "acts"
        }
    }, 
    {
        "pk": 16, 
        "model": "contenttypes.contenttype", 
        "fields": {
            "model": "event", 
            "name": "event", 
            "app_label": "events"
        }
    }, 
    {
        "pk": 2, 
        "model": "contenttypes.contenttype", 
        "fields": {
            "model": "group", 
            "name": "group", 
            "app_label": "auth"
        }
    }, 
    {
        "pk": 39, 
        "model": "contenttypes.contenttype", 
        "fields": {
            "model": "group", 
            "name": "group", 
            "app_label": "people"
        }
    }, 
    {
        "pk": 40, 
        "model": "contenttypes.contenttype", 
        "fields": {
            "model": "groupcharge", 
            "name": "group charge", 
            "app_label": "people"
        }
    }, 
    {
        "pk": 42, 
        "model": "contenttypes.contenttype", 
        "fields": {
            "model": "groupismajority", 
            "name": "group majority", 
            "app_label": "people"
        }
    }, 
    {
        "pk": 41, 
        "model": "contenttypes.contenttype", 
        "fields": {
            "model": "groupresponsability", 
            "name": "group responsability", 
            "app_label": "people"
        }
    }, 
    {
        "pk": 52, 
        "model": "contenttypes.contenttype", 
        "fields": {
            "model": "groupvote", 
            "name": "group vote", 
            "app_label": "votations"
        }
    }, 
    {
        "pk": 43, 
        "model": "contenttypes.contenttype", 
        "fields": {
            "model": "institution", 
            "name": "institution", 
            "app_label": "people"
        }
    }, 
    {
        "pk": 35, 
        "model": "contenttypes.contenttype", 
        "fields": {
            "model": "institutioncharge", 
            "name": "institution charge", 
            "app_label": "people"
        }
    }, 
    {
        "pk": 36, 
        "model": "contenttypes.contenttype", 
        "fields": {
            "model": "institutionresponsability", 
            "name": "institution responsability", 
            "app_label": "people"
        }
    }, 
    {
        "pk": 25, 
        "model": "contenttypes.contenttype", 
        "fields": {
            "model": "interpellation", 
            "name": "interpellation", 
            "app_label": "acts"
        }
    }, 
    {
        "pk": 24, 
        "model": "contenttypes.contenttype", 
        "fields": {
            "model": "interrogation", 
            "name": "interrogation", 
            "app_label": "acts"
        }
    }, 
    {
        "pk": 50, 
        "model": "contenttypes.contenttype", 
        "fields": {
            "model": "location", 
            "name": "location", 
            "app_label": "taxonomy"
        }
    }, 
    {
        "pk": 10, 
        "model": "contenttypes.contenttype", 
        "fields": {
            "model": "logentry", 
            "name": "log entry", 
            "app_label": "admin"
        }
    }, 
    {
        "pk": 4, 
        "model": "contenttypes.contenttype", 
        "fields": {
            "model": "message", 
            "name": "message", 
            "app_label": "auth"
        }
    }, 
    {
        "pk": 12, 
        "model": "contenttypes.contenttype", 
        "fields": {
            "model": "migrationhistory", 
            "name": "migration history", 
            "app_label": "south"
        }
    }, 
    {
        "pk": 30, 
        "model": "contenttypes.contenttype", 
        "fields": {
            "model": "minute", 
            "name": "minute", 
            "app_label": "acts"
        }
    }, 
    {
        "pk": 55, 
        "model": "contenttypes.contenttype", 
        "fields": {
            "model": "monitoring", 
            "name": "monitoring", 
            "app_label": "monitoring"
        }
    }, 
    {
        "pk": 26, 
        "model": "contenttypes.contenttype", 
        "fields": {
            "model": "motion", 
            "name": "motion", 
            "app_label": "acts"
        }
    }, 
    {
        "pk": 45, 
        "model": "contenttypes.contenttype", 
        "fields": {
            "model": "office", 
            "name": "office", 
            "app_label": "people"
        }
    }, 
    {
        "pk": 37, 
        "model": "contenttypes.contenttype", 
        "fields": {
            "model": "companycharge", 
            "name": "organization charge", 
            "app_label": "people"
        }
    }, 
    {
        "pk": 31, 
        "model": "contenttypes.contenttype", 
        "fields": {
            "model": "outcome", 
            "name": "outcome", 
            "app_label": "acts"
        }
    }, 
    {
        "pk": 1, 
        "model": "contenttypes.contenttype", 
        "fields": {
            "model": "permission", 
            "name": "permission", 
            "app_label": "auth"
        }
    }, 
    {
        "pk": 33, 
        "model": "contenttypes.contenttype", 
        "fields": {
            "model": "person", 
            "name": "person", 
            "app_label": "people"
        }
    }, 
    {
        "pk": 11, 
        "model": "contenttypes.contenttype", 
        "fields": {
            "model": "registrationprofile", 
            "name": "registration profile", 
            "app_label": "registration"
        }
    }, 
    {
        "pk": 34, 
        "model": "contenttypes.contenttype", 
        "fields": {
            "model": "resource", 
            "name": "resource", 
            "app_label": "people"
        }
    }, 
    {
        "pk": 8, 
        "model": "contenttypes.contenttype", 
        "fields": {
            "model": "session", 
            "name": "session", 
            "app_label": "sessions"
        }
    }, 
    {
        "pk": 56, 
        "model": "contenttypes.contenttype", 
        "fields": {
            "model": "sharing", 
            "name": "sharing", 
            "app_label": "web_services"
        }
    }, 
    {
        "pk": 9, 
        "model": "contenttypes.contenttype", 
        "fields": {
            "model": "site", 
            "name": "site", 
            "app_label": "sites"
        }
    }, 
    {
        "pk": 46, 
        "model": "contenttypes.contenttype", 
        "fields": {
            "model": "sitting", 
            "name": "sitting", 
            "app_label": "people"
        }
    }, 
    {
        "pk": 28, 
        "model": "contenttypes.contenttype", 
        "fields": {
            "model": "transition", 
            "name": "status transition", 
            "app_label": "acts"
        }
    }, 
    {
        "pk": 48, 
        "model": "contenttypes.contenttype", 
        "fields": {
            "model": "taggedact", 
            "name": "tagged act", 
            "app_label": "taxonomy"
        }
    }, 
    {
        "pk": 3, 
        "model": "contenttypes.contenttype", 
        "fields": {
            "model": "user", 
            "name": "user", 
            "app_label": "auth"
        }
    }, 
    {
        "pk": 54, 
        "model": "contenttypes.contenttype", 
        "fields": {
            "model": "userprofile", 
            "name": "user profile", 
            "app_label": "users"
        }
    }, 
    {
        "pk": 51, 
        "model": "contenttypes.contenttype", 
        "fields": {
            "model": "votation", 
            "name": "votation", 
            "app_label": "votations"
        }
    }, 
    {
        "pk": 15, 
        "model": "contenttypes.contenttype", 
        "fields": {
            "model": "vote", 
            "name": "vote", 
            "app_label": "voting"
        }
    }, 
    {
        "pk": 1, 
        "model": "sites.site", 
        "fields": {
            "domain": "local.openmunicipio.it:8000", 
            "name": "local.openmunicipio.it"
        }
    }, 
    {
        "pk": 1, 
        "model": "people.person", 
        "fields": {
            "first_name": "Anna", 
            "last_name": "BUGETTI IN PAOLETTI", 
            "birth_location": "Ligonchio (RE)", 
            "op_politician_id": null, 
            "sex": 0, 
            "birth_date": "1970-04-07", 
            "slug": "anna-bugetti-in-paoletti-1970-04-07"
        }
    }, 
    {
        "pk": 2, 
        "model": "people.person", 
        "fields": {
            "first_name": "Dalmazio", 
            "last_name": "TIERO", 
            "birth_location": "Magomadas (OR)", 
            "op_politician_id": null, 
            "sex": 1, 
            "birth_date": "1964-04-01", 
            "slug": "dalmazio-tiero-1964-04-01"
        }
    }, 
    {
        "pk": 3, 
        "model": "people.person", 
        "fields": {
            "first_name": "FRANCESCO", 
            "last_name": "Verdicchia", 
            "birth_location": "SAN LEONARDO DI CUTRO", 
            "op_politician_id": null, 
            "sex": 1, 
            "birth_date": "1932-02-24", 
            "slug": "francesco-verdicchia-1932-02-24"
        }
    }, 
    {
        "pk": 4, 
        "model": "people.person", 
        "fields": {
            "first_name": "TOSCO", 
            "last_name": "CEREDA", 
            "birth_location": "Vallecrosia (IM)", 
            "op_politician_id": null, 
            "sex": 1, 
            "birth_date": "1981-12-11", 
            "slug": "tosco-cereda-1981-12-11"
        }
    }, 
    {
        "pk": 5, 
        "model": "people.person", 
        "fields": {
            "first_name": "Angelo", 
            "last_name": "GERLI", 
            "birth_location": "Franvailla Fontana", 
            "op_politician_id": null, 
            "sex": 1, 
            "birth_date": "1937-07-19", 
            "slug": "angelo-gerli-1937-07-19"
        }
    }, 
    {
        "pk": 6, 
        "model": "people.person", 
        "fields": {
            "first_name": "ALGHISIO", 
            "last_name": "FAVRE", 
            "birth_location": "Camporosso (IM)", 
            "op_politician_id": null, 
            "sex": 1, 
            "birth_date": "1950-03-03", 
            "slug": "alghisio-favre-1950-03-03"
        }
    }, 
    {
        "pk": 7, 
        "model": "people.person", 
        "fields": {
            "first_name": "ROSETTA", 
            "last_name": "TRESOLDI IN CERATI", 
            "birth_location": "Adelaide Ausralia (EE)", 
            "op_politician_id": null, 
            "sex": 0, 
            "birth_date": "1930-05-29", 
            "slug": "rosetta-tresoldi-in-cerati-1930-05-29"
        }
    }, 
    {
        "pk": 8, 
        "model": "people.person", 
        "fields": {
            "first_name": "Emanuele", 
            "last_name": "Baghini", 
            "birth_location": "San Valentino In A.c. (PE)", 
            "op_politician_id": null, 
            "sex": 1, 
            "birth_date": "1944-12-07", 
            "slug": "emanuele-baghini-1944-12-07"
        }
    }, 
    {
        "pk": 9, 
        "model": "people.person", 
        "fields": {
            "first_name": "Nicola", 
            "last_name": "BECCALOSSI", 
            "birth_location": "Venezia", 
            "op_politician_id": null, 
            "sex": 1, 
            "birth_date": "1953-04-08", 
            "slug": "nicola-beccalossi-1953-04-08"
        }
    }, 
    {
        "pk": 10, 
        "model": "people.person", 
        "fields": {
            "first_name": "MARIA", 
            "last_name": "Celauro", 
            "birth_location": "San Giorgio a Liri (FR)", 
            "op_politician_id": null, 
            "sex": 0, 
            "birth_date": "1983-12-09", 
            "slug": "maria-celauro-1983-12-09"
        }
    }, 
    {
        "pk": 11, 
        "model": "people.person", 
        "fields": {
            "first_name": "GILDO", 
            "last_name": "DI GLERIA", 
            "birth_location": "Meana Sardo (NU)", 
            "op_politician_id": null, 
            "sex": 1, 
            "birth_date": "1929-02-03", 
            "slug": "gildo-di-gleria-1929-02-03"
        }
    }, 
    {
        "pk": 12, 
        "model": "people.person", 
        "fields": {
            "first_name": "Adolfo", 
            "last_name": "LO RE", 
            "birth_location": "Lourdes Francia (EE)", 
            "op_politician_id": null, 
            "sex": 1, 
            "birth_date": "1964-10-07", 
            "slug": "adolfo-lo-re-1964-10-07"
        }
    }, 
    {
        "pk": 13, 
        "model": "people.person", 
        "fields": {
            "first_name": "M.", 
            "last_name": "GAMBARETTO", 
            "birth_location": "Bastida De' Dossi (PV)", 
            "op_politician_id": null, 
            "sex": 0, 
            "birth_date": "1943-02-15", 
            "slug": "m-gambaretto-1943-02-15"
        }
    }, 
    {
        "pk": 14, 
        "model": "people.person", 
        "fields": {
            "first_name": "BIANCO", 
            "last_name": "DAZZAN", 
            "birth_location": "Ussassai (OG)", 
            "op_politician_id": null, 
            "sex": 1, 
            "birth_date": "1965-05-05", 
            "slug": "bianco-dazzan-1965-05-05"
        }
    }, 
    {
        "pk": 15, 
        "model": "people.person", 
        "fields": {
            "first_name": "FRANCESCOANTONIO", 
            "last_name": "FOTI", 
            "birth_location": "CASSANO DELLO IONIO", 
            "op_politician_id": null, 
            "sex": 1, 
            "birth_date": "1953-06-01", 
            "slug": "francescoantonio-foti-1953-06-01"
        }
    }, 
    {
        "pk": 16, 
        "model": "people.person", 
        "fields": {
            "first_name": "CRUCIANO", 
            "last_name": "CANGI", 
            "birth_location": "San Romano G.na (LU)", 
            "op_politician_id": null, 
            "sex": 1, 
            "birth_date": "1957-09-18", 
            "slug": "cruciano-cangi-1957-09-18"
        }
    }, 
    {
        "pk": 17, 
        "model": "people.person", 
        "fields": {
            "first_name": "PAOLINO", 
            "last_name": "Casarollo", 
            "birth_location": "S.STEFANO", 
            "op_politician_id": null, 
            "sex": 1, 
            "birth_date": "1950-02-15", 
            "slug": "paolino-casarollo-1950-02-15"
        }
    }, 
    {
        "pk": 18, 
        "model": "people.person", 
        "fields": {
            "first_name": "LORENZA", 
            "last_name": "ARISTOTILE", 
            "birth_location": "Pescina (AQ)", 
            "op_politician_id": null, 
            "sex": 0, 
            "birth_date": "1950-08-16", 
            "slug": "lorenza-aristotile-1950-08-16"
        }
    }, 
    {
        "pk": 19, 
        "model": "people.person", 
        "fields": {
            "first_name": "RODOLFO", 
            "last_name": "CIBRA", 
            "birth_location": "Formia (LT)", 
            "op_politician_id": null, 
            "sex": 1, 
            "birth_date": "1960-07-06", 
            "slug": "rodolfo-cibra-1960-07-06"
        }
    }, 
    {
        "pk": 20, 
        "model": "people.person", 
        "fields": {
            "first_name": "PATRIZIO", 
            "last_name": "LUPI", 
            "birth_location": "Forl\u00ec (FC)", 
            "op_politician_id": null, 
            "sex": 1, 
            "birth_date": "1955-07-19", 
            "slug": "patrizio-lupi-1955-07-19"
        }
    }, 
    {
        "pk": 21, 
        "model": "people.person", 
        "fields": {
            "first_name": "GIOVANNA", 
            "last_name": "PINGITORE", 
            "birth_location": "Lamon (BL)", 
            "op_politician_id": null, 
            "sex": 0, 
            "birth_date": "1980-09-09", 
            "slug": "giovanna-pingitore-1980-09-09"
        }
    }, 
    {
        "pk": 22, 
        "model": "people.person", 
        "fields": {
            "first_name": "REMO", 
            "last_name": "CANTELLI", 
            "birth_location": "Vernole (LE)", 
            "op_politician_id": null, 
            "sex": 1, 
            "birth_date": "1971-09-07", 
            "slug": "remo-cantelli-1971-09-07"
        }
    }, 
    {
        "pk": 23, 
        "model": "people.person", 
        "fields": {
            "first_name": "Graziano", 
            "last_name": "POSSENTI", 
            "birth_location": "Monte San Giacomo (SA)", 
            "op_politician_id": null, 
            "sex": 1, 
            "birth_date": "1943-03-19", 
            "slug": "graziano-possenti-1943-03-19"
        }
    }, 
    {
        "pk": 24, 
        "model": "people.person", 
        "fields": {
            "first_name": "FIORANGELO", 
            "last_name": "SPIGNOLI", 
            "birth_location": "Roccabianca (PR)", 
            "op_politician_id": null, 
            "sex": 1, 
            "birth_date": "1977-12-26", 
            "slug": "fiorangelo-spignoli-1977-12-26"
        }
    }, 
    {
        "pk": 25, 
        "model": "people.person", 
        "fields": {
            "first_name": "Sergio", 
            "last_name": "LARCI", 
            "birth_location": "LUCERNA", 
            "op_politician_id": null, 
            "sex": 1, 
            "birth_date": "1949-09-26", 
            "slug": "sergio-larci-1949-09-26"
        }
    }, 
    {
        "pk": 26, 
        "model": "people.person", 
        "fields": {
            "first_name": "PIERCARLO", 
            "last_name": "PUNTAIER", 
            "birth_location": "Bernareggio (MI)", 
            "op_politician_id": null, 
            "sex": 1, 
            "birth_date": "1983-09-09", 
            "slug": "piercarlo-puntaier-1983-09-09"
        }
    }, 
    {
        "pk": 27, 
        "model": "people.person", 
        "fields": {
            "first_name": "BRUNO", 
            "last_name": "TRENTACOSTE", 
            "birth_location": "Griante (CO)", 
            "op_politician_id": null, 
            "sex": 1, 
            "birth_date": "1977-08-31", 
            "slug": "bruno-trentacoste-1977-08-31"
        }
    }, 
    {
        "pk": 28, 
        "model": "people.person", 
        "fields": {
            "first_name": "Gino", 
            "last_name": "VALERI", 
            "birth_location": "LODIVECCHIO", 
            "op_politician_id": null, 
            "sex": 1, 
            "birth_date": "1944-05-09", 
            "slug": "gino-valeri-1944-05-09"
        }
    }, 
    {
        "pk": 29, 
        "model": "people.person", 
        "fields": {
            "first_name": "FABRIZIO", 
            "last_name": "MAGALINI", 
            "birth_location": "Caccuri (CZ)", 
            "op_politician_id": null, 
            "sex": 1, 
            "birth_date": "1985-12-04", 
            "slug": "fabrizio-magalini-1985-12-04"
        }
    }, 
    {
        "pk": 30, 
        "model": "people.person", 
        "fields": {
            "first_name": "Rebecca", 
            "last_name": "RAMORINI", 
            "birth_location": "Farigliano (CN)", 
            "op_politician_id": null, 
            "sex": 0, 
            "birth_date": "1983-04-01", 
            "slug": "rebecca-ramorini-1983-04-01"
        }
    }, 
    {
        "pk": 31, 
        "model": "people.person", 
        "fields": {
            "first_name": "GINO", 
            "last_name": "MIAN", 
            "birth_location": "Serino (AV)", 
            "op_politician_id": null, 
            "sex": 1, 
            "birth_date": "1972-10-29", 
            "slug": "gino-mian-1972-10-29"
        }
    }, 
    {
        "pk": 32, 
        "model": "people.person", 
        "fields": {
            "first_name": "PATRIZIO", 
            "last_name": "Armistizio", 
            "birth_location": "Siegen Germania (EE)", 
            "op_politician_id": null, 
            "sex": 1, 
            "birth_date": "1939-07-01", 
            "slug": "patrizio-armistizio-1939-07-01"
        }
    }, 
    {
        "pk": 33, 
        "model": "people.person", 
        "fields": {
            "first_name": "DOVILIA", 
            "last_name": "D'AMMARIO", 
            "birth_location": "Dogliani (CN)", 
            "op_politician_id": null, 
            "sex": 0, 
            "birth_date": "1966-12-27", 
            "slug": "dovilia-dammario-1966-12-27"
        }
    }, 
    {
        "pk": 34, 
        "model": "people.person", 
        "fields": {
            "first_name": "FIORANGELO", 
            "last_name": "BUCCOLIERO", 
            "birth_location": "PODENZANA MASSA-CARRARA", 
            "op_politician_id": null, 
            "sex": 1, 
            "birth_date": "1968-09-11", 
            "slug": "fiorangelo-buccoliero-1968-09-11"
        }
    }, 
    {
        "pk": 35, 
        "model": "people.person", 
        "fields": {
            "first_name": "ANT", 
            "last_name": "SOLDOVIERI", 
            "birth_location": "Mulazzano (LO)", 
            "op_politician_id": null, 
            "sex": 1, 
            "birth_date": "1950-01-15", 
            "slug": "ant-soldovieri-1950-01-15"
        }
    }, 
    {
        "pk": 36, 
        "model": "people.person", 
        "fields": {
            "first_name": "DOMENICO", 
            "last_name": "FALCHERO", 
            "birth_location": "Cavedago (TN)", 
            "op_politician_id": null, 
            "sex": 1, 
            "birth_date": "1982-10-15", 
            "slug": "domenico-falchero-1982-10-15"
        }
    }, 
    {
        "pk": 37, 
        "model": "people.person", 
        "fields": {
            "first_name": "ENEMESIO", 
            "last_name": "DEBENJAK", 
            "birth_location": "Ballao (CA)", 
            "op_politician_id": null, 
            "sex": 1, 
            "birth_date": "1985-04-05", 
            "slug": "enemesio-debenjak-1985-04-05"
        }
    }, 
    {
        "pk": 38, 
        "model": "people.person", 
        "fields": {
            "first_name": "PIER", 
            "last_name": "Robiglio", 
            "birth_location": "Zeri (MS)", 
            "op_politician_id": null, 
            "sex": 0, 
            "birth_date": "1954-01-23", 
            "slug": "pier-robiglio-1954-01-23"
        }
    }, 
    {
        "pk": 39, 
        "model": "people.person", 
        "fields": {
            "first_name": "Gerardo", 
            "last_name": "BALLI'", 
            "birth_location": "Calcio (BG)", 
            "op_politician_id": null, 
            "sex": 1, 
            "birth_date": "1941-01-22", 
            "slug": "gerardo-balli-1941-01-22"
        }
    }, 
    {
        "pk": 40, 
        "model": "people.person", 
        "fields": {
            "first_name": "SALVATORE", 
            "last_name": "DELLO SBARBA", 
            "birth_location": "Cupra Marittima (AP)", 
            "op_politician_id": null, 
            "sex": 1, 
            "birth_date": "1946-01-17", 
            "slug": "salvatore-dello-sbarba-1946-01-17"
        }
    }, 
    {
        "pk": 41, 
        "model": "people.person", 
        "fields": {
            "first_name": "Gaetano", 
            "last_name": "CASTALDELLO", 
            "birth_location": "Brunico (BZ)", 
            "op_politician_id": null, 
            "sex": 1, 
            "birth_date": "1977-04-08", 
            "slug": "gaetano-castaldello-1977-04-08"
        }
    }, 
    {
        "pk": 42, 
        "model": "people.person", 
        "fields": {
            "first_name": "ALOISIA", 
            "last_name": "SMACCHIA", 
            "birth_location": "TRESCORE B.", 
            "op_politician_id": null, 
            "sex": 0, 
            "birth_date": "1953-05-20", 
            "slug": "aloisia-smacchia-1953-05-20"
        }
    }, 
    {
        "pk": 43, 
        "model": "people.person", 
        "fields": {
            "first_name": "CARLO", 
            "last_name": "COSOLO", 
            "birth_location": "Barcellona (ME)", 
            "op_politician_id": null, 
            "sex": 1, 
            "birth_date": "1969-08-24", 
            "slug": "carlo-cosolo-1969-08-24"
        }
    }, 
    {
        "pk": 44, 
        "model": "people.person", 
        "fields": {
            "first_name": "FALVIO", 
            "last_name": "Zarrelli", 
            "birth_location": "Romano Canavese (TO)", 
            "op_politician_id": null, 
            "sex": 1, 
            "birth_date": "1942-10-04", 
            "slug": "falvio-zarrelli-1942-10-04"
        }
    }, 
    {
        "pk": 45, 
        "model": "people.person", 
        "fields": {
            "first_name": "SATURNINO", 
            "last_name": "VENNARI", 
            "birth_location": "PIRANO", 
            "op_politician_id": null, 
            "sex": 1, 
            "birth_date": "1954-03-23", 
            "slug": "saturnino-vennari-1954-03-23"
        }
    }, 
    {
        "pk": 46, 
        "model": "people.person", 
        "fields": {
            "first_name": "BONAVENTURA", 
            "last_name": "SAITTO", 
            "birth_location": "San Nicola la Strada (CE)", 
            "op_politician_id": null, 
            "sex": 1, 
            "birth_date": "1974-07-23", 
            "slug": "bonaventura-saitto-1974-07-23"
        }
    }, 
    {
        "pk": 47, 
        "model": "people.person", 
        "fields": {
            "first_name": "ARMENIO", 
            "last_name": "MAGGINI", 
            "birth_location": "Cosenza (CS)", 
            "op_politician_id": null, 
            "sex": 1, 
            "birth_date": "1962-06-10", 
            "slug": "armenio-maggini-1962-06-10"
        }
    }, 
    {
        "pk": 48, 
        "model": "people.person", 
        "fields": {
            "first_name": "A.", 
            "last_name": "POSATI", 
            "birth_location": "Ponte Buggianese (PT)", 
            "op_politician_id": null, 
            "sex": 1, 
            "birth_date": "1948-07-03", 
            "slug": "a-posati-1948-07-03"
        }
    }, 
    {
        "pk": 1, 
        "model": "people.institutioncharge", 
        "fields": {
            "op_charge_id": null, 
            "n_present_votations": 0, 
            "substituted_by": null, 
            "substitutes": null, 
            "description": "Descrizione incarico di sindaco", 
            "end_date": null, 
            "n_absent_votations": 0, 
            "n_rebel_votations": 0, 
            "institution": 1, 
            "person": 1, 
            "end_reason": "", 
            "start_date": "2008-05-08"
        }
    }, 
    {
        "pk": 2, 
        "model": "people.institutioncharge", 
        "fields": {
            "op_charge_id": null, 
            "n_present_votations": 0, 
            "substituted_by": null, 
            "substitutes": null, 
            "description": "", 
            "end_date": null, 
            "n_absent_votations": 0, 
            "n_rebel_votations": 0, 
            "institution": 3, 
            "person": 2, 
            "end_reason": "", 
            "start_date": "2008-05-08"
        }
    }, 
    {
        "pk": 3, 
        "model": "people.institutioncharge", 
        "fields": {
            "op_charge_id": null, 
            "n_present_votations": 0, 
            "substituted_by": null, 
            "substitutes": null, 
            "description": "", 
            "end_date": null, 
            "n_absent_votations": 0, 
            "n_rebel_votations": 0, 
            "institution": 3, 
            "person": 3, 
            "end_reason": "", 
            "start_date": "2008-05-08"
        }
    }, 
    {
        "pk": 4, 
        "model": "people.institutioncharge", 
        "fields": {
            "op_charge_id": null, 
            "n_present_votations": 0, 
            "substituted_by": null, 
            "substitutes": null, 
            "description": "", 
            "end_date": null, 
            "n_absent_votations": 0, 
            "n_rebel_votations": 0, 
            "institution": 3, 
            "person": 4, 
            "end_reason": "", 
            "start_date": "2008-05-08"
        }
    }, 
    {
        "pk": 5, 
        "model": "people.institutioncharge", 
        "fields": {
            "op_charge_id": null, 
            "n_present_votations": 0, 
            "substituted_by": null, 
            "substitutes": null, 
            "description": "", 
            "end_date": null, 
            "n_absent_votations": 0, 
            "n_rebel_votations": 0, 
            "institution": 3, 
            "person": 5, 
            "end_reason": "", 
            "start_date": "2008-05-08"
        }
    }, 
    {
        "pk": 6, 
        "model": "people.institutioncharge", 
        "fields": {
            "op_charge_id": null, 
            "n_present_votations": 0, 
            "substituted_by": null, 
            "substitutes": null, 
            "description": "", 
            "end_date": null, 
            "n_absent_votations": 0, 
            "n_rebel_votations": 0, 
            "institution": 3, 
            "person": 6, 
            "end_reason": "", 
            "start_date": "2008-05-08"
        }
    }, 
    {
        "pk": 7, 
        "model": "people.institutioncharge", 
        "fields": {
            "op_charge_id": null, 
            "n_present_votations": 0, 
            "substituted_by": null, 
            "substitutes": null, 
            "description": "", 
            "end_date": null, 
            "n_absent_votations": 0, 
            "n_rebel_votations": 0, 
            "institution": 3, 
            "person": 7, 
            "end_reason": "", 
            "start_date": "2008-05-08"
        }
    }, 
    {
        "pk": 8, 
        "model": "people.institutioncharge", 
        "fields": {
            "op_charge_id": null, 
            "n_present_votations": 0, 
            "substituted_by": null, 
            "substitutes": null, 
            "description": "", 
            "end_date": null, 
            "n_absent_votations": 0, 
            "n_rebel_votations": 0, 
            "institution": 3, 
            "person": 8, 
            "end_reason": "", 
            "start_date": "2008-05-08"
        }
    }, 
    {
        "pk": 9, 
        "model": "people.institutioncharge", 
        "fields": {
            "op_charge_id": null, 
            "n_present_votations": 0, 
            "substituted_by": null, 
            "substitutes": null, 
            "description": "", 
            "end_date": null, 
            "n_absent_votations": 0, 
            "n_rebel_votations": 0, 
            "institution": 3, 
            "person": 9, 
            "end_reason": "", 
            "start_date": "2008-05-08"
        }
    }, 
    {
        "pk": 10, 
        "model": "people.institutioncharge", 
        "fields": {
            "op_charge_id": null, 
            "n_present_votations": 0, 
            "substituted_by": null, 
            "substitutes": null, 
            "description": "", 
            "end_date": null, 
            "n_absent_votations": 0, 
            "n_rebel_votations": 0, 
            "institution": 3, 
            "person": 10, 
            "end_reason": "", 
            "start_date": "2008-05-08"
        }
    }, 
    {
        "pk": 11, 
        "model": "people.institutioncharge", 
        "fields": {
            "op_charge_id": null, 
            "n_present_votations": 0, 
            "substituted_by": null, 
            "substitutes": null, 
            "description": "", 
            "end_date": null, 
            "n_absent_votations": 0, 
            "n_rebel_votations": 0, 
            "institution": 3, 
            "person": 11, 
            "end_reason": "", 
            "start_date": "2008-05-08"
        }
    }, 
    {
        "pk": 12, 
        "model": "people.institutioncharge", 
        "fields": {
            "op_charge_id": null, 
            "n_present_votations": 0, 
            "substituted_by": null, 
            "substitutes": null, 
            "description": "", 
            "end_date": null, 
            "n_absent_votations": 0, 
            "n_rebel_votations": 0, 
            "institution": 3, 
            "person": 12, 
            "end_reason": "", 
            "start_date": "2008-05-08"
        }
    }, 
    {
        "pk": 13, 
        "model": "people.institutioncharge", 
        "fields": {
            "op_charge_id": null, 
            "n_present_votations": 0, 
            "substituted_by": null, 
            "substitutes": null, 
            "description": "", 
            "end_date": null, 
            "n_absent_votations": 0, 
            "n_rebel_votations": 0, 
            "institution": 3, 
            "person": 13, 
            "end_reason": "", 
            "start_date": "2008-05-08"
        }
    }, 
    {
        "pk": 14, 
        "model": "people.institutioncharge", 
        "fields": {
            "op_charge_id": null, 
            "n_present_votations": 0, 
            "substituted_by": null, 
            "substitutes": null, 
            "description": "", 
            "end_date": null, 
            "n_absent_votations": 0, 
            "n_rebel_votations": 0, 
            "institution": 3, 
            "person": 14, 
            "end_reason": "", 
            "start_date": "2008-05-08"
        }
    }, 
    {
        "pk": 15, 
        "model": "people.institutioncharge", 
        "fields": {
            "op_charge_id": null, 
            "n_present_votations": 0, 
            "substituted_by": null, 
            "substitutes": null, 
            "description": "", 
            "end_date": null, 
            "n_absent_votations": 0, 
            "n_rebel_votations": 0, 
            "institution": 3, 
            "person": 15, 
            "end_reason": "", 
            "start_date": "2008-05-08"
        }
    }, 
    {
        "pk": 16, 
        "model": "people.institutioncharge", 
        "fields": {
            "op_charge_id": null, 
            "n_present_votations": 0, 
            "substituted_by": null, 
            "substitutes": null, 
            "description": "", 
            "end_date": null, 
            "n_absent_votations": 0, 
            "n_rebel_votations": 0, 
            "institution": 3, 
            "person": 16, 
            "end_reason": "", 
            "start_date": "2008-05-08"
        }
    }, 
    {
        "pk": 17, 
        "model": "people.institutioncharge", 
        "fields": {
            "op_charge_id": null, 
            "n_present_votations": 0, 
            "substituted_by": null, 
            "substitutes": null, 
            "description": "", 
            "end_date": null, 
            "n_absent_votations": 0, 
            "n_rebel_votations": 0, 
            "institution": 3, 
            "person": 17, 
            "end_reason": "", 
            "start_date": "2008-05-08"
        }
    }, 
    {
        "pk": 18, 
        "model": "people.institutioncharge", 
        "fields": {
            "op_charge_id": null, 
            "n_present_votations": 0, 
            "substituted_by": null, 
            "substitutes": null, 
            "description": "", 
            "end_date": null, 
            "n_absent_votations": 0, 
            "n_rebel_votations": 0, 
            "institution": 3, 
            "person": 18, 
            "end_reason": "", 
            "start_date": "2008-05-08"
        }
    }, 
    {
        "pk": 19, 
        "model": "people.institutioncharge", 
        "fields": {
            "op_charge_id": null, 
            "n_present_votations": 0, 
            "substituted_by": null, 
            "substitutes": null, 
            "description": "", 
            "end_date": null, 
            "n_absent_votations": 0, 
            "n_rebel_votations": 0, 
            "institution": 3, 
            "person": 19, 
            "end_reason": "", 
            "start_date": "2008-05-08"
        }
    }, 
    {
        "pk": 20, 
        "model": "people.institutioncharge", 
        "fields": {
            "op_charge_id": null, 
            "n_present_votations": 0, 
            "substituted_by": null, 
            "substitutes": null, 
            "description": "", 
            "end_date": null, 
            "n_absent_votations": 0, 
            "n_rebel_votations": 0, 
            "institution": 3, 
            "person": 20, 
            "end_reason": "", 
            "start_date": "2008-05-08"
        }
    }, 
    {
        "pk": 21, 
        "model": "people.institutioncharge", 
        "fields": {
            "op_charge_id": null, 
            "n_present_votations": 0, 
            "substituted_by": null, 
            "substitutes": null, 
            "description": "", 
            "end_date": null, 
            "n_absent_votations": 0, 
            "n_rebel_votations": 0, 
            "institution": 3, 
            "person": 21, 
            "end_reason": "", 
            "start_date": "2008-05-08"
        }
    }, 
    {
        "pk": 22, 
        "model": "people.institutioncharge", 
        "fields": {
            "op_charge_id": null, 
            "n_present_votations": 0, 
            "substituted_by": null, 
            "substitutes": null, 
            "description": "", 
            "end_date": null, 
            "n_absent_votations": 0, 
            "n_rebel_votations": 0, 
            "institution": 3, 
            "person": 22, 
            "end_reason": "", 
            "start_date": "2008-05-08"
        }
    }, 
    {
        "pk": 23, 
        "model": "people.institutioncharge", 
        "fields": {
            "op_charge_id": null, 
            "n_present_votations": 0, 
            "substituted_by": null, 
            "substitutes": null, 
            "description": "", 
            "end_date": null, 
            "n_absent_votations": 0, 
            "n_rebel_votations": 0, 
            "institution": 3, 
            "person": 23, 
            "end_reason": "", 
            "start_date": "2008-05-08"
        }
    }, 
    {
        "pk": 24, 
        "model": "people.institutioncharge", 
        "fields": {
            "op_charge_id": null, 
            "n_present_votations": 0, 
            "substituted_by": null, 
            "substitutes": null, 
            "description": "", 
            "end_date": null, 
            "n_absent_votations": 0, 
            "n_rebel_votations": 0, 
            "institution": 3, 
            "person": 24, 
            "end_reason": "", 
            "start_date": "2008-05-08"
        }
    }, 
    {
        "pk": 25, 
        "model": "people.institutioncharge", 
        "fields": {
            "op_charge_id": null, 
            "n_present_votations": 0, 
            "substituted_by": null, 
            "substitutes": null, 
            "description": "", 
            "end_date": null, 
            "n_absent_votations": 0, 
            "n_rebel_votations": 0, 
            "institution": 3, 
            "person": 25, 
            "end_reason": "", 
            "start_date": "2008-05-08"
        }
    }, 
    {
        "pk": 26, 
        "model": "people.institutioncharge", 
        "fields": {
            "op_charge_id": null, 
            "n_present_votations": 0, 
            "substituted_by": null, 
            "substitutes": null, 
            "description": "", 
            "end_date": null, 
            "n_absent_votations": 0, 
            "n_rebel_votations": 0, 
            "institution": 3, 
            "person": 26, 
            "end_reason": "", 
            "start_date": "2008-05-08"
        }
    }, 
    {
        "pk": 27, 
        "model": "people.institutioncharge", 
        "fields": {
            "op_charge_id": null, 
            "n_present_votations": 0, 
            "substituted_by": null, 
            "substitutes": null, 
            "description": "", 
            "end_date": null, 
            "n_absent_votations": 0, 
            "n_rebel_votations": 0, 
            "institution": 3, 
            "person": 27, 
            "end_reason": "", 
            "start_date": "2008-05-08"
        }
    }, 
    {
        "pk": 28, 
        "model": "people.institutioncharge", 
        "fields": {
            "op_charge_id": null, 
            "n_present_votations": 0, 
            "substituted_by": null, 
            "substitutes": null, 
            "description": "", 
            "end_date": null, 
            "n_absent_votations": 0, 
            "n_rebel_votations": 0, 
            "institution": 3, 
            "person": 28, 
            "end_reason": "", 
            "start_date": "2008-05-08"
        }
    }, 
    {
        "pk": 29, 
        "model": "people.institutioncharge", 
        "fields": {
            "op_charge_id": null, 
            "n_present_votations": 0, 
            "substituted_by": null, 
            "substitutes": null, 
            "description": "", 
            "end_date": null, 
            "n_absent_votations": 0, 
            "n_rebel_votations": 0, 
            "institution": 3, 
            "person": 29, 
            "end_reason": "", 
            "start_date": "2008-05-08"
        }
    }, 
    {
        "pk": 30, 
        "model": "people.institutioncharge", 
        "fields": {
            "op_charge_id": null, 
            "n_present_votations": 0, 
            "substituted_by": null, 
            "substitutes": null, 
            "description": "", 
            "end_date": null, 
            "n_absent_votations": 0, 
            "n_rebel_votations": 0, 
            "institution": 3, 
            "person": 30, 
            "end_reason": "", 
            "start_date": "2008-05-08"
        }
    }, 
    {
        "pk": 31, 
        "model": "people.institutioncharge", 
        "fields": {
            "op_charge_id": null, 
            "n_present_votations": 0, 
            "substituted_by": null, 
            "substitutes": null, 
            "description": "", 
            "end_date": null, 
            "n_absent_votations": 0, 
            "n_rebel_votations": 0, 
            "institution": 3, 
            "person": 31, 
            "end_reason": "", 
            "start_date": "2008-05-08"
        }
    }, 
    {
        "pk": 32, 
        "model": "people.institutioncharge", 
        "fields": {
            "op_charge_id": null, 
            "n_present_votations": 0, 
            "substituted_by": null, 
            "substitutes": null, 
            "description": "", 
            "end_date": null, 
            "n_absent_votations": 0, 
            "n_rebel_votations": 0, 
            "institution": 3, 
            "person": 32, 
            "end_reason": "", 
            "start_date": "2008-05-08"
        }
    }, 
    {
        "pk": 33, 
        "model": "people.institutioncharge", 
        "fields": {
            "op_charge_id": null, 
            "n_present_votations": 0, 
            "substituted_by": null, 
            "substitutes": null, 
            "description": "", 
            "end_date": null, 
            "n_absent_votations": 0, 
            "n_rebel_votations": 0, 
            "institution": 3, 
            "person": 33, 
            "end_reason": "", 
            "start_date": "2008-05-08"
        }
    }, 
    {
        "pk": 34, 
        "model": "people.institutioncharge", 
        "fields": {
            "op_charge_id": null, 
            "n_present_votations": 0, 
            "substituted_by": null, 
            "substitutes": null, 
            "description": "", 
            "end_date": null, 
            "n_absent_votations": 0, 
            "n_rebel_votations": 0, 
            "institution": 3, 
            "person": 34, 
            "end_reason": "", 
            "start_date": "2008-05-08"
        }
    }, 
    {
        "pk": 35, 
        "model": "people.institutioncharge", 
        "fields": {
            "op_charge_id": null, 
            "n_present_votations": 0, 
            "substituted_by": null, 
            "substitutes": null, 
            "description": "", 
            "end_date": null, 
            "n_absent_votations": 0, 
            "n_rebel_votations": 0, 
            "institution": 3, 
            "person": 35, 
            "end_reason": "", 
            "start_date": "2008-05-08"
        }
    }, 
    {
        "pk": 36, 
        "model": "people.institutioncharge", 
        "fields": {
            "op_charge_id": null, 
            "n_present_votations": 0, 
            "substituted_by": null, 
            "substitutes": null, 
            "description": "", 
            "end_date": null, 
            "n_absent_votations": 0, 
            "n_rebel_votations": 0, 
            "institution": 3, 
            "person": 36, 
            "end_reason": "", 
            "start_date": "2008-05-08"
        }
    }, 
    {
        "pk": 37, 
        "model": "people.institutioncharge", 
        "fields": {
            "op_charge_id": null, 
            "n_present_votations": 0, 
            "substituted_by": null, 
            "substitutes": null, 
            "description": "", 
            "end_date": null, 
            "n_absent_votations": 0, 
            "n_rebel_votations": 0, 
            "institution": 3, 
            "person": 37, 
            "end_reason": "", 
            "start_date": "2008-05-08"
        }
    }, 
    {
        "pk": 38, 
        "model": "people.institutioncharge", 
        "fields": {
            "op_charge_id": null, 
            "n_present_votations": 0, 
            "substituted_by": null, 
            "substitutes": null, 
            "description": "", 
            "end_date": null, 
            "n_absent_votations": 0, 
            "n_rebel_votations": 0, 
            "institution": 3, 
            "person": 38, 
            "end_reason": "", 
            "start_date": "2008-05-08"
        }
    }, 
    {
        "pk": 39, 
        "model": "people.institutioncharge", 
        "fields": {
            "op_charge_id": null, 
            "n_present_votations": 0, 
            "substituted_by": null, 
            "substitutes": null, 
            "description": "", 
            "end_date": null, 
            "n_absent_votations": 0, 
            "n_rebel_votations": 0, 
            "institution": 3, 
            "person": 39, 
            "end_reason": "", 
            "start_date": "2008-05-08"
        }
    }, 
    {
        "pk": 40, 
        "model": "people.institutioncharge", 
        "fields": {
            "op_charge_id": null, 
            "n_present_votations": 0, 
            "substituted_by": null, 
            "substitutes": null, 
            "description": "", 
            "end_date": null, 
            "n_absent_votations": 0, 
            "n_rebel_votations": 0, 
            "institution": 3, 
            "person": 40, 
            "end_reason": "", 
            "start_date": "2008-05-08"
        }
    }, 
    {
        "pk": 41, 
        "model": "people.institutioncharge", 
        "fields": {
            "op_charge_id": null, 
            "n_present_votations": 0, 
            "substituted_by": null, 
            "substitutes": null, 
            "description": "", 
            "end_date": null, 
            "n_absent_votations": 0, 
            "n_rebel_votations": 0, 
            "institution": 3, 
            "person": 41, 
            "end_reason": "", 
            "start_date": "2008-05-08"
        }
    }, 
    {
        "pk": 42, 
        "model": "people.institutioncharge", 
        "fields": {
            "op_charge_id": null, 
            "n_present_votations": 0, 
            "substituted_by": null, 
            "substitutes": null, 
            "description": "Citt\u00e0 Sostenibile (Ambiente, Mobilit\u00e0, Trasporto Pubblico), Sport, Politiche Giovanili, Frazioni", 
            "end_date": null, 
            "n_absent_votations": 0, 
            "n_rebel_votations": 0, 
            "institution": 2, 
            "person": 42, 
            "end_reason": "", 
            "start_date": "2008-05-08"
        }
    }, 
    {
        "pk": 43, 
        "model": "people.institutioncharge", 
        "fields": {
            "op_charge_id": null, 
            "n_present_votations": 0, 
            "substituted_by": null, 
            "substitutes": null, 
            "description": "Urbanistica", 
            "end_date": null, 
            "n_absent_votations": 0, 
            "n_rebel_votations": 0, 
            "institution": 2, 
            "person": 43, 
            "end_reason": "", 
            "start_date": "2008-05-08"
        }
    }, 
    {
        "pk": 44, 
        "model": "people.institutioncharge", 
        "fields": {
            "op_charge_id": null, 
            "n_present_votations": 0, 
            "substituted_by": null, 
            "substitutes": null, 
            "description": "Attivit\u00e0 Economiche, Pari Opportunit\u00e0, Partecipazione", 
            "end_date": null, 
            "n_absent_votations": 0, 
            "n_rebel_votations": 0, 
            "institution": 2, 
            "person": 44, 
            "end_reason": "", 
            "start_date": "2008-05-08"
        }
    }, 
    {
        "pk": 45, 
        "model": "people.institutioncharge", 
        "fields": {
            "op_charge_id": null, 
            "n_present_votations": 0, 
            "substituted_by": null, 
            "substitutes": null, 
            "description": "Lavori Pubblici", 
            "end_date": null, 
            "n_absent_votations": 0, 
            "n_rebel_votations": 0, 
            "institution": 2, 
            "person": 45, 
            "end_reason": "", 
            "start_date": "2008-05-08"
        }
    }, 
    {
        "pk": 46, 
        "model": "people.institutioncharge", 
        "fields": {
            "op_charge_id": null, 
            "n_present_votations": 0, 
            "substituted_by": null, 
            "substitutes": null, 
            "description": "Risorse Finanziarie e Patrimoniali", 
            "end_date": null, 
            "n_absent_votations": 0, 
            "n_rebel_votations": 0, 
            "institution": 2, 
            "person": 46, 
            "end_reason": "", 
            "start_date": "2008-05-08"
        }
    }, 
    {
        "pk": 47, 
        "model": "people.institutioncharge", 
        "fields": {
            "op_charge_id": null, 
            "n_present_votations": 0, 
            "substituted_by": null, 
            "substitutes": null, 
            "description": "Cultura e Pubblica Istruzione", 
            "end_date": null, 
            "n_absent_votations": 0, 
            "n_rebel_votations": 0, 
            "institution": 2, 
            "person": 47, 
            "end_reason": "", 
            "start_date": "2008-05-08"
        }
    }, 
    {
        "pk": 48, 
        "model": "people.institutioncharge", 
        "fields": {
            "op_charge_id": null, 
            "n_present_votations": 0, 
            "substituted_by": null, 
            "substitutes": null, 
            "description": "Servizi alla Persona, Sanit\u00e0, Politiche per l\u2019Integrazione ed Edilizia Residenziale Pubblica", 
            "end_date": null, 
            "n_absent_votations": 0, 
            "n_rebel_votations": 0, 
            "institution": 2, 
            "person": 48, 
            "end_reason": "", 
            "start_date": "2008-05-08"
        }
    }, 
    {
        "pk": 49, 
        "model": "people.institutioncharge", 
        "fields": {
            "op_charge_id": null, 
            "n_present_votations": 0, 
            "substituted_by": null, 
            "substitutes": null, 
            "description": "Membro della commissione", 
            "end_date": null, 
            "n_absent_votations": 0, 
            "n_rebel_votations": 0, 
            "institution": 4, 
            "person": 18, 
            "end_reason": "", 
            "start_date": "2008-05-08"
        }
    }, 
    {
        "pk": 50, 
        "model": "people.institutioncharge", 
        "fields": {
            "op_charge_id": null, 
            "n_present_votations": 0, 
            "substituted_by": null, 
            "substitutes": null, 
            "description": "Membro della commissione", 
            "end_date": null, 
            "n_absent_votations": 0, 
            "n_rebel_votations": 0, 
            "institution": 4, 
            "person": 34, 
            "end_reason": "", 
            "start_date": "2008-05-08"
        }
    }, 
    {
        "pk": 51, 
        "model": "people.institutioncharge", 
        "fields": {
            "op_charge_id": null, 
            "n_present_votations": 0, 
            "substituted_by": null, 
            "substitutes": null, 
            "description": "Membro della commissione", 
            "end_date": null, 
            "n_absent_votations": 0, 
            "n_rebel_votations": 0, 
            "institution": 4, 
            "person": 39, 
            "end_reason": "", 
            "start_date": "2008-05-08"
        }
    }, 
    {
        "pk": 52, 
        "model": "people.institutioncharge", 
        "fields": {
            "op_charge_id": null, 
            "n_present_votations": 0, 
            "substituted_by": null, 
            "substitutes": null, 
            "description": "Membro della commissione", 
            "end_date": null, 
            "n_absent_votations": 0, 
            "n_rebel_votations": 0, 
            "institution": 4, 
            "person": 31, 
            "end_reason": "", 
            "start_date": "2008-05-08"
        }
    }, 
    {
        "pk": 53, 
        "model": "people.institutioncharge", 
        "fields": {
            "op_charge_id": null, 
            "n_present_votations": 0, 
            "substituted_by": null, 
            "substitutes": null, 
            "description": "Membro della commissione", 
            "end_date": null, 
            "n_absent_votations": 0, 
            "n_rebel_votations": 0, 
            "institution": 4, 
            "person": 25, 
            "end_reason": "", 
            "start_date": "2008-05-08"
        }
    }, 
    {
        "pk": 54, 
        "model": "people.institutioncharge", 
        "fields": {
            "op_charge_id": null, 
            "n_present_votations": 0, 
            "substituted_by": null, 
            "substitutes": null, 
            "description": "Membro della commissione", 
            "end_date": null, 
            "n_absent_votations": 0, 
            "n_rebel_votations": 0, 
            "institution": 4, 
            "person": 37, 
            "end_reason": "", 
            "start_date": "2008-05-08"
        }
    }, 
    {
        "pk": 55, 
        "model": "people.institutioncharge", 
        "fields": {
            "op_charge_id": null, 
            "n_present_votations": 0, 
            "substituted_by": null, 
            "substitutes": null, 
            "description": "Membro della commissione", 
            "end_date": null, 
            "n_absent_votations": 0, 
            "n_rebel_votations": 0, 
            "institution": 4, 
            "person": 23, 
            "end_reason": "", 
            "start_date": "2008-05-08"
        }
    }, 
    {
        "pk": 56, 
        "model": "people.institutioncharge", 
        "fields": {
            "op_charge_id": null, 
            "n_present_votations": 0, 
            "substituted_by": null, 
            "substitutes": null, 
            "description": "Membro della commissione", 
            "end_date": null, 
            "n_absent_votations": 0, 
            "n_rebel_votations": 0, 
            "institution": 4, 
            "person": 13, 
            "end_reason": "", 
            "start_date": "2008-05-08"
        }
    }, 
    {
        "pk": 57, 
        "model": "people.institutioncharge", 
        "fields": {
            "op_charge_id": null, 
            "n_present_votations": 0, 
            "substituted_by": null, 
            "substitutes": null, 
            "description": "Membro della commissione", 
            "end_date": null, 
            "n_absent_votations": 0, 
            "n_rebel_votations": 0, 
            "institution": 4, 
            "person": 3, 
            "end_reason": "", 
            "start_date": "2008-05-08"
        }
    }, 
    {
        "pk": 58, 
        "model": "people.institutioncharge", 
        "fields": {
            "op_charge_id": null, 
            "n_present_votations": 0, 
            "substituted_by": null, 
            "substitutes": null, 
            "description": "Membro della commissione", 
            "end_date": null, 
            "n_absent_votations": 0, 
            "n_rebel_votations": 0, 
            "institution": 4, 
            "person": 14, 
            "end_reason": "", 
            "start_date": "2008-05-08"
        }
    }, 
    {
        "pk": 59, 
        "model": "people.institutioncharge", 
        "fields": {
            "op_charge_id": null, 
            "n_present_votations": 0, 
            "substituted_by": null, 
            "substitutes": null, 
            "description": "Membro della commissione", 
            "end_date": null, 
            "n_absent_votations": 0, 
            "n_rebel_votations": 0, 
            "institution": 4, 
            "person": 41, 
            "end_reason": "", 
            "start_date": "2008-05-08"
        }
    }, 
    {
        "pk": 60, 
        "model": "people.institutioncharge", 
        "fields": {
            "op_charge_id": null, 
            "n_present_votations": 0, 
            "substituted_by": null, 
            "substitutes": null, 
            "description": "Membro della commissione", 
            "end_date": null, 
            "n_absent_votations": 0, 
            "n_rebel_votations": 0, 
            "institution": 4, 
            "person": 19, 
            "end_reason": "", 
            "start_date": "2008-05-08"
        }
    }, 
    {
        "pk": 61, 
        "model": "people.institutioncharge", 
        "fields": {
            "op_charge_id": null, 
            "n_present_votations": 0, 
            "substituted_by": null, 
            "substitutes": null, 
            "description": "Membro della commissione", 
            "end_date": null, 
            "n_absent_votations": 0, 
            "n_rebel_votations": 0, 
            "institution": 5, 
            "person": 29, 
            "end_reason": "", 
            "start_date": "2008-05-08"
        }
    }, 
    {
        "pk": 62, 
        "model": "people.institutioncharge", 
        "fields": {
            "op_charge_id": null, 
            "n_present_votations": 0, 
            "substituted_by": null, 
            "substitutes": null, 
            "description": "Membro della commissione", 
            "end_date": null, 
            "n_absent_votations": 0, 
            "n_rebel_votations": 0, 
            "institution": 5, 
            "person": 28, 
            "end_reason": "", 
            "start_date": "2008-05-08"
        }
    }, 
    {
        "pk": 63, 
        "model": "people.institutioncharge", 
        "fields": {
            "op_charge_id": null, 
            "n_present_votations": 0, 
            "substituted_by": null, 
            "substitutes": null, 
            "description": "Membro della commissione", 
            "end_date": null, 
            "n_absent_votations": 0, 
            "n_rebel_votations": 0, 
            "institution": 5, 
            "person": 20, 
            "end_reason": "", 
            "start_date": "2008-05-08"
        }
    }, 
    {
        "pk": 64, 
        "model": "people.institutioncharge", 
        "fields": {
            "op_charge_id": null, 
            "n_present_votations": 0, 
            "substituted_by": null, 
            "substitutes": null, 
            "description": "Membro della commissione", 
            "end_date": null, 
            "n_absent_votations": 0, 
            "n_rebel_votations": 0, 
            "institution": 5, 
            "person": 34, 
            "end_reason": "", 
            "start_date": "2008-05-08"
        }
    }, 
    {
        "pk": 65, 
        "model": "people.institutioncharge", 
        "fields": {
            "op_charge_id": null, 
            "n_present_votations": 0, 
            "substituted_by": null, 
            "substitutes": null, 
            "description": "Membro della commissione", 
            "end_date": null, 
            "n_absent_votations": 0, 
            "n_rebel_votations": 0, 
            "institution": 5, 
            "person": 36, 
            "end_reason": "", 
            "start_date": "2008-05-08"
        }
    }, 
    {
        "pk": 66, 
        "model": "people.institutioncharge", 
        "fields": {
            "op_charge_id": null, 
            "n_present_votations": 0, 
            "substituted_by": null, 
            "substitutes": null, 
            "description": "Membro della commissione", 
            "end_date": null, 
            "n_absent_votations": 0, 
            "n_rebel_votations": 0, 
            "institution": 5, 
            "person": 25, 
            "end_reason": "", 
            "start_date": "2008-05-08"
        }
    }, 
    {
        "pk": 67, 
        "model": "people.institutioncharge", 
        "fields": {
            "op_charge_id": null, 
            "n_present_votations": 0, 
            "substituted_by": null, 
            "substitutes": null, 
            "description": "Membro della commissione", 
            "end_date": null, 
            "n_absent_votations": 0, 
            "n_rebel_votations": 0, 
            "institution": 5, 
            "person": 21, 
            "end_reason": "", 
            "start_date": "2008-05-08"
        }
    }, 
    {
        "pk": 68, 
        "model": "people.institutioncharge", 
        "fields": {
            "op_charge_id": null, 
            "n_present_votations": 0, 
            "substituted_by": null, 
            "substitutes": null, 
            "description": "Membro della commissione", 
            "end_date": null, 
            "n_absent_votations": 0, 
            "n_rebel_votations": 0, 
            "institution": 5, 
            "person": 23, 
            "end_reason": "", 
            "start_date": "2008-05-08"
        }
    }, 
    {
        "pk": 69, 
        "model": "people.institutioncharge", 
        "fields": {
            "op_charge_id": null, 
            "n_present_votations": 0, 
            "substituted_by": null, 
            "substitutes": null, 
            "description": "Membro della commissione", 
            "end_date": null, 
            "n_absent_votations": 0, 
            "n_rebel_votations": 0, 
            "institution": 5, 
            "person": 40, 
            "end_reason": "", 
            "start_date": "2008-05-08"
        }
    }, 
    {
        "pk": 70, 
        "model": "people.institutioncharge", 
        "fields": {
            "op_charge_id": null, 
            "n_present_votations": 0, 
            "substituted_by": null, 
            "substitutes": null, 
            "description": "Membro della commissione", 
            "end_date": null, 
            "n_absent_votations": 0, 
            "n_rebel_votations": 0, 
            "institution": 5, 
            "person": 41, 
            "end_reason": "", 
            "start_date": "2008-05-08"
        }
    }, 
    {
        "pk": 71, 
        "model": "people.institutioncharge", 
        "fields": {
            "op_charge_id": null, 
            "n_present_votations": 0, 
            "substituted_by": null, 
            "substitutes": null, 
            "description": "Membro della commissione", 
            "end_date": null, 
            "n_absent_votations": 0, 
            "n_rebel_votations": 0, 
            "institution": 5, 
            "person": 11, 
            "end_reason": "", 
            "start_date": "2008-05-08"
        }
    }, 
    {
        "pk": 72, 
        "model": "people.institutioncharge", 
        "fields": {
            "op_charge_id": null, 
            "n_present_votations": 0, 
            "substituted_by": null, 
            "substitutes": null, 
            "description": "Membro della commissione", 
            "end_date": null, 
            "n_absent_votations": 0, 
            "n_rebel_votations": 0, 
            "institution": 5, 
            "person": 24, 
            "end_reason": "", 
            "start_date": "2008-05-08"
        }
    }, 
    {
        "pk": 73, 
        "model": "people.institutioncharge", 
        "fields": {
            "op_charge_id": null, 
            "n_present_votations": 0, 
            "substituted_by": null, 
            "substitutes": null, 
            "description": "Membro della commissione", 
            "end_date": null, 
            "n_absent_votations": 0, 
            "n_rebel_votations": 0, 
            "institution": 6, 
            "person": 8, 
            "end_reason": "", 
            "start_date": "2008-05-08"
        }
    }, 
    {
        "pk": 74, 
        "model": "people.institutioncharge", 
        "fields": {
            "op_charge_id": null, 
            "n_present_votations": 0, 
            "substituted_by": null, 
            "substitutes": null, 
            "description": "Membro della commissione", 
            "end_date": null, 
            "n_absent_votations": 0, 
            "n_rebel_votations": 0, 
            "institution": 6, 
            "person": 31, 
            "end_reason": "", 
            "start_date": "2008-05-08"
        }
    }, 
    {
        "pk": 75, 
        "model": "people.institutioncharge", 
        "fields": {
            "op_charge_id": null, 
            "n_present_votations": 0, 
            "substituted_by": null, 
            "substitutes": null, 
            "description": "Membro della commissione", 
            "end_date": null, 
            "n_absent_votations": 0, 
            "n_rebel_votations": 0, 
            "institution": 6, 
            "person": 30, 
            "end_reason": "", 
            "start_date": "2008-05-08"
        }
    }, 
    {
        "pk": 76, 
        "model": "people.institutioncharge", 
        "fields": {
            "op_charge_id": null, 
            "n_present_votations": 0, 
            "substituted_by": null, 
            "substitutes": null, 
            "description": "Membro della commissione", 
            "end_date": null, 
            "n_absent_votations": 0, 
            "n_rebel_votations": 0, 
            "institution": 6, 
            "person": 39, 
            "end_reason": "", 
            "start_date": "2008-05-08"
        }
    }, 
    {
        "pk": 77, 
        "model": "people.institutioncharge", 
        "fields": {
            "op_charge_id": null, 
            "n_present_votations": 0, 
            "substituted_by": null, 
            "substitutes": null, 
            "description": "Membro della commissione", 
            "end_date": null, 
            "n_absent_votations": 0, 
            "n_rebel_votations": 0, 
            "institution": 6, 
            "person": 38, 
            "end_reason": "", 
            "start_date": "2008-05-08"
        }
    }, 
    {
        "pk": 78, 
        "model": "people.institutioncharge", 
        "fields": {
            "op_charge_id": null, 
            "n_present_votations": 0, 
            "substituted_by": null, 
            "substitutes": null, 
            "description": "Membro della commissione", 
            "end_date": null, 
            "n_absent_votations": 0, 
            "n_rebel_votations": 0, 
            "institution": 6, 
            "person": 25, 
            "end_reason": "", 
            "start_date": "2008-05-08"
        }
    }, 
    {
        "pk": 79, 
        "model": "people.institutioncharge", 
        "fields": {
            "op_charge_id": null, 
            "n_present_votations": 0, 
            "substituted_by": null, 
            "substitutes": null, 
            "description": "Membro della commissione", 
            "end_date": null, 
            "n_absent_votations": 0, 
            "n_rebel_votations": 0, 
            "institution": 6, 
            "person": 37, 
            "end_reason": "", 
            "start_date": "2008-05-08"
        }
    }, 
    {
        "pk": 80, 
        "model": "people.institutioncharge", 
        "fields": {
            "op_charge_id": null, 
            "n_present_votations": 0, 
            "substituted_by": null, 
            "substitutes": null, 
            "description": "Membro della commissione", 
            "end_date": null, 
            "n_absent_votations": 0, 
            "n_rebel_votations": 0, 
            "institution": 6, 
            "person": 33, 
            "end_reason": "", 
            "start_date": "2008-05-08"
        }
    }, 
    {
        "pk": 81, 
        "model": "people.institutioncharge", 
        "fields": {
            "op_charge_id": null, 
            "n_present_votations": 0, 
            "substituted_by": null, 
            "substitutes": null, 
            "description": "Membro della commissione", 
            "end_date": null, 
            "n_absent_votations": 0, 
            "n_rebel_votations": 0, 
            "institution": 6, 
            "person": 40, 
            "end_reason": "", 
            "start_date": "2008-05-08"
        }
    }, 
    {
        "pk": 82, 
        "model": "people.institutioncharge", 
        "fields": {
            "op_charge_id": null, 
            "n_present_votations": 0, 
            "substituted_by": null, 
            "substitutes": null, 
            "description": "Membro della commissione", 
            "end_date": null, 
            "n_absent_votations": 0, 
            "n_rebel_votations": 0, 
            "institution": 6, 
            "person": 41, 
            "end_reason": "", 
            "start_date": "2008-05-08"
        }
    }, 
    {
        "pk": 83, 
        "model": "people.institutioncharge", 
        "fields": {
            "op_charge_id": null, 
            "n_present_votations": 0, 
            "substituted_by": null, 
            "substitutes": null, 
            "description": "Membro della commissione", 
            "end_date": null, 
            "n_absent_votations": 0, 
            "n_rebel_votations": 0, 
            "institution": 6, 
            "person": 15, 
            "end_reason": "", 
            "start_date": "2008-05-08"
        }
    }, 
    {
        "pk": 84, 
        "model": "people.institutioncharge", 
        "fields": {
            "op_charge_id": null, 
            "n_present_votations": 0, 
            "substituted_by": null, 
            "substitutes": null, 
            "description": "Membro della commissione", 
            "end_date": null, 
            "n_absent_votations": 0, 
            "n_rebel_votations": 0, 
            "institution": 6, 
            "person": 24, 
            "end_reason": "", 
            "start_date": "2008-05-08"
        }
    }, 
    {
        "pk": 85, 
        "model": "people.institutioncharge", 
        "fields": {
            "op_charge_id": null, 
            "n_present_votations": 0, 
            "substituted_by": null, 
            "substitutes": null, 
            "description": "Membro della commissione", 
            "end_date": null, 
            "n_absent_votations": 0, 
            "n_rebel_votations": 0, 
            "institution": 7, 
            "person": 30, 
            "end_reason": "", 
            "start_date": "2008-05-08"
        }
    }, 
    {
        "pk": 86, 
        "model": "people.institutioncharge", 
        "fields": {
            "op_charge_id": null, 
            "n_present_votations": 0, 
            "substituted_by": null, 
            "substitutes": null, 
            "description": "Membro della commissione", 
            "end_date": null, 
            "n_absent_votations": 0, 
            "n_rebel_votations": 0, 
            "institution": 7, 
            "person": 39, 
            "end_reason": "", 
            "start_date": "2008-05-08"
        }
    }, 
    {
        "pk": 87, 
        "model": "people.institutioncharge", 
        "fields": {
            "op_charge_id": null, 
            "n_present_votations": 0, 
            "substituted_by": null, 
            "substitutes": null, 
            "description": "Membro della commissione", 
            "end_date": null, 
            "n_absent_votations": 0, 
            "n_rebel_votations": 0, 
            "institution": 7, 
            "person": 22, 
            "end_reason": "", 
            "start_date": "2008-05-08"
        }
    }, 
    {
        "pk": 88, 
        "model": "people.institutioncharge", 
        "fields": {
            "op_charge_id": null, 
            "n_present_votations": 0, 
            "substituted_by": null, 
            "substitutes": null, 
            "description": "Membro della commissione", 
            "end_date": null, 
            "n_absent_votations": 0, 
            "n_rebel_votations": 0, 
            "institution": 7, 
            "person": 29, 
            "end_reason": "", 
            "start_date": "2008-05-08"
        }
    }, 
    {
        "pk": 89, 
        "model": "people.institutioncharge", 
        "fields": {
            "op_charge_id": null, 
            "n_present_votations": 0, 
            "substituted_by": null, 
            "substitutes": null, 
            "description": "Membro della commissione", 
            "end_date": null, 
            "n_absent_votations": 0, 
            "n_rebel_votations": 0, 
            "institution": 7, 
            "person": 37, 
            "end_reason": "", 
            "start_date": "2008-05-08"
        }
    }, 
    {
        "pk": 90, 
        "model": "people.institutioncharge", 
        "fields": {
            "op_charge_id": null, 
            "n_present_votations": 0, 
            "substituted_by": null, 
            "substitutes": null, 
            "description": "Membro della commissione", 
            "end_date": null, 
            "n_absent_votations": 0, 
            "n_rebel_votations": 0, 
            "institution": 7, 
            "person": 21, 
            "end_reason": "", 
            "start_date": "2008-05-08"
        }
    }, 
    {
        "pk": 91, 
        "model": "people.institutioncharge", 
        "fields": {
            "op_charge_id": null, 
            "n_present_votations": 0, 
            "substituted_by": null, 
            "substitutes": null, 
            "description": "Membro della commissione", 
            "end_date": null, 
            "n_absent_votations": 0, 
            "n_rebel_votations": 0, 
            "institution": 7, 
            "person": 26, 
            "end_reason": "", 
            "start_date": "2008-05-08"
        }
    }, 
    {
        "pk": 92, 
        "model": "people.institutioncharge", 
        "fields": {
            "op_charge_id": null, 
            "n_present_votations": 0, 
            "substituted_by": null, 
            "substitutes": null, 
            "description": "Membro della commissione", 
            "end_date": null, 
            "n_absent_votations": 0, 
            "n_rebel_votations": 0, 
            "institution": 7, 
            "person": 25, 
            "end_reason": "", 
            "start_date": "2008-05-08"
        }
    }, 
    {
        "pk": 93, 
        "model": "people.institutioncharge", 
        "fields": {
            "op_charge_id": null, 
            "n_present_votations": 0, 
            "substituted_by": null, 
            "substitutes": null, 
            "description": "Membro della commissione", 
            "end_date": null, 
            "n_absent_votations": 0, 
            "n_rebel_votations": 0, 
            "institution": 7, 
            "person": 40, 
            "end_reason": "", 
            "start_date": "2008-05-08"
        }
    }, 
    {
        "pk": 94, 
        "model": "people.institutioncharge", 
        "fields": {
            "op_charge_id": null, 
            "n_present_votations": 0, 
            "substituted_by": null, 
            "substitutes": null, 
            "description": "Membro della commissione", 
            "end_date": null, 
            "n_absent_votations": 0, 
            "n_rebel_votations": 0, 
            "institution": 7, 
            "person": 15, 
            "end_reason": "", 
            "start_date": "2008-05-08"
        }
    }, 
    {
        "pk": 95, 
        "model": "people.institutioncharge", 
        "fields": {
            "op_charge_id": null, 
            "n_present_votations": 0, 
            "substituted_by": null, 
            "substitutes": null, 
            "description": "Membro della commissione", 
            "end_date": null, 
            "n_absent_votations": 0, 
            "n_rebel_votations": 0, 
            "institution": 7, 
            "person": 14, 
            "end_reason": "", 
            "start_date": "2008-05-08"
        }
    }, 
    {
        "pk": 96, 
        "model": "people.institutioncharge", 
        "fields": {
            "op_charge_id": null, 
            "n_present_votations": 0, 
            "substituted_by": null, 
            "substitutes": null, 
            "description": "Membro della commissione", 
            "end_date": null, 
            "n_absent_votations": 0, 
            "n_rebel_votations": 0, 
            "institution": 7, 
            "person": 19, 
            "end_reason": "", 
            "start_date": "2008-05-08"
        }
    }, 
    {
        "pk": 97, 
        "model": "people.institutioncharge", 
        "fields": {
            "op_charge_id": null, 
            "n_present_votations": 0, 
            "substituted_by": null, 
            "substitutes": null, 
            "description": "Membro della commissione", 
            "end_date": null, 
            "n_absent_votations": 0, 
            "n_rebel_votations": 0, 
            "institution": 8, 
            "person": 22, 
            "end_reason": "", 
            "start_date": "2008-05-08"
        }
    }, 
    {
        "pk": 98, 
        "model": "people.institutioncharge", 
        "fields": {
            "op_charge_id": null, 
            "n_present_votations": 0, 
            "substituted_by": null, 
            "substitutes": null, 
            "description": "Membro della commissione", 
            "end_date": null, 
            "n_absent_votations": 0, 
            "n_rebel_votations": 0, 
            "institution": 8, 
            "person": 12, 
            "end_reason": "", 
            "start_date": "2008-05-08"
        }
    }, 
    {
        "pk": 99, 
        "model": "people.institutioncharge", 
        "fields": {
            "op_charge_id": null, 
            "n_present_votations": 0, 
            "substituted_by": null, 
            "substitutes": null, 
            "description": "Membro della commissione", 
            "end_date": null, 
            "n_absent_votations": 0, 
            "n_rebel_votations": 0, 
            "institution": 8, 
            "person": 30, 
            "end_reason": "", 
            "start_date": "2008-05-08"
        }
    }, 
    {
        "pk": 100, 
        "model": "people.institutioncharge", 
        "fields": {
            "op_charge_id": null, 
            "n_present_votations": 0, 
            "substituted_by": null, 
            "substitutes": null, 
            "description": "Membro della commissione", 
            "end_date": null, 
            "n_absent_votations": 0, 
            "n_rebel_votations": 0, 
            "institution": 8, 
            "person": 20, 
            "end_reason": "", 
            "start_date": "2008-05-08"
        }
    }, 
    {
        "pk": 101, 
        "model": "people.institutioncharge", 
        "fields": {
            "op_charge_id": null, 
            "n_present_votations": 0, 
            "substituted_by": null, 
            "substitutes": null, 
            "description": "Membro della commissione", 
            "end_date": null, 
            "n_absent_votations": 0, 
            "n_rebel_votations": 0, 
            "institution": 8, 
            "person": 23, 
            "end_reason": "", 
            "start_date": "2008-05-08"
        }
    }, 
    {
        "pk": 102, 
        "model": "people.institutioncharge", 
        "fields": {
            "op_charge_id": null, 
            "n_present_votations": 0, 
            "substituted_by": null, 
            "substitutes": null, 
            "description": "Membro della commissione", 
            "end_date": null, 
            "n_absent_votations": 0, 
            "n_rebel_votations": 0, 
            "institution": 8, 
            "person": 5, 
            "end_reason": "", 
            "start_date": "2008-05-08"
        }
    }, 
    {
        "pk": 103, 
        "model": "people.institutioncharge", 
        "fields": {
            "op_charge_id": null, 
            "n_present_votations": 0, 
            "substituted_by": null, 
            "substitutes": null, 
            "description": "Membro della commissione", 
            "end_date": null, 
            "n_absent_votations": 0, 
            "n_rebel_votations": 0, 
            "institution": 8, 
            "person": 32, 
            "end_reason": "", 
            "start_date": "2008-05-08"
        }
    }, 
    {
        "pk": 104, 
        "model": "people.institutioncharge", 
        "fields": {
            "op_charge_id": null, 
            "n_present_votations": 0, 
            "substituted_by": null, 
            "substitutes": null, 
            "description": "Membro della commissione", 
            "end_date": null, 
            "n_absent_votations": 0, 
            "n_rebel_votations": 0, 
            "institution": 8, 
            "person": 21, 
            "end_reason": "", 
            "start_date": "2008-05-08"
        }
    }, 
    {
        "pk": 105, 
        "model": "people.institutioncharge", 
        "fields": {
            "op_charge_id": null, 
            "n_present_votations": 0, 
            "substituted_by": null, 
            "substitutes": null, 
            "description": "Membro della commissione", 
            "end_date": null, 
            "n_absent_votations": 0, 
            "n_rebel_votations": 0, 
            "institution": 8, 
            "person": 40, 
            "end_reason": "", 
            "start_date": "2008-05-08"
        }
    }, 
    {
        "pk": 106, 
        "model": "people.institutioncharge", 
        "fields": {
            "op_charge_id": null, 
            "n_present_votations": 0, 
            "substituted_by": null, 
            "substitutes": null, 
            "description": "Membro della commissione", 
            "end_date": null, 
            "n_absent_votations": 0, 
            "n_rebel_votations": 0, 
            "institution": 8, 
            "person": 6, 
            "end_reason": "", 
            "start_date": "2008-05-08"
        }
    }, 
    {
        "pk": 107, 
        "model": "people.institutioncharge", 
        "fields": {
            "op_charge_id": null, 
            "n_present_votations": 0, 
            "substituted_by": null, 
            "substitutes": null, 
            "description": "Membro della commissione", 
            "end_date": null, 
            "n_absent_votations": 0, 
            "n_rebel_votations": 0, 
            "institution": 8, 
            "person": 15, 
            "end_reason": "", 
            "start_date": "2008-05-08"
        }
    }, 
    {
        "pk": 108, 
        "model": "people.institutioncharge", 
        "fields": {
            "op_charge_id": null, 
            "n_present_votations": 0, 
            "substituted_by": null, 
            "substitutes": null, 
            "description": "Membro della commissione", 
            "end_date": null, 
            "n_absent_votations": 0, 
            "n_rebel_votations": 0, 
            "institution": 8, 
            "person": 19, 
            "end_reason": "", 
            "start_date": "2008-05-08"
        }
    }, 
    {
        "pk": 109, 
        "model": "people.institutioncharge", 
        "fields": {
            "op_charge_id": null, 
            "n_present_votations": 0, 
            "substituted_by": null, 
            "substitutes": null, 
            "description": "Membro della commissione", 
            "end_date": null, 
            "n_absent_votations": 0, 
            "n_rebel_votations": 0, 
            "institution": 9, 
            "person": 18, 
            "end_reason": "", 
            "start_date": "2008-05-08"
        }
    }, 
    {
        "pk": 110, 
        "model": "people.institutioncharge", 
        "fields": {
            "op_charge_id": null, 
            "n_present_votations": 0, 
            "substituted_by": null, 
            "substitutes": null, 
            "description": "Membro della commissione", 
            "end_date": null, 
            "n_absent_votations": 0, 
            "n_rebel_votations": 0, 
            "institution": 9, 
            "person": 29, 
            "end_reason": "", 
            "start_date": "2008-05-08"
        }
    }, 
    {
        "pk": 111, 
        "model": "people.institutioncharge", 
        "fields": {
            "op_charge_id": null, 
            "n_present_votations": 0, 
            "substituted_by": null, 
            "substitutes": null, 
            "description": "Membro della commissione", 
            "end_date": null, 
            "n_absent_votations": 0, 
            "n_rebel_votations": 0, 
            "institution": 9, 
            "person": 9, 
            "end_reason": "", 
            "start_date": "2008-05-08"
        }
    }, 
    {
        "pk": 112, 
        "model": "people.institutioncharge", 
        "fields": {
            "op_charge_id": null, 
            "n_present_votations": 0, 
            "substituted_by": null, 
            "substitutes": null, 
            "description": "Membro della commissione", 
            "end_date": null, 
            "n_absent_votations": 0, 
            "n_rebel_votations": 0, 
            "institution": 9, 
            "person": 31, 
            "end_reason": "", 
            "start_date": "2008-05-08"
        }
    }, 
    {
        "pk": 113, 
        "model": "people.institutioncharge", 
        "fields": {
            "op_charge_id": null, 
            "n_present_votations": 0, 
            "substituted_by": null, 
            "substitutes": null, 
            "description": "Membro della commissione", 
            "end_date": null, 
            "n_absent_votations": 0, 
            "n_rebel_votations": 0, 
            "institution": 9, 
            "person": 5, 
            "end_reason": "", 
            "start_date": "2008-05-08"
        }
    }, 
    {
        "pk": 114, 
        "model": "people.institutioncharge", 
        "fields": {
            "op_charge_id": null, 
            "n_present_votations": 0, 
            "substituted_by": null, 
            "substitutes": null, 
            "description": "Membro della commissione", 
            "end_date": null, 
            "n_absent_votations": 0, 
            "n_rebel_votations": 0, 
            "institution": 9, 
            "person": 37, 
            "end_reason": "", 
            "start_date": "2008-05-08"
        }
    }, 
    {
        "pk": 115, 
        "model": "people.institutioncharge", 
        "fields": {
            "op_charge_id": null, 
            "n_present_votations": 0, 
            "substituted_by": null, 
            "substitutes": null, 
            "description": "Membro della commissione", 
            "end_date": null, 
            "n_absent_votations": 0, 
            "n_rebel_votations": 0, 
            "institution": 9, 
            "person": 25, 
            "end_reason": "", 
            "start_date": "2008-05-08"
        }
    }, 
    {
        "pk": 116, 
        "model": "people.institutioncharge", 
        "fields": {
            "op_charge_id": null, 
            "n_present_votations": 0, 
            "substituted_by": null, 
            "substitutes": null, 
            "description": "Membro della commissione", 
            "end_date": null, 
            "n_absent_votations": 0, 
            "n_rebel_votations": 0, 
            "institution": 9, 
            "person": 26, 
            "end_reason": "", 
            "start_date": "2008-05-08"
        }
    }, 
    {
        "pk": 117, 
        "model": "people.institutioncharge", 
        "fields": {
            "op_charge_id": null, 
            "n_present_votations": 0, 
            "substituted_by": null, 
            "substitutes": null, 
            "description": "Membro della commissione", 
            "end_date": null, 
            "n_absent_votations": 0, 
            "n_rebel_votations": 0, 
            "institution": 9, 
            "person": 17, 
            "end_reason": "", 
            "start_date": "2008-05-08"
        }
    }, 
    {
        "pk": 118, 
        "model": "people.institutioncharge", 
        "fields": {
            "op_charge_id": null, 
            "n_present_votations": 0, 
            "substituted_by": null, 
            "substitutes": null, 
            "description": "Membro della commissione", 
            "end_date": null, 
            "n_absent_votations": 0, 
            "n_rebel_votations": 0, 
            "institution": 9, 
            "person": 14, 
            "end_reason": "", 
            "start_date": "2008-05-08"
        }
    }, 
    {
        "pk": 119, 
        "model": "people.institutioncharge", 
        "fields": {
            "op_charge_id": null, 
            "n_present_votations": 0, 
            "substituted_by": null, 
            "substitutes": null, 
            "description": "Membro della commissione", 
            "end_date": null, 
            "n_absent_votations": 0, 
            "n_rebel_votations": 0, 
            "institution": 9, 
            "person": 11, 
            "end_reason": "", 
            "start_date": "2008-05-08"
        }
    }, 
    {
        "pk": 120, 
        "model": "people.institutioncharge", 
        "fields": {
            "op_charge_id": null, 
            "n_present_votations": 0, 
            "substituted_by": null, 
            "substitutes": null, 
            "description": "Membro della commissione", 
            "end_date": null, 
            "n_absent_votations": 0, 
            "n_rebel_votations": 0, 
            "institution": 9, 
            "person": 24, 
            "end_reason": "", 
            "start_date": "2008-05-08"
        }
    }, 
    {
        "pk": 1, 
        "model": "people.institutionresponsability", 
        "fields": {
            "charge_type": "PRESIDENT", 
            "charge": 5, 
            "start_date": "2008-05-08", 
            "end_date": null, 
            "description": "Presidente del Consiglio Comunale"
        }
    }, 
    {
        "pk": 2, 
        "model": "people.institutionresponsability", 
        "fields": {
            "charge_type": "VICE", 
            "charge": 9, 
            "start_date": "2008-05-08", 
            "end_date": null, 
            "description": "Vicepresidente del Consiglio Comunale"
        }
    }, 
    {
        "pk": 1, 
        "model": "people.group", 
        "fields": {
            "acronym": "PD", 
            "name": "Partito democratico"
        }
    }, 
    {
        "pk": 2, 
        "model": "people.group", 
        "fields": {
            "acronym": "PDL", 
            "name": "Popolo delle Libert\u00e0"
        }
    }, 
    {
        "pk": 3, 
        "model": "people.group", 
        "fields": {
            "acronym": "IBC", 
            "name": "Il bene comune"
        }
    }, 
    {
        "pk": 4, 
        "model": "people.group", 
        "fields": {
            "acronym": "LF", 
            "name": "Lista futura"
        }
    }, 
    {
        "pk": 5, 
        "model": "people.group", 
        "fields": {
            "acronym": "RCIV", 
            "name": "Raggruppamento civico"
        }
    }, 
    {
        "pk": 6, 
        "model": "people.group", 
        "fields": {
            "acronym": "NBT", 
            "name": "Nostalgia dei bei tempi"
        }
    }, 
    {
        "pk": 7, 
        "model": "people.group", 
        "fields": {
            "acronym": "GM", 
            "name": "Gruppo misto"
        }
    }, 
    {
        "pk": 1, 
        "model": "people.groupcharge", 
        "fields": {
            "group": 2, 
            "end_date": null, 
            "start_date": "2008-05-08", 
            "charge": 2, 
            "end_reason": "", 
            "charge_description": ""
        }
    }, 
    {
        "pk": 2, 
        "model": "people.groupcharge", 
        "fields": {
            "group": 3, 
            "end_date": null, 
            "start_date": "2008-05-08", 
            "charge": 3, 
            "end_reason": "", 
            "charge_description": ""
        }
    }, 
    {
        "pk": 3, 
        "model": "people.groupcharge", 
        "fields": {
            "group": 7, 
            "end_date": null, 
            "start_date": "2008-05-08", 
            "charge": 4, 
            "end_reason": "", 
            "charge_description": ""
        }
    }, 
    {
        "pk": 4, 
        "model": "people.groupcharge", 
        "fields": {
            "group": 2, 
            "end_date": null, 
            "start_date": "2008-05-08", 
            "charge": 5, 
            "end_reason": "", 
            "charge_description": ""
        }
    }, 
    {
        "pk": 5, 
        "model": "people.groupcharge", 
        "fields": {
            "group": 4, 
            "end_date": null, 
            "start_date": "2008-05-08", 
            "charge": 6, 
            "end_reason": "", 
            "charge_description": ""
        }
    }, 
    {
        "pk": 6, 
        "model": "people.groupcharge", 
        "fields": {
            "group": 5, 
            "end_date": null, 
            "start_date": "2008-05-08", 
            "charge": 7, 
            "end_reason": "", 
            "charge_description": ""
        }
    }, 
    {
        "pk": 7, 
        "model": "people.groupcharge", 
        "fields": {
            "group": 1, 
            "end_date": null, 
            "start_date": "2008-05-08", 
            "charge": 8, 
            "end_reason": "", 
            "charge_description": ""
        }
    }, 
    {
        "pk": 8, 
        "model": "people.groupcharge", 
        "fields": {
            "group": 1, 
            "end_date": null, 
            "start_date": "2008-05-08", 
            "charge": 9, 
            "end_reason": "", 
            "charge_description": ""
        }
    }, 
    {
        "pk": 9, 
        "model": "people.groupcharge", 
        "fields": {
            "group": 6, 
            "end_date": null, 
            "start_date": "2008-05-08", 
            "charge": 10, 
            "end_reason": "", 
            "charge_description": ""
        }
    }, 
    {
        "pk": 10, 
        "model": "people.groupcharge", 
        "fields": {
            "group": 4, 
            "end_date": null, 
            "start_date": "2008-05-08", 
            "charge": 11, 
            "end_reason": "", 
            "charge_description": ""
        }
    }, 
    {
        "pk": 11, 
        "model": "people.groupcharge", 
        "fields": {
            "group": 1, 
            "end_date": null, 
            "start_date": "2008-05-08", 
            "charge": 12, 
            "end_reason": "", 
            "charge_description": ""
        }
    }, 
    {
        "pk": 12, 
        "model": "people.groupcharge", 
        "fields": {
            "group": 2, 
            "end_date": null, 
            "start_date": "2008-05-08", 
            "charge": 13, 
            "end_reason": "", 
            "charge_description": ""
        }
    }, 
    {
        "pk": 13, 
        "model": "people.groupcharge", 
        "fields": {
            "group": 4, 
            "end_date": null, 
            "start_date": "2008-05-08", 
            "charge": 14, 
            "end_reason": "", 
            "charge_description": ""
        }
    }, 
    {
        "pk": 14, 
        "model": "people.groupcharge", 
        "fields": {
            "group": 4, 
            "end_date": null, 
            "start_date": "2008-05-08", 
            "charge": 15, 
            "end_reason": "", 
            "charge_description": ""
        }
    }, 
    {
        "pk": 15, 
        "model": "people.groupcharge", 
        "fields": {
            "group": 4, 
            "end_date": null, 
            "start_date": "2008-05-08", 
            "charge": 16, 
            "end_reason": "", 
            "charge_description": ""
        }
    }, 
    {
        "pk": 16, 
        "model": "people.groupcharge", 
        "fields": {
            "group": 3, 
            "end_date": null, 
            "start_date": "2008-05-08", 
            "charge": 17, 
            "end_reason": "", 
            "charge_description": ""
        }
    }, 
    {
        "pk": 17, 
        "model": "people.groupcharge", 
        "fields": {
            "group": 1, 
            "end_date": null, 
            "start_date": "2008-05-08", 
            "charge": 18, 
            "end_reason": "", 
            "charge_description": ""
        }
    }, 
    {
        "pk": 18, 
        "model": "people.groupcharge", 
        "fields": {
            "group": 7, 
            "end_date": null, 
            "start_date": "2008-05-08", 
            "charge": 19, 
            "end_reason": "", 
            "charge_description": ""
        }
    }, 
    {
        "pk": 19, 
        "model": "people.groupcharge", 
        "fields": {
            "group": 1, 
            "end_date": null, 
            "start_date": "2008-05-08", 
            "charge": 20, 
            "end_reason": "", 
            "charge_description": ""
        }
    }, 
    {
        "pk": 20, 
        "model": "people.groupcharge", 
        "fields": {
            "group": 2, 
            "end_date": null, 
            "start_date": "2008-05-08", 
            "charge": 21, 
            "end_reason": "", 
            "charge_description": ""
        }
    }, 
    {
        "pk": 21, 
        "model": "people.groupcharge", 
        "fields": {
            "group": 1, 
            "end_date": null, 
            "start_date": "2008-05-08", 
            "charge": 22, 
            "end_reason": "", 
            "charge_description": ""
        }
    }, 
    {
        "pk": 22, 
        "model": "people.groupcharge", 
        "fields": {
            "group": 2, 
            "end_date": null, 
            "start_date": "2008-05-08", 
            "charge": 23, 
            "end_reason": "", 
            "charge_description": ""
        }
    }, 
    {
        "pk": 23, 
        "model": "people.groupcharge", 
        "fields": {
            "group": 7, 
            "end_date": null, 
            "start_date": "2008-05-08", 
            "charge": 24, 
            "end_reason": "", 
            "charge_description": ""
        }
    }, 
    {
        "pk": 24, 
        "model": "people.groupcharge", 
        "fields": {
            "group": 2, 
            "end_date": null, 
            "start_date": "2008-05-08", 
            "charge": 25, 
            "end_reason": "", 
            "charge_description": ""
        }
    }, 
    {
        "pk": 25, 
        "model": "people.groupcharge", 
        "fields": {
            "group": 2, 
            "end_date": null, 
            "start_date": "2008-05-08", 
            "charge": 26, 
            "end_reason": "", 
            "charge_description": ""
        }
    }, 
    {
        "pk": 26, 
        "model": "people.groupcharge", 
        "fields": {
            "group": 2, 
            "end_date": null, 
            "start_date": "2008-05-08", 
            "charge": 27, 
            "end_reason": "", 
            "charge_description": ""
        }
    }, 
    {
        "pk": 27, 
        "model": "people.groupcharge", 
        "fields": {
            "group": 1, 
            "end_date": null, 
            "start_date": "2008-05-08", 
            "charge": 28, 
            "end_reason": "", 
            "charge_description": ""
        }
    }, 
    {
        "pk": 28, 
        "model": "people.groupcharge", 
        "fields": {
            "group": 1, 
            "end_date": null, 
            "start_date": "2008-05-08", 
            "charge": 29, 
            "end_reason": "", 
            "charge_description": ""
        }
    }, 
    {
        "pk": 29, 
        "model": "people.groupcharge", 
        "fields": {
            "group": 1, 
            "end_date": null, 
            "start_date": "2008-05-08", 
            "charge": 30, 
            "end_reason": "", 
            "charge_description": ""
        }
    }, 
    {
        "pk": 30, 
        "model": "people.groupcharge", 
        "fields": {
            "group": 1, 
            "end_date": null, 
            "start_date": "2008-05-08", 
            "charge": 31, 
            "end_reason": "", 
            "charge_description": ""
        }
    }, 
    {
        "pk": 31, 
        "model": "people.groupcharge", 
        "fields": {
            "group": 2, 
            "end_date": null, 
            "start_date": "2008-05-08", 
            "charge": 32, 
            "end_reason": "", 
            "charge_description": ""
        }
    }, 
    {
        "pk": 32, 
        "model": "people.groupcharge", 
        "fields": {
            "group": 2, 
            "end_date": null, 
            "start_date": "2008-05-08", 
            "charge": 33, 
            "end_reason": "", 
            "charge_description": ""
        }
    }, 
    {
        "pk": 33, 
        "model": "people.groupcharge", 
        "fields": {
            "group": 1, 
            "end_date": null, 
            "start_date": "2008-05-08", 
            "charge": 34, 
            "end_reason": "", 
            "charge_description": ""
        }
    }, 
    {
        "pk": 34, 
        "model": "people.groupcharge", 
        "fields": {
            "group": 2, 
            "end_date": null, 
            "start_date": "2008-05-08", 
            "charge": 35, 
            "end_reason": "", 
            "charge_description": ""
        }
    }, 
    {
        "pk": 35, 
        "model": "people.groupcharge", 
        "fields": {
            "group": 2, 
            "end_date": null, 
            "start_date": "2008-05-08", 
            "charge": 36, 
            "end_reason": "", 
            "charge_description": ""
        }
    }, 
    {
        "pk": 36, 
        "model": "people.groupcharge", 
        "fields": {
            "group": 2, 
            "end_date": null, 
            "start_date": "2008-05-08", 
            "charge": 37, 
            "end_reason": "", 
            "charge_description": ""
        }
    }, 
    {
        "pk": 37, 
        "model": "people.groupcharge", 
        "fields": {
            "group": 2, 
            "end_date": null, 
            "start_date": "2008-05-08", 
            "charge": 38, 
            "end_reason": "", 
            "charge_description": ""
        }
    }, 
    {
        "pk": 38, 
        "model": "people.groupcharge", 
        "fields": {
            "group": 1, 
            "end_date": null, 
            "start_date": "2008-05-08", 
            "charge": 39, 
            "end_reason": "", 
            "charge_description": ""
        }
    }, 
    {
        "pk": 39, 
        "model": "people.groupcharge", 
        "fields": {
            "group": 3, 
            "end_date": null, 
            "start_date": "2008-05-08", 
            "charge": 40, 
            "end_reason": "", 
            "charge_description": ""
        }
    }, 
    {
        "pk": 40, 
        "model": "people.groupcharge", 
        "fields": {
            "group": 4, 
            "end_date": null, 
            "start_date": "2008-05-08", 
            "charge": 41, 
            "end_reason": "", 
            "charge_description": ""
        }
    }, 
    {
        "pk": 1, 
        "model": "people.groupresponsability", 
        "fields": {
            "charge_type": "LEADER", 
            "charge": 1, 
            "start_date": "2008-05-08", 
            "end_date": null, 
            "description": "Capogruppo"
        }
    }, 
    {
        "pk": 2, 
        "model": "people.groupresponsability", 
        "fields": {
            "charge_type": "LEADER", 
            "charge": 2, 
            "start_date": "2008-05-08", 
            "end_date": null, 
            "description": "Capogruppo"
        }
    }, 
    {
        "pk": 3, 
        "model": "people.groupresponsability", 
        "fields": {
            "charge_type": "LEADER", 
            "charge": 3, 
            "start_date": "2008-05-08", 
            "end_date": null, 
            "description": "Capogruppo"
        }
    }, 
    {
        "pk": 4, 
        "model": "people.groupresponsability", 
        "fields": {
            "charge_type": "LEADER", 
            "charge": 5, 
            "start_date": "2008-05-08", 
            "end_date": null, 
            "description": "Capogruppo"
        }
    }, 
    {
        "pk": 5, 
        "model": "people.groupresponsability", 
        "fields": {
            "charge_type": "LEADER", 
            "charge": 6, 
            "start_date": "2008-05-08", 
            "end_date": null, 
            "description": "Capogruppo"
        }
    }, 
    {
        "pk": 6, 
        "model": "people.groupresponsability", 
        "fields": {
            "charge_type": "LEADER", 
            "charge": 7, 
            "start_date": "2008-05-08", 
            "end_date": null, 
            "description": "Capogruppo"
        }
    }, 
    {
        "pk": 7, 
        "model": "people.groupresponsability", 
        "fields": {
            "charge_type": "LEADER", 
            "charge": 9, 
            "start_date": "2008-05-08", 
            "end_date": null, 
            "description": "Capogruppo"
        }
    }, 
    {
        "pk": 1, 
        "model": "people.groupismajority", 
        "fields": {
            "group": 1, 
            "is_majority": false, 
            "end_date": null, 
            "start_date": "2008-05-08"
        }
    }, 
    {
        "pk": 2, 
        "model": "people.groupismajority", 
        "fields": {
            "group": 2, 
            "is_majority": true, 
            "end_date": null, 
            "start_date": "2008-05-08"
        }
    }, 
    {
        "pk": 3, 
        "model": "people.groupismajority", 
        "fields": {
            "group": 3, 
            "is_majority": false, 
            "end_date": null, 
            "start_date": "2008-05-08"
        }
    }, 
    {
        "pk": 4, 
        "model": "people.groupismajority", 
        "fields": {
            "group": 4, 
            "is_majority": true, 
            "end_date": null, 
            "start_date": "2008-05-08"
        }
    }, 
    {
        "pk": 5, 
        "model": "people.groupismajority", 
        "fields": {
            "group": 5, 
            "is_majority": true, 
            "end_date": null, 
            "start_date": "2008-05-08"
        }
    }, 
    {
        "pk": 6, 
        "model": "people.groupismajority", 
        "fields": {
            "group": 6, 
            "is_majority": false, 
            "end_date": null, 
            "start_date": "2008-05-08"
        }
    }, 
    {
        "pk": 7, 
        "model": "people.groupismajority", 
        "fields": {
            "group": 7, 
            "is_majority": null, 
            "end_date": null, 
            "start_date": "2008-05-08"
        }
    }, 
    {
        "pk": 1, 
        "model": "people.institution", 
        "fields": {
            "institution_type": 1, 
            "description": "Descrizione dell'istituzione ufficio del sindaco", 
            "name": "Sindaco", 
            "parent": null, 
            "slug": "sindaco"
        }
    }, 
    {
        "pk": 2, 
        "model": "people.institution", 
        "fields": {
            "institution_type": 2, 
            "description": "Descrizione dell'istituzione Giunta", 
            "name": "Giunta comunale", 
            "parent": 1, 
            "slug": "giunta-comunale"
        }
    }, 
    {
        "pk": 3, 
        "model": "people.institution", 
        "fields": {
            "institution_type": 3, 
            "description": "Descrizione dell'istituzione Consiglio", 
            "name": "Consiglio comunale", 
            "parent": 1, 
            "slug": "consiglio-comunale"
        }
    }, 
    {
        "pk": 4, 
        "model": "people.institution", 
        "fields": {
            "institution_type": 4, 
            "description": "Bilancio e programmazione", 
            "name": "1^ commissione", 
            "parent": 3, 
            "slug": "1-commissione"
        }
    }, 
    {
        "pk": 5, 
        "model": "people.institution", 
        "fields": {
            "institution_type": 4, 
            "description": "Urbanistica, Infrastrutture e Lavori pubblici", 
            "name": "2^ commissione", 
            "parent": 3, 
            "slug": "2-commissione"
        }
    }, 
    {
        "pk": 6, 
        "model": "people.institution", 
        "fields": {
            "institution_type": 4, 
            "description": "Citt\u00e0 sostenibile (Ambiente, Mobilit\u00e0, Energia, Trasporto pubblico),frazioni, attivit\u00e0 produttive, sport", 
            "name": "3^ commissione", 
            "parent": 3, 
            "slug": "3-commissione"
        }
    }, 
    {
        "pk": 7, 
        "model": "people.institution", 
        "fields": {
            "institution_type": 4, 
            "description": "Servizi alla Persona, Pubblica Istruzione e Politiche Giovanili", 
            "name": "4^ commissione", 
            "parent": 3, 
            "slug": "4-commissione"
        }
    }, 
    {
        "pk": 8, 
        "model": "people.institution", 
        "fields": {
            "institution_type": 4, 
            "description": "Cultura, Promozione e Turismo", 
            "name": "5^ commissione", 
            "parent": 3, 
            "slug": "5-commissione"
        }
    }, 
    {
        "pk": 9, 
        "model": "people.institution", 
        "fields": {
            "institution_type": 4, 
            "description": "Risorse Finanziarie e Patrimonio", 
            "name": "6^ commissione", 
            "parent": 3, 
            "slug": "6-commissione"
        }
    }, 
    {
        "pk": 53, 
        "model": "auth.permission", 
        "fields": {
            "codename": "add_act", 
            "name": "Can add act", 
            "content_type": 18
        }
    }, 
    {
        "pk": 54, 
        "model": "auth.permission", 
        "fields": {
            "codename": "change_act", 
            "name": "Can change act", 
            "content_type": 18
        }
    }, 
    {
        "pk": 55, 
        "model": "auth.permission", 
        "fields": {
            "codename": "delete_act", 
            "name": "Can delete act", 
            "content_type": 18
        }
    }, 
    {
        "pk": 62, 
        "model": "auth.permission", 
        "fields": {
            "codename": "add_actdescriptor", 
            "name": "Can add act descriptor", 
            "content_type": 21
        }
    }, 
    {
        "pk": 63, 
        "model": "auth.permission", 
        "fields": {
            "codename": "change_actdescriptor", 
            "name": "Can change act descriptor", 
            "content_type": 21
        }
    }, 
    {
        "pk": 64, 
        "model": "auth.permission", 
        "fields": {
            "codename": "delete_actdescriptor", 
            "name": "Can delete act descriptor", 
            "content_type": 21
        }
    }, 
    {
        "pk": 56, 
        "model": "auth.permission", 
        "fields": {
            "codename": "add_actsection", 
            "name": "Can add act section", 
            "content_type": 19
        }
    }, 
    {
        "pk": 57, 
        "model": "auth.permission", 
        "fields": {
            "codename": "change_actsection", 
            "name": "Can change act section", 
            "content_type": 19
        }
    }, 
    {
        "pk": 58, 
        "model": "auth.permission", 
        "fields": {
            "codename": "delete_actsection", 
            "name": "Can delete act section", 
            "content_type": 19
        }
    }, 
    {
        "pk": 59, 
        "model": "auth.permission", 
        "fields": {
            "codename": "add_actsupport", 
            "name": "Can add act support", 
            "content_type": 20
        }
    }, 
    {
        "pk": 60, 
        "model": "auth.permission", 
        "fields": {
            "codename": "change_actsupport", 
            "name": "Can change act support", 
            "content_type": 20
        }
    }, 
    {
        "pk": 61, 
        "model": "auth.permission", 
        "fields": {
            "codename": "delete_actsupport", 
            "name": "Can delete act support", 
            "content_type": 20
        }
    }, 
    {
        "pk": 65, 
        "model": "auth.permission", 
        "fields": {
            "codename": "add_agenda", 
            "name": "Can add agenda", 
            "content_type": 22
        }
    }, 
    {
        "pk": 66, 
        "model": "auth.permission", 
        "fields": {
            "codename": "change_agenda", 
            "name": "Can change agenda", 
            "content_type": 22
        }
    }, 
    {
        "pk": 67, 
        "model": "auth.permission", 
        "fields": {
            "codename": "delete_agenda", 
            "name": "Can delete agenda", 
            "content_type": 22
        }
    }, 
    {
        "pk": 86, 
        "model": "auth.permission", 
        "fields": {
            "codename": "add_attach", 
            "name": "Can add attach", 
            "content_type": 29
        }
    }, 
    {
        "pk": 87, 
        "model": "auth.permission", 
        "fields": {
            "codename": "change_attach", 
            "name": "Can change attach", 
            "content_type": 29
        }
    }, 
    {
        "pk": 88, 
        "model": "auth.permission", 
        "fields": {
            "codename": "delete_attach", 
            "name": "Can delete attach", 
            "content_type": 29
        }
    }, 
    {
        "pk": 95, 
        "model": "auth.permission", 
        "fields": {
            "codename": "add_calendar", 
            "name": "Can add calendar", 
            "content_type": 32
        }
    }, 
    {
        "pk": 96, 
        "model": "auth.permission", 
        "fields": {
            "codename": "change_calendar", 
            "name": "Can change calendar", 
            "content_type": 32
        }
    }, 
    {
        "pk": 97, 
        "model": "auth.permission", 
        "fields": {
            "codename": "delete_calendar", 
            "name": "Can delete calendar", 
            "content_type": 32
        }
    }, 
    {
        "pk": 68, 
        "model": "auth.permission", 
        "fields": {
            "codename": "add_deliberation", 
            "name": "Can add deliberation", 
            "content_type": 23
        }
    }, 
    {
        "pk": 69, 
        "model": "auth.permission", 
        "fields": {
            "codename": "change_deliberation", 
            "name": "Can change deliberation", 
            "content_type": 23
        }
    }, 
    {
        "pk": 70, 
        "model": "auth.permission", 
        "fields": {
            "codename": "delete_deliberation", 
            "name": "Can delete deliberation", 
            "content_type": 23
        }
    }, 
    {
        "pk": 80, 
        "model": "auth.permission", 
        "fields": {
            "codename": "add_emendation", 
            "name": "Can add emendation", 
            "content_type": 27
        }
    }, 
    {
        "pk": 81, 
        "model": "auth.permission", 
        "fields": {
            "codename": "change_emendation", 
            "name": "Can change emendation", 
            "content_type": 27
        }
    }, 
    {
        "pk": 82, 
        "model": "auth.permission", 
        "fields": {
            "codename": "delete_emendation", 
            "name": "Can delete emendation", 
            "content_type": 27
        }
    }, 
    {
        "pk": 74, 
        "model": "auth.permission", 
        "fields": {
            "codename": "add_interpellation", 
            "name": "Can add interpellation", 
            "content_type": 25
        }
    }, 
    {
        "pk": 75, 
        "model": "auth.permission", 
        "fields": {
            "codename": "change_interpellation", 
            "name": "Can change interpellation", 
            "content_type": 25
        }
    }, 
    {
        "pk": 76, 
        "model": "auth.permission", 
        "fields": {
            "codename": "delete_interpellation", 
            "name": "Can delete interpellation", 
            "content_type": 25
        }
    }, 
    {
        "pk": 71, 
        "model": "auth.permission", 
        "fields": {
            "codename": "add_interrogation", 
            "name": "Can add interrogation", 
            "content_type": 24
        }
    }, 
    {
        "pk": 72, 
        "model": "auth.permission", 
        "fields": {
            "codename": "change_interrogation", 
            "name": "Can change interrogation", 
            "content_type": 24
        }
    }, 
    {
        "pk": 73, 
        "model": "auth.permission", 
        "fields": {
            "codename": "delete_interrogation", 
            "name": "Can delete interrogation", 
            "content_type": 24
        }
    }, 
    {
        "pk": 89, 
        "model": "auth.permission", 
        "fields": {
            "codename": "add_minute", 
            "name": "Can add minute", 
            "content_type": 30
        }
    }, 
    {
        "pk": 90, 
        "model": "auth.permission", 
        "fields": {
            "codename": "change_minute", 
            "name": "Can change minute", 
            "content_type": 30
        }
    }, 
    {
        "pk": 91, 
        "model": "auth.permission", 
        "fields": {
            "codename": "delete_minute", 
            "name": "Can delete minute", 
            "content_type": 30
        }
    }, 
    {
        "pk": 77, 
        "model": "auth.permission", 
        "fields": {
            "codename": "add_motion", 
            "name": "Can add motion", 
            "content_type": 26
        }
    }, 
    {
        "pk": 78, 
        "model": "auth.permission", 
        "fields": {
            "codename": "change_motion", 
            "name": "Can change motion", 
            "content_type": 26
        }
    }, 
    {
        "pk": 79, 
        "model": "auth.permission", 
        "fields": {
            "codename": "delete_motion", 
            "name": "Can delete motion", 
            "content_type": 26
        }
    }, 
    {
        "pk": 92, 
        "model": "auth.permission", 
        "fields": {
            "codename": "add_outcome", 
            "name": "Can add outcome", 
            "content_type": 31
        }
    }, 
    {
        "pk": 93, 
        "model": "auth.permission", 
        "fields": {
            "codename": "change_outcome", 
            "name": "Can change outcome", 
            "content_type": 31
        }
    }, 
    {
        "pk": 94, 
        "model": "auth.permission", 
        "fields": {
            "codename": "delete_outcome", 
            "name": "Can delete outcome", 
            "content_type": 31
        }
    }, 
    {
        "pk": 83, 
        "model": "auth.permission", 
        "fields": {
            "codename": "add_transition", 
            "name": "Can add status transition", 
            "content_type": 28
        }
    }, 
    {
        "pk": 84, 
        "model": "auth.permission", 
        "fields": {
            "codename": "change_transition", 
            "name": "Can change status transition", 
            "content_type": 28
        }
    }, 
    {
        "pk": 85, 
        "model": "auth.permission", 
        "fields": {
            "codename": "delete_transition", 
            "name": "Can delete status transition", 
            "content_type": 28
        }
    }, 
    {
        "pk": 29, 
        "model": "auth.permission", 
        "fields": {
            "codename": "add_logentry", 
            "name": "Can add log entry", 
            "content_type": 10
        }
    }, 
    {
        "pk": 30, 
        "model": "auth.permission", 
        "fields": {
            "codename": "change_logentry", 
            "name": "Can change log entry", 
            "content_type": 10
        }
    }, 
    {
        "pk": 31, 
        "model": "auth.permission", 
        "fields": {
            "codename": "delete_logentry", 
            "name": "Can delete log entry", 
            "content_type": 10
        }
    }, 
    {
        "pk": 4, 
        "model": "auth.permission", 
        "fields": {
            "codename": "add_group", 
            "name": "Can add group", 
            "content_type": 2
        }
    }, 
    {
        "pk": 5, 
        "model": "auth.permission", 
        "fields": {
            "codename": "change_group", 
            "name": "Can change group", 
            "content_type": 2
        }
    }, 
    {
        "pk": 6, 
        "model": "auth.permission", 
        "fields": {
            "codename": "delete_group", 
            "name": "Can delete group", 
            "content_type": 2
        }
    }, 
    {
        "pk": 10, 
        "model": "auth.permission", 
        "fields": {
            "codename": "add_message", 
            "name": "Can add message", 
            "content_type": 4
        }
    }, 
    {
        "pk": 11, 
        "model": "auth.permission", 
        "fields": {
            "codename": "change_message", 
            "name": "Can change message", 
            "content_type": 4
        }
    }, 
    {
        "pk": 12, 
        "model": "auth.permission", 
        "fields": {
            "codename": "delete_message", 
            "name": "Can delete message", 
            "content_type": 4
        }
    }, 
    {
        "pk": 1, 
        "model": "auth.permission", 
        "fields": {
            "codename": "add_permission", 
            "name": "Can add permission", 
            "content_type": 1
        }
    }, 
    {
        "pk": 2, 
        "model": "auth.permission", 
        "fields": {
            "codename": "change_permission", 
            "name": "Can change permission", 
            "content_type": 1
        }
    }, 
    {
        "pk": 3, 
        "model": "auth.permission", 
        "fields": {
            "codename": "delete_permission", 
            "name": "Can delete permission", 
            "content_type": 1
        }
    }, 
    {
        "pk": 7, 
        "model": "auth.permission", 
        "fields": {
            "codename": "add_user", 
            "name": "Can add user", 
            "content_type": 3
        }
    }, 
    {
        "pk": 8, 
        "model": "auth.permission", 
        "fields": {
            "codename": "change_user", 
            "name": "Can change user", 
            "content_type": 3
        }
    }, 
    {
        "pk": 9, 
        "model": "auth.permission", 
        "fields": {
            "codename": "delete_user", 
            "name": "Can delete user", 
            "content_type": 3
        }
    }, 
    {
        "pk": 13, 
        "model": "auth.permission", 
        "fields": {
            "codename": "add_comment", 
            "name": "Can add comment", 
            "content_type": 5
        }
    }, 
    {
        "pk": 16, 
        "model": "auth.permission", 
        "fields": {
            "codename": "can_moderate", 
            "name": "Can moderate comments", 
            "content_type": 5
        }
    }, 
    {
        "pk": 14, 
        "model": "auth.permission", 
        "fields": {
            "codename": "change_comment", 
            "name": "Can change comment", 
            "content_type": 5
        }
    }, 
    {
        "pk": 15, 
        "model": "auth.permission", 
        "fields": {
            "codename": "delete_comment", 
            "name": "Can delete comment", 
            "content_type": 5
        }
    }, 
    {
        "pk": 17, 
        "model": "auth.permission", 
        "fields": {
            "codename": "add_commentflag", 
            "name": "Can add comment flag", 
            "content_type": 6
        }
    }, 
    {
        "pk": 18, 
        "model": "auth.permission", 
        "fields": {
            "codename": "change_commentflag", 
            "name": "Can change comment flag", 
            "content_type": 6
        }
    }, 
    {
        "pk": 19, 
        "model": "auth.permission", 
        "fields": {
            "codename": "delete_commentflag", 
            "name": "Can delete comment flag", 
            "content_type": 6
        }
    }, 
    {
        "pk": 20, 
        "model": "auth.permission", 
        "fields": {
            "codename": "add_contenttype", 
            "name": "Can add content type", 
            "content_type": 7
        }
    }, 
    {
        "pk": 21, 
        "model": "auth.permission", 
        "fields": {
            "codename": "change_contenttype", 
            "name": "Can change content type", 
            "content_type": 7
        }
    }, 
    {
        "pk": 22, 
        "model": "auth.permission", 
        "fields": {
            "codename": "delete_contenttype", 
            "name": "Can delete content type", 
            "content_type": 7
        }
    }, 
    {
        "pk": 47, 
        "model": "auth.permission", 
        "fields": {
            "codename": "add_event", 
            "name": "Can add event", 
            "content_type": 16
        }
    }, 
    {
        "pk": 48, 
        "model": "auth.permission", 
        "fields": {
            "codename": "change_event", 
            "name": "Can change event", 
            "content_type": 16
        }
    }, 
    {
        "pk": 49, 
        "model": "auth.permission", 
        "fields": {
            "codename": "delete_event", 
            "name": "Can delete event", 
            "content_type": 16
        }
    }, 
    {
        "pk": 164, 
        "model": "auth.permission", 
        "fields": {
            "codename": "add_monitoring", 
            "name": "Can add monitoring", 
            "content_type": 55
        }
    }, 
    {
        "pk": 165, 
        "model": "auth.permission", 
        "fields": {
            "codename": "change_monitoring", 
            "name": "Can change monitoring", 
            "content_type": 55
        }
    }, 
    {
        "pk": 166, 
        "model": "auth.permission", 
        "fields": {
            "codename": "delete_monitoring", 
            "name": "Can delete monitoring", 
            "content_type": 55
        }
    }, 
    {
        "pk": 170, 
        "model": "auth.permission", 
        "fields": {
            "codename": "add_news", 
            "name": "Can add cached news", 
            "content_type": 57
        }
    }, 
    {
        "pk": 171, 
        "model": "auth.permission", 
        "fields": {
            "codename": "change_news", 
            "name": "Can change cached news", 
            "content_type": 57
        }
    }, 
    {
        "pk": 172, 
        "model": "auth.permission", 
        "fields": {
            "codename": "delete_news", 
            "name": "Can delete cached news", 
            "content_type": 57
        }
    }, 
    {
        "pk": 50, 
        "model": "auth.permission", 
        "fields": {
            "codename": "add_commentwithmood", 
            "name": "Can add Comment", 
            "content_type": 17
        }
    }, 
    {
        "pk": 51, 
        "model": "auth.permission", 
        "fields": {
            "codename": "change_commentwithmood", 
            "name": "Can change Comment", 
            "content_type": 17
        }
    }, 
    {
        "pk": 52, 
        "model": "auth.permission", 
        "fields": {
            "codename": "delete_commentwithmood", 
            "name": "Can delete Comment", 
            "content_type": 17
        }
    }, 
    {
        "pk": 113, 
        "model": "auth.permission", 
        "fields": {
            "codename": "add_administrationcharge", 
            "name": "Can add administration charge", 
            "content_type": 38
        }
    }, 
    {
        "pk": 114, 
        "model": "auth.permission", 
        "fields": {
            "codename": "change_administrationcharge", 
            "name": "Can change administration charge", 
            "content_type": 38
        }
    }, 
    {
        "pk": 115, 
        "model": "auth.permission", 
        "fields": {
            "codename": "delete_administrationcharge", 
            "name": "Can delete administration charge", 
            "content_type": 38
        }
    }, 
    {
        "pk": 131, 
        "model": "auth.permission", 
        "fields": {
            "codename": "add_company", 
            "name": "Can add company", 
            "content_type": 44
        }
    }, 
    {
        "pk": 132, 
        "model": "auth.permission", 
        "fields": {
            "codename": "change_company", 
            "name": "Can change company", 
            "content_type": 44
        }
    }, 
    {
        "pk": 133, 
        "model": "auth.permission", 
        "fields": {
            "codename": "delete_company", 
            "name": "Can delete company", 
            "content_type": 44
        }
    }, 
    {
        "pk": 110, 
        "model": "auth.permission", 
        "fields": {
            "codename": "add_companycharge", 
            "name": "Can add organization charge", 
            "content_type": 37
        }
    }, 
    {
        "pk": 111, 
        "model": "auth.permission", 
        "fields": {
            "codename": "change_companycharge", 
            "name": "Can change organization charge", 
            "content_type": 37
        }
    }, 
    {
        "pk": 112, 
        "model": "auth.permission", 
        "fields": {
            "codename": "delete_companycharge", 
            "name": "Can delete organization charge", 
            "content_type": 37
        }
    }, 
    {
        "pk": 116, 
        "model": "auth.permission", 
        "fields": {
            "codename": "add_group", 
            "name": "Can add group", 
            "content_type": 39
        }
    }, 
    {
        "pk": 117, 
        "model": "auth.permission", 
        "fields": {
            "codename": "change_group", 
            "name": "Can change group", 
            "content_type": 39
        }
    }, 
    {
        "pk": 118, 
        "model": "auth.permission", 
        "fields": {
            "codename": "delete_group", 
            "name": "Can delete group", 
            "content_type": 39
        }
    }, 
    {
        "pk": 119, 
        "model": "auth.permission", 
        "fields": {
            "codename": "add_groupcharge", 
            "name": "Can add group charge", 
            "content_type": 40
        }
    }, 
    {
        "pk": 120, 
        "model": "auth.permission", 
        "fields": {
            "codename": "change_groupcharge", 
            "name": "Can change group charge", 
            "content_type": 40
        }
    }, 
    {
        "pk": 121, 
        "model": "auth.permission", 
        "fields": {
            "codename": "delete_groupcharge", 
            "name": "Can delete group charge", 
            "content_type": 40
        }
    }, 
    {
        "pk": 125, 
        "model": "auth.permission", 
        "fields": {
            "codename": "add_groupismajority", 
            "name": "Can add group majority", 
            "content_type": 42
        }
    }, 
    {
        "pk": 126, 
        "model": "auth.permission", 
        "fields": {
            "codename": "change_groupismajority", 
            "name": "Can change group majority", 
            "content_type": 42
        }
    }, 
    {
        "pk": 127, 
        "model": "auth.permission", 
        "fields": {
            "codename": "delete_groupismajority", 
            "name": "Can delete group majority", 
            "content_type": 42
        }
    }, 
    {
        "pk": 122, 
        "model": "auth.permission", 
        "fields": {
            "codename": "add_groupresponsability", 
            "name": "Can add group responsability", 
            "content_type": 41
        }
    }, 
    {
        "pk": 123, 
        "model": "auth.permission", 
        "fields": {
            "codename": "change_groupresponsability", 
            "name": "Can change group responsability", 
            "content_type": 41
        }
    }, 
    {
        "pk": 124, 
        "model": "auth.permission", 
        "fields": {
            "codename": "delete_groupresponsability", 
            "name": "Can delete group responsability", 
            "content_type": 41
        }
    }, 
    {
        "pk": 128, 
        "model": "auth.permission", 
        "fields": {
            "codename": "add_institution", 
            "name": "Can add institution", 
            "content_type": 43
        }
    }, 
    {
        "pk": 129, 
        "model": "auth.permission", 
        "fields": {
            "codename": "change_institution", 
            "name": "Can change institution", 
            "content_type": 43
        }
    }, 
    {
        "pk": 130, 
        "model": "auth.permission", 
        "fields": {
            "codename": "delete_institution", 
            "name": "Can delete institution", 
            "content_type": 43
        }
    }, 
    {
        "pk": 104, 
        "model": "auth.permission", 
        "fields": {
            "codename": "add_institutioncharge", 
            "name": "Can add institution charge", 
            "content_type": 35
        }
    }, 
    {
        "pk": 105, 
        "model": "auth.permission", 
        "fields": {
            "codename": "change_institutioncharge", 
            "name": "Can change institution charge", 
            "content_type": 35
        }
    }, 
    {
        "pk": 106, 
        "model": "auth.permission", 
        "fields": {
            "codename": "delete_institutioncharge", 
            "name": "Can delete institution charge", 
            "content_type": 35
        }
    }, 
    {
        "pk": 107, 
        "model": "auth.permission", 
        "fields": {
            "codename": "add_institutionresponsability", 
            "name": "Can add institution responsability", 
            "content_type": 36
        }
    }, 
    {
        "pk": 108, 
        "model": "auth.permission", 
        "fields": {
            "codename": "change_institutionresponsability", 
            "name": "Can change institution responsability", 
            "content_type": 36
        }
    }, 
    {
        "pk": 109, 
        "model": "auth.permission", 
        "fields": {
            "codename": "delete_institutionresponsability", 
            "name": "Can delete institution responsability", 
            "content_type": 36
        }
    }, 
    {
        "pk": 134, 
        "model": "auth.permission", 
        "fields": {
            "codename": "add_office", 
            "name": "Can add office", 
            "content_type": 45
        }
    }, 
    {
        "pk": 135, 
        "model": "auth.permission", 
        "fields": {
            "codename": "change_office", 
            "name": "Can change office", 
            "content_type": 45
        }
    }, 
    {
        "pk": 136, 
        "model": "auth.permission", 
        "fields": {
            "codename": "delete_office", 
            "name": "Can delete office", 
            "content_type": 45
        }
    }, 
    {
        "pk": 98, 
        "model": "auth.permission", 
        "fields": {
            "codename": "add_person", 
            "name": "Can add person", 
            "content_type": 33
        }
    }, 
    {
        "pk": 99, 
        "model": "auth.permission", 
        "fields": {
            "codename": "change_person", 
            "name": "Can change person", 
            "content_type": 33
        }
    }, 
    {
        "pk": 100, 
        "model": "auth.permission", 
        "fields": {
            "codename": "delete_person", 
            "name": "Can delete person", 
            "content_type": 33
        }
    }, 
    {
        "pk": 101, 
        "model": "auth.permission", 
        "fields": {
            "codename": "add_resource", 
            "name": "Can add resource", 
            "content_type": 34
        }
    }, 
    {
        "pk": 102, 
        "model": "auth.permission", 
        "fields": {
            "codename": "change_resource", 
            "name": "Can change resource", 
            "content_type": 34
        }
    }, 
    {
        "pk": 103, 
        "model": "auth.permission", 
        "fields": {
            "codename": "delete_resource", 
            "name": "Can delete resource", 
            "content_type": 34
        }
    }, 
    {
        "pk": 137, 
        "model": "auth.permission", 
        "fields": {
            "codename": "add_sitting", 
            "name": "Can add sitting", 
            "content_type": 46
        }
    }, 
    {
        "pk": 138, 
        "model": "auth.permission", 
        "fields": {
            "codename": "change_sitting", 
            "name": "Can change sitting", 
            "content_type": 46
        }
    }, 
    {
        "pk": 139, 
        "model": "auth.permission", 
        "fields": {
            "codename": "delete_sitting", 
            "name": "Can delete sitting", 
            "content_type": 46
        }
    }, 
    {
        "pk": 32, 
        "model": "auth.permission", 
        "fields": {
            "codename": "add_registrationprofile", 
            "name": "Can add registration profile", 
            "content_type": 11
        }
    }, 
    {
        "pk": 33, 
        "model": "auth.permission", 
        "fields": {
            "codename": "change_registrationprofile", 
            "name": "Can change registration profile", 
            "content_type": 11
        }
    }, 
    {
        "pk": 34, 
        "model": "auth.permission", 
        "fields": {
            "codename": "delete_registrationprofile", 
            "name": "Can delete registration profile", 
            "content_type": 11
        }
    }, 
    {
        "pk": 23, 
        "model": "auth.permission", 
        "fields": {
            "codename": "add_session", 
            "name": "Can add session", 
            "content_type": 8
        }
    }, 
    {
        "pk": 24, 
        "model": "auth.permission", 
        "fields": {
            "codename": "change_session", 
            "name": "Can change session", 
            "content_type": 8
        }
    }, 
    {
        "pk": 25, 
        "model": "auth.permission", 
        "fields": {
            "codename": "delete_session", 
            "name": "Can delete session", 
            "content_type": 8
        }
    }, 
    {
        "pk": 26, 
        "model": "auth.permission", 
        "fields": {
            "codename": "add_site", 
            "name": "Can add site", 
            "content_type": 9
        }
    }, 
    {
        "pk": 27, 
        "model": "auth.permission", 
        "fields": {
            "codename": "change_site", 
            "name": "Can change site", 
            "content_type": 9
        }
    }, 
    {
        "pk": 28, 
        "model": "auth.permission", 
        "fields": {
            "codename": "delete_site", 
            "name": "Can delete site", 
            "content_type": 9
        }
    }, 
    {
        "pk": 35, 
        "model": "auth.permission", 
        "fields": {
            "codename": "add_migrationhistory", 
            "name": "Can add migration history", 
            "content_type": 12
        }
    }, 
    {
        "pk": 36, 
        "model": "auth.permission", 
        "fields": {
            "codename": "change_migrationhistory", 
            "name": "Can change migration history", 
            "content_type": 12
        }
    }, 
    {
        "pk": 37, 
        "model": "auth.permission", 
        "fields": {
            "codename": "delete_migrationhistory", 
            "name": "Can delete migration history", 
            "content_type": 12
        }
    }, 
    {
        "pk": 38, 
        "model": "auth.permission", 
        "fields": {
            "codename": "add_tag", 
            "name": "Can add Tag", 
            "content_type": 13
        }
    }, 
    {
        "pk": 39, 
        "model": "auth.permission", 
        "fields": {
            "codename": "change_tag", 
            "name": "Can change Tag", 
            "content_type": 13
        }
    }, 
    {
        "pk": 40, 
        "model": "auth.permission", 
        "fields": {
            "codename": "delete_tag", 
            "name": "Can delete Tag", 
            "content_type": 13
        }
    }, 
    {
        "pk": 41, 
        "model": "auth.permission", 
        "fields": {
            "codename": "add_taggeditem", 
            "name": "Can add Tagged Item", 
            "content_type": 14
        }
    }, 
    {
        "pk": 42, 
        "model": "auth.permission", 
        "fields": {
            "codename": "change_taggeditem", 
            "name": "Can change Tagged Item", 
            "content_type": 14
        }
    }, 
    {
        "pk": 43, 
        "model": "auth.permission", 
        "fields": {
            "codename": "delete_taggeditem", 
            "name": "Can delete Tagged Item", 
            "content_type": 14
        }
    }, 
    {
        "pk": 146, 
        "model": "auth.permission", 
        "fields": {
            "codename": "add_category", 
            "name": "Can add category", 
            "content_type": 49
        }
    }, 
    {
        "pk": 147, 
        "model": "auth.permission", 
        "fields": {
            "codename": "change_category", 
            "name": "Can change category", 
            "content_type": 49
        }
    }, 
    {
        "pk": 148, 
        "model": "auth.permission", 
        "fields": {
            "codename": "delete_category", 
            "name": "Can delete category", 
            "content_type": 49
        }
    }, 
    {
        "pk": 149, 
        "model": "auth.permission", 
        "fields": {
            "codename": "add_location", 
            "name": "Can add location", 
            "content_type": 50
        }
    }, 
    {
        "pk": 150, 
        "model": "auth.permission", 
        "fields": {
            "codename": "change_location", 
            "name": "Can change location", 
            "content_type": 50
        }
    }, 
    {
        "pk": 151, 
        "model": "auth.permission", 
        "fields": {
            "codename": "delete_location", 
            "name": "Can delete location", 
            "content_type": 50
        }
    }, 
    {
        "pk": 140, 
        "model": "auth.permission", 
        "fields": {
            "codename": "add_tag", 
            "name": "Can add Tag", 
            "content_type": 47
        }
    }, 
    {
        "pk": 141, 
        "model": "auth.permission", 
        "fields": {
            "codename": "change_tag", 
            "name": "Can change Tag", 
            "content_type": 47
        }
    }, 
    {
        "pk": 142, 
        "model": "auth.permission", 
        "fields": {
            "codename": "delete_tag", 
            "name": "Can delete Tag", 
            "content_type": 47
        }
    }, 
    {
        "pk": 143, 
        "model": "auth.permission", 
        "fields": {
            "codename": "add_taggedact", 
            "name": "Can add tagged act", 
            "content_type": 48
        }
    }, 
    {
        "pk": 144, 
        "model": "auth.permission", 
        "fields": {
            "codename": "change_taggedact", 
            "name": "Can change tagged act", 
            "content_type": 48
        }
    }, 
    {
        "pk": 145, 
        "model": "auth.permission", 
        "fields": {
            "codename": "delete_taggedact", 
            "name": "Can delete tagged act", 
            "content_type": 48
        }
    }, 
    {
        "pk": 161, 
        "model": "auth.permission", 
        "fields": {
            "codename": "add_userprofile", 
            "name": "Can add user profile", 
            "content_type": 54
        }
    }, 
    {
        "pk": 162, 
        "model": "auth.permission", 
        "fields": {
            "codename": "change_userprofile", 
            "name": "Can change user profile", 
            "content_type": 54
        }
    }, 
    {
        "pk": 163, 
        "model": "auth.permission", 
        "fields": {
            "codename": "delete_userprofile", 
            "name": "Can delete user profile", 
            "content_type": 54
        }
    }, 
    {
        "pk": 158, 
        "model": "auth.permission", 
        "fields": {
            "codename": "add_chargevote", 
            "name": "Can add charge vote", 
            "content_type": 53
        }
    }, 
    {
        "pk": 159, 
        "model": "auth.permission", 
        "fields": {
            "codename": "change_chargevote", 
            "name": "Can change charge vote", 
            "content_type": 53
        }
    }, 
    {
        "pk": 160, 
        "model": "auth.permission", 
        "fields": {
            "codename": "delete_chargevote", 
            "name": "Can delete charge vote", 
            "content_type": 53
        }
    }, 
    {
        "pk": 155, 
        "model": "auth.permission", 
        "fields": {
            "codename": "add_groupvote", 
            "name": "Can add group vote", 
            "content_type": 52
        }
    }, 
    {
        "pk": 156, 
        "model": "auth.permission", 
        "fields": {
            "codename": "change_groupvote", 
            "name": "Can change group vote", 
            "content_type": 52
        }
    }, 
    {
        "pk": 157, 
        "model": "auth.permission", 
        "fields": {
            "codename": "delete_groupvote", 
            "name": "Can delete group vote", 
            "content_type": 52
        }
    }, 
    {
        "pk": 152, 
        "model": "auth.permission", 
        "fields": {
            "codename": "add_votation", 
            "name": "Can add votation", 
            "content_type": 51
        }
    }, 
    {
        "pk": 153, 
        "model": "auth.permission", 
        "fields": {
            "codename": "change_votation", 
            "name": "Can change votation", 
            "content_type": 51
        }
    }, 
    {
        "pk": 154, 
        "model": "auth.permission", 
        "fields": {
            "codename": "delete_votation", 
            "name": "Can delete votation", 
            "content_type": 51
        }
    }, 
    {
        "pk": 44, 
        "model": "auth.permission", 
        "fields": {
            "codename": "add_vote", 
            "name": "Can add vote", 
            "content_type": 15
        }
    }, 
    {
        "pk": 45, 
        "model": "auth.permission", 
        "fields": {
            "codename": "change_vote", 
            "name": "Can change vote", 
            "content_type": 15
        }
    }, 
    {
        "pk": 46, 
        "model": "auth.permission", 
        "fields": {
            "codename": "delete_vote", 
            "name": "Can delete vote", 
            "content_type": 15
        }
    }, 
    {
        "pk": 167, 
        "model": "auth.permission", 
        "fields": {
            "codename": "add_sharing", 
            "name": "Can add sharing", 
            "content_type": 56
        }
    }, 
    {
        "pk": 168, 
        "model": "auth.permission", 
        "fields": {
            "codename": "change_sharing", 
            "name": "Can change sharing", 
            "content_type": 56
        }
    }, 
    {
        "pk": 169, 
        "model": "auth.permission", 
        "fields": {
            "codename": "delete_sharing", 
            "name": "Can delete sharing", 
            "content_type": 56
        }
    }
]