[{"pk": 1, "model": "taxonomy.tag", "fields": {"count": 0, "name": "servizi online", "slug": "servizi-online"}}, {"pk": 2, "model": "taxonomy.tag", "fields": {"count": 0, "name": "sociale", "slug": "sociale"}}, {"pk": 3, "model": "taxonomy.tag", "fields": {"count": 0, "name": "parchi", "slug": "parchi"}}, {"pk": 4, "model": "taxonomy.tag", "fields": {"count": 0, "name": "circoscrizioni", "slug": "circoscrizioni"}}, {"pk": 5, "model": "taxonomy.tag", "fields": {"count": 0, "name": "biblioteca", "slug": "biblioteca"}}, {"pk": 6, "model": "taxonomy.tag", "fields": {"count": 0, "name": "trasporti", "slug": "trasporti"}}, {"pk": 7, "model": "taxonomy.tag", "fields": {"count": 0, "name": "cultura", "slug": "cultura"}}, {"pk": 8, "model": "taxonomy.tag", "fields": {"count": 0, "name": "wifi", "slug": "wifi"}}, {"pk": 9, "model": "taxonomy.tag", "fields": {"count": 1, "name": "animali", "slug": "animali"}}, {"pk": 10, "model": "taxonomy.tag", "fields": {"count": 0, "name": "tiepolo", "slug": "tiepolo"}}, {"pk": 11, "model": "taxonomy.tag", "fields": {"count": 0, "name": "turista", "slug": "turista"}}, {"pk": 12, "model": "taxonomy.tag", "fields": {"count": 0, "name": "barcamp", "slug": "barcamp"}}, {"pk": 13, "model": "taxonomy.tag", "fields": {"count": 0, "name": "giovani", "slug": "giovani"}}, {"pk": 14, "model": "taxonomy.tag", "fields": {"count": 0, "name": "corsi", "slug": "corsi"}}, {"pk": 15, "model": "taxonomy.tag", "fields": {"count": 0, "name": "friuli doc", "slug": "friuli-doc"}}, {"pk": 16, "model": "taxonomy.tag", "fields": {"count": 0, "name": "ascolto attivo", "slug": "ascolto-attivo"}}, {"pk": 17, "model": "taxonomy.tag", "fields": {"count": 0, "name": "ambiente", "slug": "ambiente"}}, {"pk": 18, "model": "taxonomy.tag", "fields": {"count": 0, "name": "tempo libero", "slug": "tempo-libero"}}, {"pk": 19, "model": "taxonomy.tag", "fields": {"count": 0, "name": "open data", "slug": "open-data"}}, {"pk": 20, "model": "taxonomy.tag", "fields": {"count": 0, "name": "sport", "slug": "sport"}}, {"pk": 21, "model": "taxonomy.tag", "fields": {"count": 0, "name": "bambini", "slug": "bambini"}}, {"pk": 22, "model": "taxonomy.tag", "fields": {"count": 0, "name": "territorio", "slug": "territorio"}}, {"pk": 23, "model": "taxonomy.tag", "fields": {"count": 0, "name": "uffici", "slug": "uffici"}}, {"pk": 1, "model": "taxonomy.taggedact", "fields": {"category": 4, "content_object": 2, "tagging_time": "2012-04-24 18:19:30", "tag": 12, "tagger": null}}, {"pk": 2, "model": "taxonomy.taggedact", "fields": {"category": 4, "content_object": 2, "tagging_time": "2012-04-24 18:19:30", "tag": 21, "tagger": null}}, {"pk": 3, "model": "taxonomy.taggedact", "fields": {"category": 4, "content_object": 2, "tagging_time": "2012-04-24 18:19:30", "tag": 6, "tagger": null}}, {"pk": 4, "model": "taxonomy.taggedact", "fields": {"category": 4, "content_object": 2, "tagging_time": "2012-04-24 18:19:30", "tag": 7, "tagger": null}}, {"pk": 5, "model": "taxonomy.taggedact", "fields": {"category": 2, "content_object": 3, "tagging_time": "2012-04-24 18:19:30", "tag": 17, "tagger": null}}, {"pk": 6, "model": "taxonomy.taggedact", "fields": {"category": 2, "content_object": 3, "tagging_time": "2012-04-24 18:19:30", "tag": 20, "tagger": null}}, {"pk": 7, "model": "taxonomy.taggedact", "fields": {"category": 2, "content_object": 3, "tagging_time": "2012-04-24 18:19:30", "tag": 6, "tagger": null}}, {"pk": 8, "model": "taxonomy.taggedact", "fields": {"category": 2, "content_object": 3, "tagging_time": "2012-04-24 18:19:30", "tag": 14, "tagger": null}}, {"pk": 9, "model": "taxonomy.taggedact", "fields": {"category": 2, "content_object": 3, "tagging_time": "2012-04-24 18:19:30", "tag": 23, "tagger": null}}, {"pk": 10, "model": "taxonomy.taggedact", "fields": {"category": 5, "content_object": 3, "tagging_time": "2012-04-24 18:19:30", "tag": 12, "tagger": null}}, {"pk": 11, "model": "taxonomy.taggedact", "fields": {"category": 5, "content_object": 3, "tagging_time": "2012-04-24 18:19:30", "tag": 6, "tagger": null}}, {"pk": 12, "model": "taxonomy.taggedact", "fields": {"category": 5, "content_object": 3, "tagging_time": "2012-04-24 18:19:30", "tag": 22, "tagger": null}}, {"pk": 13, "model": "taxonomy.taggedact", "fields": {"category": 3, "content_object": 4, "tagging_time": "2012-04-24 18:19:30", "tag": 2, "tagger": null}}, {"pk": 14, "model": "taxonomy.taggedact", "fields": {"category": 3, "content_object": 4, "tagging_time": "2012-04-24 18:19:30", "tag": 4, "tagger": null}}, {"pk": 15, "model": "taxonomy.taggedact", "fields": {"category": 3, "content_object": 4, "tagging_time": "2012-04-24 18:19:30", "tag": 18, "tagger": null}}, {"pk": 16, "model": "taxonomy.taggedact", "fields": {"category": 3, "content_object": 4, "tagging_time": "2012-04-24 18:19:30", "tag": 15, "tagger": null}}, {"pk": 17, "model": "taxonomy.taggedact", "fields": {"category": 9, "content_object": 4, "tagging_time": "2012-04-24 18:19:30", "tag": 10, "tagger": null}}, {"pk": 18, "model": "taxonomy.taggedact", "fields": {"category": 9, "content_object": 4, "tagging_time": "2012-04-24 18:19:30", "tag": 23, "tagger": null}}, {"pk": 19, "model": "taxonomy.taggedact", "fields": {"category": 1, "content_object": 4, "tagging_time": "2012-04-24 18:19:30", "tag": 3, "tagger": null}}, {"pk": 20, "model": "taxonomy.taggedact", "fields": {"category": 1, "content_object": 4, "tagging_time": "2012-04-24 18:19:30", "tag": 17, "tagger": null}}, {"pk": 21, "model": "taxonomy.taggedact", "fields": {"category": 1, "content_object": 4, "tagging_time": "2012-04-24 18:19:30", "tag": 19, "tagger": null}}, {"pk": 22, "model": "taxonomy.taggedact", "fields": {"category": 1, "content_object": 4, "tagging_time": "2012-04-24 18:19:30", "tag": 23, "tagger": null}}, {"pk": 23, "model": "taxonomy.taggedact", "fields": {"category": 9, "content_object": 5, "tagging_time": "2012-04-24 18:19:30", "tag": null, "tagger": null}}, {"pk": 24, "model": "taxonomy.taggedact", "fields": {"category": 1, "content_object": 5, "tagging_time": "2012-04-24 18:19:30", "tag": 1, "tagger": null}}, {"pk": 25, "model": "taxonomy.taggedact", "fields": {"category": 1, "content_object": 5, "tagging_time": "2012-04-24 18:19:30", "tag": 10, "tagger": null}}, {"pk": 26, "model": "taxonomy.taggedact", "fields": {"category": 1, "content_object": 5, "tagging_time": "2012-04-24 18:19:30", "tag": 12, "tagger": null}}, {"pk": 27, "model": "taxonomy.taggedact", "fields": {"category": 1, "content_object": 5, "tagging_time": "2012-04-24 18:19:30", "tag": 2, "tagger": null}}, {"pk": 28, "model": "taxonomy.taggedact", "fields": {"category": 2, "content_object": 7, "tagging_time": "2012-04-24 18:19:30", "tag": null, "tagger": null}}, {"pk": 29, "model": "taxonomy.taggedact", "fields": {"category": 9, "content_object": 8, "tagging_time": "2012-04-24 18:19:30", "tag": 8, "tagger": null}}, {"pk": 30, "model": "taxonomy.taggedact", "fields": {"category": 9, "content_object": 8, "tagging_time": "2012-04-24 18:19:31", "tag": 1, "tagger": null}}, {"pk": 31, "model": "taxonomy.taggedact", "fields": {"category": 9, "content_object": 8, "tagging_time": "2012-04-24 18:19:31", "tag": 2, "tagger": null}}, {"pk": 32, "model": "taxonomy.taggedact", "fields": {"category": 9, "content_object": 8, "tagging_time": "2012-04-24 18:19:31", "tag": 21, "tagger": null}}, {"pk": 33, "model": "taxonomy.taggedact", "fields": {"category": 9, "content_object": 8, "tagging_time": "2012-04-24 18:19:31", "tag": 13, "tagger": null}}, {"pk": 34, "model": "taxonomy.taggedact", "fields": {"category": 8, "content_object": 8, "tagging_time": "2012-04-24 18:19:31", "tag": 16, "tagger": null}}, {"pk": 35, "model": "taxonomy.taggedact", "fields": {"category": 8, "content_object": 8, "tagging_time": "2012-04-24 18:19:31", "tag": 8, "tagger": null}}, {"pk": 36, "model": "taxonomy.taggedact", "fields": {"category": 8, "content_object": 8, "tagging_time": "2012-04-24 18:19:31", "tag": 4, "tagger": null}}, {"pk": 37, "model": "taxonomy.taggedact", "fields": {"category": 8, "content_object": 8, "tagging_time": "2012-04-24 18:19:31", "tag": 13, "tagger": null}}, {"pk": 38, "model": "taxonomy.taggedact", "fields": {"category": 8, "content_object": 8, "tagging_time": "2012-04-24 18:19:31", "tag": 7, "tagger": null}}, {"pk": 39, "model": "taxonomy.taggedact", "fields": {"category": 6, "content_object": 8, "tagging_time": "2012-04-24 18:19:31", "tag": 18, "tagger": null}}, {"pk": 40, "model": "taxonomy.taggedact", "fields": {"category": 6, "content_object": 8, "tagging_time": "2012-04-24 18:19:31", "tag": 13, "tagger": null}}, {"pk": 41, "model": "taxonomy.taggedact", "fields": {"category": 3, "content_object": 9, "tagging_time": "2012-04-24 18:19:31", "tag": 2, "tagger": null}}, {"pk": 42, "model": "taxonomy.taggedact", "fields": {"category": 2, "content_object": 11, "tagging_time": "2012-04-24 18:19:31", "tag": 9, "tagger": null}}, {"pk": 43, "model": "taxonomy.taggedact", "fields": {"category": 2, "content_object": 11, "tagging_time": "2012-04-24 18:19:31", "tag": 18, "tagger": null}}, {"pk": 44, "model": "taxonomy.taggedact", "fields": {"category": 2, "content_object": 11, "tagging_time": "2012-04-24 18:19:31", "tag": 11, "tagger": null}}, {"pk": 45, "model": "taxonomy.taggedact", "fields": {"category": 2, "content_object": 11, "tagging_time": "2012-04-24 18:19:31", "tag": 4, "tagger": null}}, {"pk": 46, "model": "taxonomy.taggedact", "fields": {"category": 5, "content_object": 11, "tagging_time": "2012-04-24 18:19:31", "tag": 9, "tagger": null}}, {"pk": 47, "model": "taxonomy.taggedact", "fields": {"category": 5, "content_object": 11, "tagging_time": "2012-04-24 18:19:31", "tag": 12, "tagger": null}}, {"pk": 48, "model": "taxonomy.taggedact", "fields": {"category": 5, "content_object": 11, "tagging_time": "2012-04-24 18:19:31", "tag": 14, "tagger": null}}, {"pk": 49, "model": "taxonomy.taggedact", "fields": {"category": 5, "content_object": 11, "tagging_time": "2012-04-24 18:19:31", "tag": 15, "tagger": null}}, {"pk": 50, "model": "taxonomy.taggedact", "fields": {"category": 3, "content_object": 12, "tagging_time": "2012-04-24 18:19:31", "tag": 10, "tagger": null}}, {"pk": 51, "model": "taxonomy.taggedact", "fields": {"category": 3, "content_object": 12, "tagging_time": "2012-04-24 18:19:31", "tag": 5, "tagger": null}}, {"pk": 52, "model": "taxonomy.taggedact", "fields": {"category": 3, "content_object": 12, "tagging_time": "2012-04-24 18:19:31", "tag": 14, "tagger": null}}, {"pk": 53, "model": "taxonomy.taggedact", "fields": {"category": 3, "content_object": 12, "tagging_time": "2012-04-24 18:19:31", "tag": 13, "tagger": null}}, {"pk": 54, "model": "taxonomy.taggedact", "fields": {"category": 4, "content_object": 12, "tagging_time": "2012-04-24 18:19:32", "tag": null, "tagger": null}}, {"pk": 55, "model": "taxonomy.taggedact", "fields": {"category": 5, "content_object": 12, "tagging_time": "2012-04-24 18:19:32", "tag": 10, "tagger": null}}, {"pk": 56, "model": "taxonomy.taggedact", "fields": {"category": 2, "content_object": 13, "tagging_time": "2012-04-24 18:19:32", "tag": 18, "tagger": null}}, {"pk": 57, "model": "taxonomy.taggedact", "fields": {"category": 2, "content_object": 13, "tagging_time": "2012-04-24 18:19:32", "tag": 20, "tagger": null}}, {"pk": 58, "model": "taxonomy.taggedact", "fields": {"category": 2, "content_object": 13, "tagging_time": "2012-04-24 18:19:32", "tag": 5, "tagger": null}}, {"pk": 59, "model": "taxonomy.taggedact", "fields": {"category": 2, "content_object": 13, "tagging_time": "2012-04-24 18:19:32", "tag": 13, "tagger": null}}, {"pk": 60, "model": "taxonomy.taggedact", "fields": {"category": 6, "content_object": 13, "tagging_time": "2012-04-24 18:19:32", "tag": 16, "tagger": null}}, {"pk": 61, "model": "taxonomy.taggedact", "fields": {"category": 6, "content_object": 13, "tagging_time": "2012-04-24 18:19:32", "tag": 23, "tagger": null}}, {"pk": 62, "model": "taxonomy.taggedact", "fields": {"category": 6, "content_object": 13, "tagging_time": "2012-04-24 18:19:32", "tag": 15, "tagger": null}}, {"pk": 63, "model": "taxonomy.taggedact", "fields": {"category": 4, "content_object": 13, "tagging_time": "2012-04-24 18:19:32", "tag": 8, "tagger": null}}, {"pk": 64, "model": "taxonomy.taggedact", "fields": {"category": 4, "content_object": 13, "tagging_time": "2012-04-24 18:19:32", "tag": 1, "tagger": null}}, {"pk": 65, "model": "taxonomy.taggedact", "fields": {"category": 4, "content_object": 13, "tagging_time": "2012-04-24 18:19:32", "tag": 11, "tagger": null}}, {"pk": 66, "model": "taxonomy.taggedact", "fields": {"category": 4, "content_object": 13, "tagging_time": "2012-04-24 18:19:32", "tag": 21, "tagger": null}}, {"pk": 67, "model": "taxonomy.taggedact", "fields": {"category": 4, "content_object": 13, "tagging_time": "2012-04-24 18:19:32", "tag": 3, "tagger": null}}, {"pk": 68, "model": "taxonomy.taggedact", "fields": {"category": 2, "content_object": 14, "tagging_time": "2012-04-24 18:19:32", "tag": 3, "tagger": null}}, {"pk": 69, "model": "taxonomy.taggedact", "fields": {"category": 2, "content_object": 14, "tagging_time": "2012-04-24 18:19:32", "tag": 23, "tagger": null}}, {"pk": 70, "model": "taxonomy.taggedact", "fields": {"category": 2, "content_object": 14, "tagging_time": "2012-04-24 18:19:32", "tag": 11, "tagger": null}}, {"pk": 71, "model": "taxonomy.taggedact", "fields": {"category": 2, "content_object": 14, "tagging_time": "2012-04-24 18:19:32", "tag": 20, "tagger": null}}, {"pk": 72, "model": "taxonomy.taggedact", "fields": {"category": 2, "content_object": 14, "tagging_time": "2012-04-24 18:19:32", "tag": 7, "tagger": null}}, {"pk": 73, "model": "taxonomy.taggedact", "fields": {"category": 8, "content_object": 14, "tagging_time": "2012-04-24 18:19:32", "tag": 8, "tagger": null}}, {"pk": 74, "model": "taxonomy.taggedact", "fields": {"category": 8, "content_object": 14, "tagging_time": "2012-04-24 18:19:32", "tag": 12, "tagger": null}}, {"pk": 75, "model": "taxonomy.taggedact", "fields": {"category": 8, "content_object": 14, "tagging_time": "2012-04-24 18:19:32", "tag": 22, "tagger": null}}, {"pk": 76, "model": "taxonomy.taggedact", "fields": {"category": 8, "content_object": 14, "tagging_time": "2012-04-24 18:19:32", "tag": 7, "tagger": null}}, {"pk": 77, "model": "taxonomy.taggedact", "fields": {"category": 2, "content_object": 16, "tagging_time": "2012-04-24 18:19:32", "tag": 17, "tagger": null}}, {"pk": 78, "model": "taxonomy.taggedact", "fields": {"category": 2, "content_object": 16, "tagging_time": "2012-04-24 18:19:32", "tag": 21, "tagger": null}}, {"pk": 79, "model": "taxonomy.taggedact", "fields": {"category": 2, "content_object": 16, "tagging_time": "2012-04-24 18:19:32", "tag": 23, "tagger": null}}, {"pk": 80, "model": "taxonomy.taggedact", "fields": {"category": 8, "content_object": 16, "tagging_time": "2012-04-24 18:19:32", "tag": 19, "tagger": null}}, {"pk": 81, "model": "taxonomy.taggedact", "fields": {"category": 8, "content_object": 16, "tagging_time": "2012-04-24 18:19:32", "tag": 4, "tagger": null}}, {"pk": 82, "model": "taxonomy.taggedact", "fields": {"category": 8, "content_object": 16, "tagging_time": "2012-04-24 18:19:32", "tag": 13, "tagger": null}}, {"pk": 83, "model": "taxonomy.taggedact", "fields": {"category": 8, "content_object": 16, "tagging_time": "2012-04-24 18:19:32", "tag": 22, "tagger": null}}, {"pk": 84, "model": "taxonomy.taggedact", "fields": {"category": 3, "content_object": 17, "tagging_time": "2012-04-24 18:19:32", "tag": 3, "tagger": null}}, {"pk": 85, "model": "taxonomy.taggedact", "fields": {"category": 3, "content_object": 17, "tagging_time": "2012-04-24 18:19:32", "tag": 14, "tagger": null}}, {"pk": 86, "model": "taxonomy.taggedact", "fields": {"category": 3, "content_object": 17, "tagging_time": "2012-04-24 18:19:32", "tag": 15, "tagger": null}}, {"pk": 87, "model": "taxonomy.taggedact", "fields": {"category": 4, "content_object": 18, "tagging_time": "2012-04-24 18:19:33", "tag": 2, "tagger": null}}, {"pk": 88, "model": "taxonomy.taggedact", "fields": {"category": 4, "content_object": 18, "tagging_time": "2012-04-24 18:19:33", "tag": 3, "tagger": null}}, {"pk": 89, "model": "taxonomy.taggedact", "fields": {"category": 4, "content_object": 18, "tagging_time": "2012-04-24 18:19:33", "tag": 21, "tagger": null}}, {"pk": 90, "model": "taxonomy.taggedact", "fields": {"category": 4, "content_object": 18, "tagging_time": "2012-04-24 18:19:33", "tag": 6, "tagger": null}}, {"pk": 91, "model": "taxonomy.taggedact", "fields": {"category": 5, "content_object": 18, "tagging_time": "2012-04-24 18:19:33", "tag": null, "tagger": null}}, {"pk": 92, "model": "taxonomy.taggedact", "fields": {"category": 7, "content_object": 18, "tagging_time": "2012-04-24 18:19:33", "tag": 10, "tagger": null}}, {"pk": 93, "model": "taxonomy.taggedact", "fields": {"category": 7, "content_object": 18, "tagging_time": "2012-04-24 18:19:33", "tag": 19, "tagger": null}}, {"pk": 94, "model": "taxonomy.taggedact", "fields": {"category": 7, "content_object": 18, "tagging_time": "2012-04-24 18:19:33", "tag": 5, "tagger": null}}, {"pk": 95, "model": "taxonomy.taggedact", "fields": {"category": 7, "content_object": 19, "tagging_time": "2012-04-24 18:19:33", "tag": 13, "tagger": null}}, {"pk": 96, "model": "taxonomy.taggedact", "fields": {"category": 8, "content_object": 19, "tagging_time": "2012-04-24 18:19:33", "tag": 2, "tagger": null}}, {"pk": 97, "model": "taxonomy.taggedact", "fields": {"category": 5, "content_object": 19, "tagging_time": "2012-04-24 18:19:33", "tag": 4, "tagger": null}}, {"pk": 98, "model": "taxonomy.taggedact", "fields": {"category": 5, "content_object": 19, "tagging_time": "2012-04-24 18:19:33", "tag": 21, "tagger": null}}, {"pk": 99, "model": "taxonomy.taggedact", "fields": {"category": 5, "content_object": 19, "tagging_time": "2012-04-24 18:19:33", "tag": 5, "tagger": null}}, {"pk": 100, "model": "taxonomy.taggedact", "fields": {"category": 6, "content_object": 20, "tagging_time": "2012-04-24 18:19:33", "tag": 8, "tagger": null}}, {"pk": 101, "model": "taxonomy.taggedact", "fields": {"category": 6, "content_object": 20, "tagging_time": "2012-04-24 18:19:33", "tag": 1, "tagger": null}}, {"pk": 102, "model": "taxonomy.taggedact", "fields": {"category": 8, "content_object": 20, "tagging_time": "2012-04-24 18:19:33", "tag": 4, "tagger": null}}, {"pk": 103, "model": "taxonomy.taggedact", "fields": {"category": 8, "content_object": 20, "tagging_time": "2012-04-24 18:19:33", "tag": 7, "tagger": null}}, {"pk": 104, "model": "taxonomy.taggedact", "fields": {"category": 7, "content_object": 21, "tagging_time": "2012-04-24 18:19:34", "tag": 8, "tagger": null}}, {"pk": 105, "model": "taxonomy.taggedact", "fields": {"category": 7, "content_object": 21, "tagging_time": "2012-04-24 18:19:34", "tag": 3, "tagger": null}}, {"pk": 106, "model": "taxonomy.taggedact", "fields": {"category": 7, "content_object": 21, "tagging_time": "2012-04-24 18:19:34", "tag": 18, "tagger": null}}, {"pk": 107, "model": "taxonomy.taggedact", "fields": {"category": 7, "content_object": 21, "tagging_time": "2012-04-24 18:19:34", "tag": 11, "tagger": null}}, {"pk": 108, "model": "taxonomy.taggedact", "fields": {"category": 7, "content_object": 21, "tagging_time": "2012-04-24 18:19:34", "tag": 21, "tagger": null}}, {"pk": 109, "model": "taxonomy.taggedact", "fields": {"category": 3, "content_object": 21, "tagging_time": "2012-04-24 18:19:34", "tag": 8, "tagger": null}}, {"pk": 110, "model": "taxonomy.taggedact", "fields": {"category": 3, "content_object": 21, "tagging_time": "2012-04-24 18:19:34", "tag": 9, "tagger": null}}, {"pk": 111, "model": "taxonomy.taggedact", "fields": {"category": 3, "content_object": 21, "tagging_time": "2012-04-24 18:19:34", "tag": 2, "tagger": null}}, {"pk": 112, "model": "taxonomy.taggedact", "fields": {"category": 3, "content_object": 21, "tagging_time": "2012-04-24 18:19:34", "tag": 5, "tagger": null}}, {"pk": 113, "model": "taxonomy.taggedact", "fields": {"category": 3, "content_object": 22, "tagging_time": "2012-04-24 18:19:34", "tag": 16, "tagger": null}}, {"pk": 114, "model": "taxonomy.taggedact", "fields": {"category": 9, "content_object": 23, "tagging_time": "2012-04-24 18:19:34", "tag": 8, "tagger": null}}, {"pk": 115, "model": "taxonomy.taggedact", "fields": {"category": 9, "content_object": 23, "tagging_time": "2012-04-24 18:19:34", "tag": 1, "tagger": null}}, {"pk": 116, "model": "taxonomy.taggedact", "fields": {"category": 7, "content_object": 23, "tagging_time": "2012-04-24 18:19:34", "tag": 12, "tagger": null}}, {"pk": 117, "model": "taxonomy.taggedact", "fields": {"category": 4, "content_object": 23, "tagging_time": "2012-04-24 18:19:34", "tag": 8, "tagger": null}}, {"pk": 118, "model": "taxonomy.taggedact", "fields": {"category": 4, "content_object": 23, "tagging_time": "2012-04-24 18:19:34", "tag": 10, "tagger": null}}, {"pk": 119, "model": "taxonomy.taggedact", "fields": {"category": 4, "content_object": 23, "tagging_time": "2012-04-24 18:19:34", "tag": 13, "tagger": null}}, {"pk": 120, "model": "taxonomy.taggedact", "fields": {"category": 4, "content_object": 23, "tagging_time": "2012-04-24 18:19:34", "tag": 22, "tagger": null}}, {"pk": 121, "model": "taxonomy.taggedact", "fields": {"category": 8, "content_object": 24, "tagging_time": "2012-04-24 18:19:35", "tag": 18, "tagger": null}}, {"pk": 122, "model": "taxonomy.taggedact", "fields": {"category": 8, "content_object": 24, "tagging_time": "2012-04-24 18:19:35", "tag": 3, "tagger": null}}, {"pk": 123, "model": "taxonomy.taggedact", "fields": {"category": 8, "content_object": 24, "tagging_time": "2012-04-24 18:19:35", "tag": 13, "tagger": null}}, {"pk": 124, "model": "taxonomy.taggedact", "fields": {"category": 8, "content_object": 24, "tagging_time": "2012-04-24 18:19:35", "tag": 6, "tagger": null}}, {"pk": 125, "model": "taxonomy.taggedact", "fields": {"category": 6, "content_object": 25, "tagging_time": "2012-04-24 18:19:35", "tag": 11, "tagger": null}}, {"pk": 126, "model": "taxonomy.taggedact", "fields": {"category": 6, "content_object": 25, "tagging_time": "2012-04-24 18:19:35", "tag": 20, "tagger": null}}, {"pk": 127, "model": "taxonomy.taggedact", "fields": {"category": 1, "content_object": 26, "tagging_time": "2012-04-24 18:19:35", "tag": 16, "tagger": null}}, {"pk": 128, "model": "taxonomy.taggedact", "fields": {"category": 1, "content_object": 26, "tagging_time": "2012-04-24 18:19:35", "tag": 1, "tagger": null}}, {"pk": 129, "model": "taxonomy.taggedact", "fields": {"category": 1, "content_object": 26, "tagging_time": "2012-04-24 18:19:35", "tag": 7, "tagger": null}}, {"pk": 130, "model": "taxonomy.taggedact", "fields": {"category": 1, "content_object": 26, "tagging_time": "2012-04-24 18:19:35", "tag": 5, "tagger": null}}, {"pk": 131, "model": "taxonomy.taggedact", "fields": {"category": 1, "content_object": 26, "tagging_time": "2012-04-24 18:19:35", "tag": 17, "tagger": null}}, {"pk": 132, "model": "taxonomy.taggedact", "fields": {"category": 1, "content_object": 27, "tagging_time": "2012-04-24 18:19:35", "tag": 1, "tagger": null}}, {"pk": 133, "model": "taxonomy.taggedact", "fields": {"category": 1, "content_object": 27, "tagging_time": "2012-04-24 18:19:35", "tag": 3, "tagger": null}}, {"pk": 134, "model": "taxonomy.taggedact", "fields": {"category": 1, "content_object": 27, "tagging_time": "2012-04-24 18:19:35", "tag": 4, "tagger": null}}, {"pk": 135, "model": "taxonomy.taggedact", "fields": {"category": 1, "content_object": 27, "tagging_time": "2012-04-24 18:19:35", "tag": 13, "tagger": null}}, {"pk": 136, "model": "taxonomy.taggedact", "fields": {"category": 1, "content_object": 27, "tagging_time": "2012-04-24 18:19:35", "tag": 23, "tagger": null}}, {"pk": 137, "model": "taxonomy.taggedact", "fields": {"category": 5, "content_object": 27, "tagging_time": "2012-04-24 18:19:35", "tag": 8, "tagger": null}}, {"pk": 138, "model": "taxonomy.taggedact", "fields": {"category": 5, "content_object": 27, "tagging_time": "2012-04-24 18:19:35", "tag": 2, "tagger": null}}, {"pk": 139, "model": "taxonomy.taggedact", "fields": {"category": 5, "content_object": 27, "tagging_time": "2012-04-24 18:19:35", "tag": 18, "tagger": null}}, {"pk": 140, "model": "taxonomy.taggedact", "fields": {"category": 7, "content_object": 28, "tagging_time": "2012-04-24 18:19:35", "tag": null, "tagger": null}}, {"pk": 141, "model": "taxonomy.taggedact", "fields": {"category": 4, "content_object": 28, "tagging_time": "2012-04-24 18:19:35", "tag": null, "tagger": null}}, {"pk": 142, "model": "taxonomy.taggedact", "fields": {"category": 1, "content_object": 1, "tagging_time": "2012-04-24 18:21:04", "tag": 9, "tagger": 4}}, {"pk": 1, "model": "taxonomy.category", "fields": {"count": 1, "name": "teatro", "tag_set": [], "slug": "teatro"}}, {"pk": 2, "model": "taxonomy.category", "fields": {"count": 0, "name": "rifiuti", "tag_set": [], "slug": "rifiuti"}}, {"pk": 3, "model": "taxonomy.category", "fields": {"count": 0, "name": "business", "tag_set": [], "slug": "business"}}, {"pk": 4, "model": "taxonomy.category", "fields": {"count": 0, "name": "abusivismo edilizio", "tag_set": [], "slug": "abusivismo-edilizio"}}, {"pk": 5, "model": "taxonomy.category", "fields": {"count": 0, "name": "turismo", "tag_set": [], "slug": "turismo"}}, {"pk": 6, "model": "taxonomy.category", "fields": {"count": 0, "name": "urbanistica", "tag_set": [], "slug": "urbanistica"}}, {"pk": 7, "model": "taxonomy.category", "fields": {"count": 0, "name": "mobilit\u00e0", "tag_set": [], "slug": "mobilita"}}, {"pk": 8, "model": "taxonomy.category", "fields": {"count": 0, "name": "bilancio", "tag_set": [], "slug": "bilancio"}}, {"pk": 9, "model": "taxonomy.category", "fields": {"count": 0, "name": "cultura", "tag_set": [], "slug": "cultura"}}]