[
    {
        "pk": 1, 
        "model": "taxonomy.tag", 
        "fields": {
            "name": "servizi online", 
            "slug": "servizi-online"
        }
    }, 
    {
        "pk": 2, 
        "model": "taxonomy.tag", 
        "fields": {
            "name": "sociale", 
            "slug": "sociale"
        }
    }, 
    {
        "pk": 3, 
        "model": "taxonomy.tag", 
        "fields": {
            "name": "parchi", 
            "slug": "parchi"
        }
    }, 
    {
        "pk": 4, 
        "model": "taxonomy.tag", 
        "fields": {
            "name": "circoscrizioni", 
            "slug": "circoscrizioni"
        }
    }, 
    {
        "pk": 5, 
        "model": "taxonomy.tag", 
        "fields": {
            "name": "biblioteca", 
            "slug": "biblioteca"
        }
    }, 
    {
        "pk": 6, 
        "model": "taxonomy.tag", 
        "fields": {
            "name": "trasporti", 
            "slug": "trasporti"
        }
    }, 
    {
        "pk": 7, 
        "model": "taxonomy.tag", 
        "fields": {
            "name": "cultura", 
            "slug": "cultura"
        }
    }, 
    {
        "pk": 8, 
        "model": "taxonomy.tag", 
        "fields": {
            "name": "wifi", 
            "slug": "wifi"
        }
    }, 
    {
        "pk": 9, 
        "model": "taxonomy.tag", 
        "fields": {
            "name": "animali", 
            "slug": "animali"
        }
    }, 
    {
        "pk": 10, 
        "model": "taxonomy.tag", 
        "fields": {
            "name": "tiepolo", 
            "slug": "tiepolo"
        }
    }, 
    {
        "pk": 11, 
        "model": "taxonomy.tag", 
        "fields": {
            "name": "turista", 
            "slug": "turista"
        }
    }, 
    {
        "pk": 12, 
        "model": "taxonomy.tag", 
        "fields": {
            "name": "barcamp", 
            "slug": "barcamp"
        }
    }, 
    {
        "pk": 13, 
        "model": "taxonomy.tag", 
        "fields": {
            "name": "giovani", 
            "slug": "giovani"
        }
    }, 
    {
        "pk": 14, 
        "model": "taxonomy.tag", 
        "fields": {
            "name": "corsi", 
            "slug": "corsi"
        }
    }, 
    {
        "pk": 15, 
        "model": "taxonomy.tag", 
        "fields": {
            "name": "friuli doc", 
            "slug": "friuli-doc"
        }
    }, 
    {
        "pk": 16, 
        "model": "taxonomy.tag", 
        "fields": {
            "name": "ascolto attivo", 
            "slug": "ascolto-attivo"
        }
    }, 
    {
        "pk": 17, 
        "model": "taxonomy.tag", 
        "fields": {
            "name": "ambiente", 
            "slug": "ambiente"
        }
    }, 
    {
        "pk": 18, 
        "model": "taxonomy.tag", 
        "fields": {
            "name": "tempo libero", 
            "slug": "tempo-libero"
        }
    }, 
    {
        "pk": 19, 
        "model": "taxonomy.tag", 
        "fields": {
            "name": "open data", 
            "slug": "open-data"
        }
    }, 
    {
        "pk": 20, 
        "model": "taxonomy.tag", 
        "fields": {
            "name": "sport", 
            "slug": "sport"
        }
    }, 
    {
        "pk": 21, 
        "model": "taxonomy.tag", 
        "fields": {
            "name": "bambini", 
            "slug": "bambini"
        }
    }, 
    {
        "pk": 22, 
        "model": "taxonomy.tag", 
        "fields": {
            "name": "territorio", 
            "slug": "territorio"
        }
    }, 
    {
        "pk": 23, 
        "model": "taxonomy.tag", 
        "fields": {
            "name": "uffici", 
            "slug": "uffici"
        }
    }, 
    {
        "pk": 1, 
        "model": "taxonomy.taggedact", 
        "fields": {
            "content_object": 2, 
            "tagging_time": "2012-04-02 21:41:44", 
            "tag": 16, 
            "tagger": null
        }
    }, 
    {
        "pk": 2, 
        "model": "taxonomy.taggedact", 
        "fields": {
            "content_object": 2, 
            "tagging_time": "2012-04-02 21:41:44", 
            "tag": 1, 
            "tagger": null
        }
    }, 
    {
        "pk": 3, 
        "model": "taxonomy.taggedact", 
        "fields": {
            "content_object": 2, 
            "tagging_time": "2012-04-02 21:41:44", 
            "tag": 18, 
            "tagger": null
        }
    }, 
    {
        "pk": 4, 
        "model": "taxonomy.taggedact", 
        "fields": {
            "content_object": 2, 
            "tagging_time": "2012-04-02 21:41:44", 
            "tag": 20, 
            "tagger": null
        }
    }, 
    {
        "pk": 5, 
        "model": "taxonomy.taggedact", 
        "fields": {
            "content_object": 2, 
            "tagging_time": "2012-04-02 21:41:44", 
            "tag": 15, 
            "tagger": null
        }
    }, 
    {
        "pk": 6, 
        "model": "taxonomy.taggedact", 
        "fields": {
            "content_object": 2, 
            "tagging_time": "2012-04-02 21:41:44", 
            "tag": 19, 
            "tagger": null
        }
    }, 
    {
        "pk": 7, 
        "model": "taxonomy.taggedact", 
        "fields": {
            "content_object": 2, 
            "tagging_time": "2012-04-02 21:41:44", 
            "tag": 10, 
            "tagger": null
        }
    }, 
    {
        "pk": 8, 
        "model": "taxonomy.taggedact", 
        "fields": {
            "content_object": 2, 
            "tagging_time": "2012-04-02 21:41:44", 
            "tag": 11, 
            "tagger": null
        }
    }, 
    {
        "pk": 9, 
        "model": "taxonomy.taggedact", 
        "fields": {
            "content_object": 2, 
            "tagging_time": "2012-04-02 21:41:45", 
            "tag": 22, 
            "tagger": null
        }
    }, 
    {
        "pk": 10, 
        "model": "taxonomy.taggedact", 
        "fields": {
            "content_object": 4, 
            "tagging_time": "2012-04-02 21:41:45", 
            "tag": 20, 
            "tagger": null
        }
    }, 
    {
        "pk": 11, 
        "model": "taxonomy.taggedact", 
        "fields": {
            "content_object": 4, 
            "tagging_time": "2012-04-02 21:41:45", 
            "tag": 10, 
            "tagger": null
        }
    }, 
    {
        "pk": 12, 
        "model": "taxonomy.taggedact", 
        "fields": {
            "content_object": 4, 
            "tagging_time": "2012-04-02 21:41:45", 
            "tag": 22, 
            "tagger": null
        }
    }, 
    {
        "pk": 13, 
        "model": "taxonomy.taggedact", 
        "fields": {
            "content_object": 4, 
            "tagging_time": "2012-04-02 21:41:45", 
            "tag": 15, 
            "tagger": null
        }
    }, 
    {
        "pk": 14, 
        "model": "taxonomy.taggedact", 
        "fields": {
            "content_object": 4, 
            "tagging_time": "2012-04-02 21:41:45", 
            "tag": 8, 
            "tagger": null
        }
    }, 
    {
        "pk": 15, 
        "model": "taxonomy.taggedact", 
        "fields": {
            "content_object": 4, 
            "tagging_time": "2012-04-02 21:41:45", 
            "tag": 4, 
            "tagger": null
        }
    }, 
    {
        "pk": 16, 
        "model": "taxonomy.taggedact", 
        "fields": {
            "content_object": 4, 
            "tagging_time": "2012-04-02 21:41:45", 
            "tag": 19, 
            "tagger": null
        }
    }, 
    {
        "pk": 17, 
        "model": "taxonomy.taggedact", 
        "fields": {
            "content_object": 4, 
            "tagging_time": "2012-04-02 21:41:45", 
            "tag": 6, 
            "tagger": null
        }
    }, 
    {
        "pk": 18, 
        "model": "taxonomy.taggedact", 
        "fields": {
            "content_object": 5, 
            "tagging_time": "2012-04-02 21:41:45", 
            "tag": 16, 
            "tagger": null
        }
    }, 
    {
        "pk": 19, 
        "model": "taxonomy.taggedact", 
        "fields": {
            "content_object": 5, 
            "tagging_time": "2012-04-02 21:41:45", 
            "tag": 21, 
            "tagger": null
        }
    }, 
    {
        "pk": 20, 
        "model": "taxonomy.taggedact", 
        "fields": {
            "content_object": 5, 
            "tagging_time": "2012-04-02 21:41:45", 
            "tag": 9, 
            "tagger": null
        }
    }, 
    {
        "pk": 21, 
        "model": "taxonomy.taggedact", 
        "fields": {
            "content_object": 5, 
            "tagging_time": "2012-04-02 21:41:45", 
            "tag": 6, 
            "tagger": null
        }
    }, 
    {
        "pk": 22, 
        "model": "taxonomy.taggedact", 
        "fields": {
            "content_object": 5, 
            "tagging_time": "2012-04-02 21:41:45", 
            "tag": 15, 
            "tagger": null
        }
    }, 
    {
        "pk": 23, 
        "model": "taxonomy.taggedact", 
        "fields": {
            "content_object": 5, 
            "tagging_time": "2012-04-02 21:41:45", 
            "tag": 4, 
            "tagger": null
        }
    }, 
    {
        "pk": 24, 
        "model": "taxonomy.taggedact", 
        "fields": {
            "content_object": 5, 
            "tagging_time": "2012-04-02 21:41:45", 
            "tag": 13, 
            "tagger": null
        }
    }, 
    {
        "pk": 25, 
        "model": "taxonomy.taggedact", 
        "fields": {
            "content_object": 9, 
            "tagging_time": "2012-04-02 21:41:45", 
            "tag": 8, 
            "tagger": null
        }
    }, 
    {
        "pk": 26, 
        "model": "taxonomy.taggedact", 
        "fields": {
            "content_object": 9, 
            "tagging_time": "2012-04-02 21:41:45", 
            "tag": 19, 
            "tagger": null
        }
    }, 
    {
        "pk": 27, 
        "model": "taxonomy.taggedact", 
        "fields": {
            "content_object": 9, 
            "tagging_time": "2012-04-02 21:41:45", 
            "tag": 20, 
            "tagger": null
        }
    }, 
    {
        "pk": 28, 
        "model": "taxonomy.taggedact", 
        "fields": {
            "content_object": 9, 
            "tagging_time": "2012-04-02 21:41:45", 
            "tag": 5, 
            "tagger": null
        }
    }, 
    {
        "pk": 29, 
        "model": "taxonomy.taggedact", 
        "fields": {
            "content_object": 9, 
            "tagging_time": "2012-04-02 21:41:45", 
            "tag": 21, 
            "tagger": null
        }
    }, 
    {
        "pk": 30, 
        "model": "taxonomy.taggedact", 
        "fields": {
            "content_object": 10, 
            "tagging_time": "2012-04-02 21:41:45", 
            "tag": 17, 
            "tagger": null
        }
    }, 
    {
        "pk": 31, 
        "model": "taxonomy.taggedact", 
        "fields": {
            "content_object": 10, 
            "tagging_time": "2012-04-02 21:41:45", 
            "tag": 18, 
            "tagger": null
        }
    }, 
    {
        "pk": 32, 
        "model": "taxonomy.taggedact", 
        "fields": {
            "content_object": 10, 
            "tagging_time": "2012-04-02 21:41:45", 
            "tag": 14, 
            "tagger": null
        }
    }, 
    {
        "pk": 33, 
        "model": "taxonomy.taggedact", 
        "fields": {
            "content_object": 10, 
            "tagging_time": "2012-04-02 21:41:45", 
            "tag": 4, 
            "tagger": null
        }
    }, 
    {
        "pk": 34, 
        "model": "taxonomy.taggedact", 
        "fields": {
            "content_object": 10, 
            "tagging_time": "2012-04-02 21:41:45", 
            "tag": 6, 
            "tagger": null
        }
    }, 
    {
        "pk": 35, 
        "model": "taxonomy.taggedact", 
        "fields": {
            "content_object": 12, 
            "tagging_time": "2012-04-02 21:41:45", 
            "tag": 1, 
            "tagger": null
        }
    }, 
    {
        "pk": 36, 
        "model": "taxonomy.taggedact", 
        "fields": {
            "content_object": 12, 
            "tagging_time": "2012-04-02 21:41:45", 
            "tag": 18, 
            "tagger": null
        }
    }, 
    {
        "pk": 37, 
        "model": "taxonomy.taggedact", 
        "fields": {
            "content_object": 12, 
            "tagging_time": "2012-04-02 21:41:45", 
            "tag": 6, 
            "tagger": null
        }
    }, 
    {
        "pk": 38, 
        "model": "taxonomy.taggedact", 
        "fields": {
            "content_object": 12, 
            "tagging_time": "2012-04-02 21:41:45", 
            "tag": 7, 
            "tagger": null
        }
    }, 
    {
        "pk": 39, 
        "model": "taxonomy.taggedact", 
        "fields": {
            "content_object": 12, 
            "tagging_time": "2012-04-02 21:41:45", 
            "tag": 8, 
            "tagger": null
        }
    }, 
    {
        "pk": 40, 
        "model": "taxonomy.taggedact", 
        "fields": {
            "content_object": 12, 
            "tagging_time": "2012-04-02 21:41:45", 
            "tag": 17, 
            "tagger": null
        }
    }, 
    {
        "pk": 41, 
        "model": "taxonomy.taggedact", 
        "fields": {
            "content_object": 12, 
            "tagging_time": "2012-04-02 21:41:45", 
            "tag": 21, 
            "tagger": null
        }
    }, 
    {
        "pk": 42, 
        "model": "taxonomy.taggedact", 
        "fields": {
            "content_object": 12, 
            "tagging_time": "2012-04-02 21:41:45", 
            "tag": 9, 
            "tagger": null
        }
    }, 
    {
        "pk": 43, 
        "model": "taxonomy.taggedact", 
        "fields": {
            "content_object": 12, 
            "tagging_time": "2012-04-02 21:41:45", 
            "tag": 10, 
            "tagger": null
        }
    }, 
    {
        "pk": 44, 
        "model": "taxonomy.taggedact", 
        "fields": {
            "content_object": 12, 
            "tagging_time": "2012-04-02 21:41:45", 
            "tag": 13, 
            "tagger": null
        }
    }, 
    {
        "pk": 45, 
        "model": "taxonomy.taggedact", 
        "fields": {
            "content_object": 15, 
            "tagging_time": "2012-04-02 21:41:45", 
            "tag": 9, 
            "tagger": null
        }
    }, 
    {
        "pk": 46, 
        "model": "taxonomy.taggedact", 
        "fields": {
            "content_object": 15, 
            "tagging_time": "2012-04-02 21:41:45", 
            "tag": 23, 
            "tagger": null
        }
    }, 
    {
        "pk": 47, 
        "model": "taxonomy.taggedact", 
        "fields": {
            "content_object": 15, 
            "tagging_time": "2012-04-02 21:41:45", 
            "tag": 7, 
            "tagger": null
        }
    }, 
    {
        "pk": 48, 
        "model": "taxonomy.taggedact", 
        "fields": {
            "content_object": 17, 
            "tagging_time": "2012-04-02 21:41:45", 
            "tag": 1, 
            "tagger": null
        }
    }, 
    {
        "pk": 49, 
        "model": "taxonomy.taggedact", 
        "fields": {
            "content_object": 17, 
            "tagging_time": "2012-04-02 21:41:45", 
            "tag": 2, 
            "tagger": null
        }
    }, 
    {
        "pk": 50, 
        "model": "taxonomy.taggedact", 
        "fields": {
            "content_object": 17, 
            "tagging_time": "2012-04-02 21:41:45", 
            "tag": 18, 
            "tagger": null
        }
    }, 
    {
        "pk": 51, 
        "model": "taxonomy.taggedact", 
        "fields": {
            "content_object": 18, 
            "tagging_time": "2012-04-02 21:41:45", 
            "tag": 20, 
            "tagger": null
        }
    }, 
    {
        "pk": 52, 
        "model": "taxonomy.taggedact", 
        "fields": {
            "content_object": 18, 
            "tagging_time": "2012-04-02 21:41:45", 
            "tag": 18, 
            "tagger": null
        }
    }, 
    {
        "pk": 53, 
        "model": "taxonomy.taggedact", 
        "fields": {
            "content_object": 18, 
            "tagging_time": "2012-04-02 21:41:45", 
            "tag": 12, 
            "tagger": null
        }
    }, 
    {
        "pk": 54, 
        "model": "taxonomy.taggedact", 
        "fields": {
            "content_object": 18, 
            "tagging_time": "2012-04-02 21:41:45", 
            "tag": 5, 
            "tagger": null
        }
    }, 
    {
        "pk": 55, 
        "model": "taxonomy.taggedact", 
        "fields": {
            "content_object": 18, 
            "tagging_time": "2012-04-02 21:41:45", 
            "tag": 13, 
            "tagger": null
        }
    }, 
    {
        "pk": 56, 
        "model": "taxonomy.taggedact", 
        "fields": {
            "content_object": 18, 
            "tagging_time": "2012-04-02 21:41:45", 
            "tag": 22, 
            "tagger": null
        }
    }, 
    {
        "pk": 57, 
        "model": "taxonomy.taggedact", 
        "fields": {
            "content_object": 18, 
            "tagging_time": "2012-04-02 21:41:45", 
            "tag": 14, 
            "tagger": null
        }
    }, 
    {
        "pk": 58, 
        "model": "taxonomy.taggedact", 
        "fields": {
            "content_object": 18, 
            "tagging_time": "2012-04-02 21:41:45", 
            "tag": 15, 
            "tagger": null
        }
    }, 
    {
        "pk": 59, 
        "model": "taxonomy.taggedact", 
        "fields": {
            "content_object": 18, 
            "tagging_time": "2012-04-02 21:41:45", 
            "tag": 16, 
            "tagger": null
        }
    }, 
    {
        "pk": 60, 
        "model": "taxonomy.taggedact", 
        "fields": {
            "content_object": 18, 
            "tagging_time": "2012-04-02 21:41:45", 
            "tag": 1, 
            "tagger": null
        }
    }, 
    {
        "pk": 61, 
        "model": "taxonomy.taggedact", 
        "fields": {
            "content_object": 19, 
            "tagging_time": "2012-04-02 21:41:45", 
            "tag": 7, 
            "tagger": null
        }
    }, 
    {
        "pk": 62, 
        "model": "taxonomy.taggedact", 
        "fields": {
            "content_object": 19, 
            "tagging_time": "2012-04-02 21:41:45", 
            "tag": 4, 
            "tagger": null
        }
    }, 
    {
        "pk": 63, 
        "model": "taxonomy.taggedact", 
        "fields": {
            "content_object": 19, 
            "tagging_time": "2012-04-02 21:41:45", 
            "tag": 15, 
            "tagger": null
        }
    }, 
    {
        "pk": 64, 
        "model": "taxonomy.taggedact", 
        "fields": {
            "content_object": 20, 
            "tagging_time": "2012-04-02 21:41:45", 
            "tag": 16, 
            "tagger": null
        }
    }, 
    {
        "pk": 65, 
        "model": "taxonomy.taggedact", 
        "fields": {
            "content_object": 20, 
            "tagging_time": "2012-04-02 21:41:45", 
            "tag": 11, 
            "tagger": null
        }
    }, 
    {
        "pk": 66, 
        "model": "taxonomy.taggedact", 
        "fields": {
            "content_object": 20, 
            "tagging_time": "2012-04-02 21:41:45", 
            "tag": 4, 
            "tagger": null
        }
    }, 
    {
        "pk": 67, 
        "model": "taxonomy.taggedact", 
        "fields": {
            "content_object": 22, 
            "tagging_time": "2012-04-02 21:41:45", 
            "tag": 8, 
            "tagger": null
        }
    }, 
    {
        "pk": 68, 
        "model": "taxonomy.taggedact", 
        "fields": {
            "content_object": 22, 
            "tagging_time": "2012-04-02 21:41:45", 
            "tag": 1, 
            "tagger": null
        }
    }, 
    {
        "pk": 69, 
        "model": "taxonomy.taggedact", 
        "fields": {
            "content_object": 22, 
            "tagging_time": "2012-04-02 21:41:45", 
            "tag": 3, 
            "tagger": null
        }
    }, 
    {
        "pk": 70, 
        "model": "taxonomy.taggedact", 
        "fields": {
            "content_object": 22, 
            "tagging_time": "2012-04-02 21:41:45", 
            "tag": 12, 
            "tagger": null
        }
    }, 
    {
        "pk": 71, 
        "model": "taxonomy.taggedact", 
        "fields": {
            "content_object": 22, 
            "tagging_time": "2012-04-02 21:41:45", 
            "tag": 13, 
            "tagger": null
        }
    }, 
    {
        "pk": 72, 
        "model": "taxonomy.taggedact", 
        "fields": {
            "content_object": 24, 
            "tagging_time": "2012-04-02 21:41:45", 
            "tag": 16, 
            "tagger": null
        }
    }, 
    {
        "pk": 73, 
        "model": "taxonomy.taggedact", 
        "fields": {
            "content_object": 24, 
            "tagging_time": "2012-04-02 21:41:45", 
            "tag": 9, 
            "tagger": null
        }
    }, 
    {
        "pk": 74, 
        "model": "taxonomy.taggedact", 
        "fields": {
            "content_object": 24, 
            "tagging_time": "2012-04-02 21:41:45", 
            "tag": 6, 
            "tagger": null
        }
    }, 
    {
        "pk": 75, 
        "model": "taxonomy.taggedact", 
        "fields": {
            "content_object": 24, 
            "tagging_time": "2012-04-02 21:41:45", 
            "tag": 7, 
            "tagger": null
        }
    }, 
    {
        "pk": 76, 
        "model": "taxonomy.taggedact", 
        "fields": {
            "content_object": 26, 
            "tagging_time": "2012-04-02 21:41:45", 
            "tag": 19, 
            "tagger": null
        }
    }, 
    {
        "pk": 77, 
        "model": "taxonomy.taggedact", 
        "fields": {
            "content_object": 26, 
            "tagging_time": "2012-04-02 21:41:45", 
            "tag": 11, 
            "tagger": null
        }
    }, 
    {
        "pk": 78, 
        "model": "taxonomy.taggedact", 
        "fields": {
            "content_object": 26, 
            "tagging_time": "2012-04-02 21:41:45", 
            "tag": 9, 
            "tagger": null
        }
    }, 
    {
        "pk": 79, 
        "model": "taxonomy.taggedact", 
        "fields": {
            "content_object": 26, 
            "tagging_time": "2012-04-02 21:41:45", 
            "tag": 4, 
            "tagger": null
        }
    }, 
    {
        "pk": 80, 
        "model": "taxonomy.taggedact", 
        "fields": {
            "content_object": 26, 
            "tagging_time": "2012-04-02 21:41:45", 
            "tag": 21, 
            "tagger": null
        }
    }, 
    {
        "pk": 81, 
        "model": "taxonomy.taggedact", 
        "fields": {
            "content_object": 26, 
            "tagging_time": "2012-04-02 21:41:45", 
            "tag": 20, 
            "tagger": null
        }
    }, 
    {
        "pk": 82, 
        "model": "taxonomy.taggedact", 
        "fields": {
            "content_object": 27, 
            "tagging_time": "2012-04-02 21:41:45", 
            "tag": 21, 
            "tagger": null
        }
    }, 
    {
        "pk": 1, 
        "model": "taxonomy.category", 
        "fields": {
            "name": "teatro", 
            "tag_set": [
                4, 
                5, 
                6, 
                8, 
                9, 
                10, 
                12, 
                13, 
                18, 
                19, 
                20
            ], 
            "slug": "teatro"
        }
    }, 
    {
        "pk": 2, 
        "model": "taxonomy.category", 
        "fields": {
            "name": "rifiuti", 
            "tag_set": [
                4, 
                11, 
                13, 
                14, 
                15, 
                17, 
                18
            ], 
            "slug": "rifiuti"
        }
    }, 
    {
        "pk": 3, 
        "model": "taxonomy.category", 
        "fields": {
            "name": "business", 
            "tag_set": [
                5, 
                10, 
                11, 
                14, 
                15, 
                19, 
                22
            ], 
            "slug": "business"
        }
    }, 
    {
        "pk": 4, 
        "model": "taxonomy.category", 
        "fields": {
            "name": "abusivismo edilizio", 
            "tag_set": [
                1, 
                3, 
                4, 
                6, 
                8, 
                12, 
                13, 
                18
            ], 
            "slug": "abusivismo-edilizio"
        }
    }, 
    {
        "pk": 5, 
        "model": "taxonomy.category", 
        "fields": {
            "name": "turismo", 
            "tag_set": [
                1, 
                15, 
                16, 
                18, 
                20, 
                21
            ], 
            "slug": "turismo"
        }
    }, 
    {
        "pk": 6, 
        "model": "taxonomy.category", 
        "fields": {
            "name": "urbanistica", 
            "tag_set": [
                1, 
                2, 
                4, 
                5, 
                8, 
                9, 
                10, 
                11, 
                15, 
                16, 
                18, 
                19, 
                20, 
                21, 
                22
            ], 
            "slug": "urbanistica"
        }
    }, 
    {
        "pk": 7, 
        "model": "taxonomy.category", 
        "fields": {
            "name": "mobilit\u00e0", 
            "tag_set": [
                7, 
                11
            ], 
            "slug": "mobilita"
        }
    }, 
    {
        "pk": 8, 
        "model": "taxonomy.category", 
        "fields": {
            "name": "bilancio", 
            "tag_set": [
                1, 
                6, 
                7, 
                9, 
                15, 
                18, 
                20, 
                21
            ], 
            "slug": "bilancio"
        }
    }, 
    {
        "pk": 9, 
        "model": "taxonomy.category", 
        "fields": {
            "name": "cultura", 
            "tag_set": [
                1, 
                4, 
                6, 
                7, 
                8, 
                9, 
                11, 
                12, 
                15, 
                16, 
                17, 
                18, 
                19, 
                21, 
                22, 
                23
            ], 
            "slug": "cultura"
        }
    }
]