[
    {
        "pk": 1, 
        "model": "acts.act", 
        "fields": {
            "is_key": false, 
            "description": "", 
            "title": "Surrogazione del Consigliere Comunale ing. Enrico D'Este.", 
            "adj_title": "", 
            "created": "2012-05-10 23:48:18", 
            "idnum": "2012/4011/00002", 
            "modified": "2012-05-10 23:48:18", 
            "recipient_set": [], 
            "status_is_final": false, 
            "emitting_institution": 3, 
            "text": "", 
            "presentation_date": "2012-02-20", 
            "category_set": []
        }
    }, 
    {
        "pk": 2, 
        "model": "acts.act", 
        "fields": {
            "is_key": false, 
            "description": "", 
            "title": "Verifica dei requisiti per l'esercizio della carica da parte del nuovo Assessore all'Efficacia Organizzativa ing. Enrico D'Este.", 
            "adj_title": "", 
            "created": "2012-05-10 23:48:19", 
            "idnum": "2012/4011/00003", 
            "modified": "2012-05-10 23:48:19", 
            "recipient_set": [], 
            "status_is_final": false, 
            "emitting_institution": 3, 
            "text": "", 
            "presentation_date": "2012-02-20", 
            "category_set": []
        }
    }, 
    {
        "pk": 3, 
        "model": "acts.act", 
        "fields": {
            "is_key": false, 
            "description": "", 
            "title": "Modifica della rappresentanza del Gruppo 'Innovare con Honsell' nella composizione delle Commissioni consiliari. Nomina del Presidente della I^ Commissione consiliare permanente ordinaria 'Bilancio e Programmazione'.", 
            "adj_title": "", 
            "created": "2012-05-10 23:48:20", 
            "idnum": "2012/4011/00004", 
            "modified": "2012-05-10 23:48:21", 
            "recipient_set": [], 
            "status_is_final": false, 
            "emitting_institution": 3, 
            "text": "", 
            "presentation_date": "2012-02-20", 
            "category_set": []
        }
    }, 
    {
        "pk": 4, 
        "model": "acts.act", 
        "fields": {
            "is_key": false, 
            "description": "", 
            "title": "Relazioni dei Presidenti della Commissioni consiliari permanenti sulla attivit\u00e0 svolta nel corso dell'anno 2011.", 
            "adj_title": "", 
            "created": "2012-05-10 23:48:21", 
            "idnum": "2012/4011/00006", 
            "modified": "2012-05-10 23:48:22", 
            "recipient_set": [], 
            "status_is_final": false, 
            "emitting_institution": 3, 
            "text": "", 
            "presentation_date": "2012-03-26", 
            "category_set": []
        }
    }, 
    {
        "pk": 5, 
        "model": "acts.act", 
        "fields": {
            "is_key": false, 
            "description": "", 
            "title": "Determinazione dell'indennit\u00e0 di presenza ai componenti delle Commissioni comunali per l'anno 2012.", 
            "adj_title": "", 
            "created": "2012-05-10 23:48:22", 
            "idnum": "2012/4011/00007", 
            "modified": "2012-05-10 23:48:23", 
            "recipient_set": [], 
            "status_is_final": false, 
            "emitting_institution": 3, 
            "text": "", 
            "presentation_date": "2012-04-16", 
            "category_set": []
        }
    }, 
    {
        "pk": 6, 
        "model": "acts.act", 
        "fields": {
            "is_key": false, 
            "description": "", 
            "title": "Determinazione dell'indennit\u00e0 di presenza da corrispondere ai Consiglieri comunali per la partecipazione alle sedute delle Commissioni consiliari. Anno 2012.", 
            "adj_title": "", 
            "created": "2012-05-10 23:48:23", 
            "idnum": "2012/4011/00008", 
            "modified": "2012-05-10 23:48:24", 
            "recipient_set": [], 
            "status_is_final": false, 
            "emitting_institution": 3, 
            "text": "", 
            "presentation_date": "2012-04-16", 
            "category_set": []
        }
    }, 
    {
        "pk": 7, 
        "model": "acts.act", 
        "fields": {
            "is_key": false, 
            "description": "", 
            "title": "Presentazione del Bilancio di Previsione per l'esercizio finanziario 2012 e del Bilancio Pluriennale 2012/2014.", 
            "adj_title": "", 
            "created": "2012-05-10 23:48:24", 
            "idnum": "2012/4011/00009", 
            "modified": "2012-05-10 23:48:25", 
            "recipient_set": [], 
            "status_is_final": false, 
            "emitting_institution": 3, 
            "text": "", 
            "presentation_date": "2012-04-17", 
            "category_set": []
        }
    }, 
    {
        "pk": 8, 
        "model": "acts.act", 
        "fields": {
            "is_key": false, 
            "description": "", 
            "title": "Discussione generale congiunta su 'Approvazione aliquote e detrazioni dell'Imposta Municipale Propria (IMU) - anno 2012' e su 'Relazione Previsionale e Programmatica 2012/2014. Bilancio di Previsione per l'esercizio finanziario 2012'.", 
            "adj_title": "", 
            "created": "2012-05-10 23:48:25", 
            "idnum": "2012/4011/00012", 
            "modified": "2012-05-10 23:48:26", 
            "recipient_set": [], 
            "status_is_final": false, 
            "emitting_institution": 3, 
            "text": "", 
            "presentation_date": "2012-04-26", 
            "category_set": []
        }
    }, 
    {
        "pk": 9, 
        "model": "acts.act", 
        "fields": {
            "is_key": false, 
            "description": "", 
            "title": "Ordini del giorno relativi alla Relazione Previsionale e Programmatica 2012/2014 - Bilancio di Previsione per l'esercizio finanziario 2012.", 
            "adj_title": "", 
            "created": "2012-05-10 23:48:26", 
            "idnum": "2012/4011/00013", 
            "modified": "2012-05-10 23:51:38", 
            "recipient_set": [], 
            "status_is_final": false, 
            "emitting_institution": 3, 
            "text": "", 
            "presentation_date": "2012-04-27", 
            "category_set": []
        }
    }, 
    {
        "pk": 10, 
        "model": "acts.act", 
        "fields": {
            "is_key": false, 
            "description": "", 
            "title": "Relazione sull'attivit\u00e0 svolta dall'Ufficio del Difensore Civico nel corso dell'anno 2011.", 
            "adj_title": "", 
            "created": "2012-05-10 23:48:27", 
            "idnum": "2012/4016/00002", 
            "modified": "2012-05-10 23:48:28", 
            "recipient_set": [], 
            "status_is_final": false, 
            "emitting_institution": 3, 
            "text": "", 
            "presentation_date": "2012-03-27", 
            "category_set": []
        }
    }, 
    {
        "pk": 11, 
        "model": "acts.act", 
        "fields": {
            "is_key": false, 
            "description": "", 
            "title": "Determinazione dell'indennit\u00e0 di carica e rimborso spese al Difensore civico per l'anno 2012.", 
            "adj_title": "", 
            "created": "2012-05-10 23:48:28", 
            "idnum": "2012/4016/00003", 
            "modified": "2012-05-10 23:48:29", 
            "recipient_set": [], 
            "status_is_final": false, 
            "emitting_institution": 3, 
            "text": "", 
            "presentation_date": "2012-04-04", 
            "category_set": []
        }
    }, 
    {
        "pk": 12, 
        "model": "acts.act", 
        "fields": {
            "is_key": false, 
            "description": "", 
            "title": "Relazione Previsionale e Programmatica 2012-2014. Bilancio di Previsione per l'esercizio finanziario 2012.", 
            "adj_title": "", 
            "created": "2012-05-10 23:48:29", 
            "idnum": "2012/4412/00002", 
            "modified": "2012-05-10 23:48:30", 
            "recipient_set": [], 
            "status_is_final": false, 
            "emitting_institution": 3, 
            "text": "", 
            "presentation_date": "2012-04-04", 
            "category_set": []
        }
    }, 
    {
        "pk": 13, 
        "model": "acts.act", 
        "fields": {
            "is_key": false, 
            "description": "", 
            "title": "Piano Generale di Sviluppo 2009/2013: aggiornamento 2012.", 
            "adj_title": "", 
            "created": "2012-05-10 23:48:30", 
            "idnum": "2012/4417/00003", 
            "modified": "2012-05-10 23:48:31", 
            "recipient_set": [], 
            "status_is_final": false, 
            "emitting_institution": 3, 
            "text": "", 
            "presentation_date": "2012-04-13", 
            "category_set": []
        }
    }, 
    {
        "pk": 14, 
        "model": "acts.act", 
        "fields": {
            "is_key": false, 
            "description": "", 
            "title": "Approvazione aliquote e detrazioni dell'Imposta Municipale Propria (IMU) - Anno 2012.", 
            "adj_title": "", 
            "created": "2012-05-10 23:48:31", 
            "idnum": "2012/4420/00001", 
            "modified": "2012-05-10 23:48:32", 
            "recipient_set": [], 
            "status_is_final": false, 
            "emitting_institution": 3, 
            "text": "", 
            "presentation_date": "2012-04-02", 
            "category_set": []
        }
    }, 
    {
        "pk": 15, 
        "model": "acts.act", 
        "fields": {
            "is_key": false, 
            "description": "", 
            "title": "Convenzione  con il Comune di Tavagnacco per l'applicazione del principio di 'reciprocit\u00e0 tariffaria' relativamente al servizio di ristorazione scolastica.", 
            "adj_title": "", 
            "created": "2012-05-10 23:48:32", 
            "idnum": "2012/4608/00003", 
            "modified": "2012-05-10 23:48:33", 
            "recipient_set": [], 
            "status_is_final": false, 
            "emitting_institution": 3, 
            "text": "", 
            "presentation_date": "2012-02-14", 
            "category_set": []
        }
    }, 
    {
        "pk": 16, 
        "model": "acts.act", 
        "fields": {
            "is_key": false, 
            "description": "", 
            "title": "Opere di collegamento viario tra viale Tricesimo e il cavalcaferrovia di via Cividina - 2^ fase funzionale: tratto compreso tra via Molin Nuovo e via Cividina. Approvazione del progetto preliminare aggiornato per un importo complessivo di Euro 1.560.188,29 e contestuale adozione della variante n. 197 al Piano Regolatore Generale Comunale e variante al nuovo Piano Regolatore Generale Comunale ai sensi e per gli effetti dell'art. 24 della L.R. n. 5/2007 nonch\u00e9 dell'art. 11 del d.P.Reg. 20/03/2008 n. 86/Pres. 'Regolamento di attuazione della L.R. 5/2007'. (OPERA: 5080/C - CUP: C61B00000250006)", 
            "adj_title": "", 
            "created": "2012-05-10 23:48:33", 
            "idnum": "2012/4733/00001", 
            "modified": "2012-05-10 23:48:34", 
            "recipient_set": [], 
            "status_is_final": false, 
            "emitting_institution": 3, 
            "text": "", 
            "presentation_date": "2012-03-08", 
            "category_set": []
        }
    }, 
    {
        "pk": 17, 
        "model": "acts.act", 
        "fields": {
            "is_key": false, 
            "description": "", 
            "title": "Acquisizione, ai sensi dell'art. 31, comma 21, della Legge n. 448/98, di alcuni tratti della strada denominata via Bicinicco.", 
            "adj_title": "", 
            "created": "2012-05-10 23:48:34", 
            "idnum": "2012/4902/00007", 
            "modified": "2012-05-10 23:48:35", 
            "recipient_set": [], 
            "status_is_final": false, 
            "emitting_institution": 3, 
            "text": "", 
            "presentation_date": "2012-01-31", 
            "category_set": []
        }
    }, 
    {
        "pk": 18, 
        "model": "acts.act", 
        "fields": {
            "is_key": false, 
            "description": "", 
            "title": "Sclassifica di un tratto del sedime stradale denominato via del Predil e conseguente cessione alla ditta OPIT S.p.A.", 
            "adj_title": "", 
            "created": "2012-05-10 23:48:35", 
            "idnum": "2012/4902/00008", 
            "modified": "2012-05-10 23:48:36", 
            "recipient_set": [], 
            "status_is_final": false, 
            "emitting_institution": 3, 
            "text": "", 
            "presentation_date": "2012-02-02", 
            "category_set": []
        }
    }, 
    {
        "pk": 19, 
        "model": "acts.act", 
        "fields": {
            "is_key": false, 
            "description": "", 
            "title": "Acquisizione, ai sensi dell'art. 31, comma 21, della Legge n. 448/98, di alcuni tratti delle strade denominate via Portogruaro, via della Bainsizza e via Sesto in Sylvis.", 
            "adj_title": "", 
            "created": "2012-05-10 23:48:36", 
            "idnum": "2012/4902/00009", 
            "modified": "2012-05-10 23:48:37", 
            "recipient_set": [], 
            "status_is_final": false, 
            "emitting_institution": 3, 
            "text": "", 
            "presentation_date": "2012-03-06", 
            "category_set": []
        }
    }, 
    {
        "pk": 20, 
        "model": "acts.act", 
        "fields": {
            "is_key": false, 
            "description": "", 
            "title": "Modifica della servit\u00f9 di veduta sull'area verde comunale di via Duchi d'Aosta (Baden Powell) a favore della signora Raffaella Moretti.", 
            "adj_title": "", 
            "created": "2012-05-10 23:48:38", 
            "idnum": "2012/4902/00012", 
            "modified": "2012-05-10 23:48:39", 
            "recipient_set": [], 
            "status_is_final": false, 
            "emitting_institution": 3, 
            "text": "", 
            "presentation_date": "2012-03-20", 
            "category_set": []
        }
    }, 
    {
        "pk": 21, 
        "model": "acts.act", 
        "fields": {
            "is_key": false, 
            "description": "", 
            "title": " Adozione variante n. 196 al Piano Regolatore Generale Comunale relativa alla individuazione delle zone a rischio esondativo in prossimit\u00e0 del torrente Cormor e conseguenti all'assetto attuale del Rio Tresemane. Variante al nuovo piano regolatore generale comunale.", 
            "adj_title": "", 
            "created": "2012-05-10 23:48:40", 
            "idnum": "2012/4911/00002", 
            "modified": "2012-05-10 23:48:41", 
            "recipient_set": [], 
            "status_is_final": false, 
            "emitting_institution": 3, 
            "text": "", 
            "presentation_date": "2012-03-06", 
            "category_set": []
        }
    }, 
    {
        "pk": 22, 
        "model": "acts.act", 
        "fields": {
            "is_key": false, 
            "description": "", 
            "title": "Variante n. 192 al Piano Regolatore Generale Comunale finalizzata al completamento funzionale del complesso dell'Istituto Renati - presa d'atto mancanza osservazioni/opposizioni - controdeduzione alle riserve regionali e conseguente approvazione.", 
            "adj_title": "", 
            "created": "2012-05-10 23:48:42", 
            "idnum": "2012/4911/00003", 
            "modified": "2012-05-10 23:48:42", 
            "recipient_set": [], 
            "status_is_final": false, 
            "emitting_institution": 3, 
            "text": "", 
            "presentation_date": "2012-03-07", 
            "category_set": []
        }
    }, 
    {
        "pk": 23, 
        "model": "acts.act", 
        "fields": {
            "is_key": false, 
            "description": "", 
            "title": "Variante n. 195 al Piano Regolatore Generale Comunale relativa ad opere di bonifica, viabilit\u00e0 e verde nell'ambito del Parco del Cormor. Presa d'atto della mancata presentazione di osservazioni/opposizioni e conseguente approvazione.", 
            "adj_title": "", 
            "created": "2012-05-10 23:48:43", 
            "idnum": "2012/4911/00004", 
            "modified": "2012-05-10 23:48:43", 
            "recipient_set": [], 
            "status_is_final": false, 
            "emitting_institution": 3, 
            "text": "", 
            "presentation_date": "2012-03-08", 
            "category_set": []
        }
    }, 
    {
        "pk": 24, 
        "model": "acts.act", 
        "fields": {
            "is_key": false, 
            "description": "", 
            "title": "Variante n. 191 al Piano Regolatore Generale Comunale per lo sviluppo delle potenzialit\u00e0 urbane e territoriali insite nel processo di riconversione del sedime della ex Caserma Osoppo - presa d'atto mancanza osservazioni e opposizioni - controdeduzione alle riserve regionali e conseguente approvazione.", 
            "adj_title": "", 
            "created": "2012-05-10 23:48:44", 
            "idnum": "2012/4911/00005", 
            "modified": "2012-05-10 23:48:44", 
            "recipient_set": [], 
            "status_is_final": false, 
            "emitting_institution": 3, 
            "text": "", 
            "presentation_date": "2012-03-09", 
            "category_set": []
        }
    }, 
    {
        "pk": 25, 
        "model": "acts.act", 
        "fields": {
            "is_key": false, 
            "description": "", 
            "title": "Piano di settore del commercio per grandi strutture con superficie di vendita superiore a 1.500 mq., e inferiore a 15.000 mq. - Adeguamento ambito denominato via Della Faula in relazione alla riserva della Regione FVG n. 1 alla variante n. 193 al PRGC vigente.", 
            "adj_title": "", 
            "created": "2012-05-10 23:48:45", 
            "idnum": "2012/4911/00006", 
            "modified": "2012-05-10 23:48:45", 
            "recipient_set": [], 
            "status_is_final": false, 
            "emitting_institution": 3, 
            "text": "", 
            "presentation_date": "2012-03-15", 
            "category_set": []
        }
    }, 
    {
        "pk": 26, 
        "model": "acts.act", 
        "fields": {
            "is_key": false, 
            "description": "", 
            "title": "Variante n. 193 al Piano regolatore Generale Comunale relativa alla ristrutturazione urbanistica di aree limitrofe a Via Della Faula - Controdeduzione alle riserve regionali e conseguente approvazione.", 
            "adj_title": "", 
            "created": "2012-05-10 23:48:46", 
            "idnum": "2012/4911/00007", 
            "modified": "2012-05-10 23:48:46", 
            "recipient_set": [], 
            "status_is_final": false, 
            "emitting_institution": 3, 
            "text": "", 
            "presentation_date": "2012-03-15", 
            "category_set": []
        }
    }, 
    {
        "pk": 27, 
        "model": "acts.act", 
        "fields": {
            "is_key": false, 
            "description": "", 
            "title": "UNIVERSITA' DEGLI STUDI DI UDINE. Rettifica di un tratto di muratura per la rimozione dello spigolo esistente nell'aula A dell'ex Collegio Tomadini di via Tomadini. Applicazione della procedura di deroga ai sensi dell'art. 35, comma 1, della L.R. n. 19/2009.", 
            "adj_title": "", 
            "created": "2012-05-10 23:48:47", 
            "idnum": "2012/4926/00002", 
            "modified": "2012-05-10 23:48:47", 
            "recipient_set": [], 
            "status_is_final": false, 
            "emitting_institution": 3, 
            "text": "", 
            "presentation_date": "2012-01-25", 
            "category_set": []
        }
    }, 
    {
        "pk": 28, 
        "model": "acts.act", 
        "fields": {
            "is_key": false, 
            "description": "", 
            "title": "Realizzazione della sede dell'Associazione Nazionale Alpini - Sezione di Udine - Gruppo  Udine Cussignacco. Approvazione schema di convenzione fra il Comune di Udine ed il Responsabile dell'Associazione Nazionale Alpini - Sezione di Udine - Gruppo  Udine Cussignacco.", 
            "adj_title": "", 
            "created": "2012-05-10 23:48:48", 
            "idnum": "2012/4926/00003", 
            "modified": "2012-05-10 23:48:48", 
            "recipient_set": [], 
            "status_is_final": false, 
            "emitting_institution": 3, 
            "text": "", 
            "presentation_date": "2012-02-07", 
            "category_set": []
        }
    }, 
    {
        "pk": 29, 
        "model": "acts.act", 
        "fields": {
            "is_key": false, 
            "description": "", 
            "title": "Approvazione direttiva urbanistica ai sensi del combinato disposto di cui all-art. 63 bis, comma 8 e art. 63 ter, comma 2 della L.R. 23.02.2007, n\u00b0 5 e successive modificazioni ed integrazioni inerente le norme di attuazione del Piano Regolatore Generale Comunale.", 
            "adj_title": "", 
            "created": "2012-05-10 23:48:49", 
            "idnum": "2012/4926/00006", 
            "modified": "2012-05-10 23:48:49", 
            "recipient_set": [], 
            "status_is_final": false, 
            "emitting_institution": 3, 
            "text": "", 
            "presentation_date": "2012-03-12", 
            "category_set": []
        }
    }, 
    {
        "pk": 1, 
        "model": "acts.actsupport", 
        "fields": {
            "support_date": null, 
            "charge": 2, 
            "support_type": "FIRSTSIGNER", 
            "act": 1
        }
    }, 
    {
        "pk": 2, 
        "model": "acts.actsupport", 
        "fields": {
            "support_date": null, 
            "charge": 2, 
            "support_type": "FIRSTSIGNER", 
            "act": 2
        }
    }, 
    {
        "pk": 3, 
        "model": "acts.actsupport", 
        "fields": {
            "support_date": null, 
            "charge": 2, 
            "support_type": "FIRSTSIGNER", 
            "act": 3
        }
    }, 
    {
        "pk": 4, 
        "model": "acts.actsupport", 
        "fields": {
            "support_date": null, 
            "charge": 163, 
            "support_type": "FIRSTSIGNER", 
            "act": 4
        }
    }, 
    {
        "pk": 5, 
        "model": "acts.actsupport", 
        "fields": {
            "support_date": null, 
            "charge": 2, 
            "support_type": "FIRSTSIGNER", 
            "act": 5
        }
    }, 
    {
        "pk": 6, 
        "model": "acts.actsupport", 
        "fields": {
            "support_date": null, 
            "charge": 2, 
            "support_type": "FIRSTSIGNER", 
            "act": 6
        }
    }, 
    {
        "pk": 7, 
        "model": "acts.actsupport", 
        "fields": {
            "support_date": null, 
            "charge": 2, 
            "support_type": "FIRSTSIGNER", 
            "act": 7
        }
    }, 
    {
        "pk": 8, 
        "model": "acts.actsupport", 
        "fields": {
            "support_date": null, 
            "charge": 2, 
            "support_type": "FIRSTSIGNER", 
            "act": 8
        }
    }, 
    {
        "pk": 9, 
        "model": "acts.actsupport", 
        "fields": {
            "support_date": null, 
            "charge": 2, 
            "support_type": "FIRSTSIGNER", 
            "act": 9
        }
    }, 
    {
        "pk": 10, 
        "model": "acts.actsupport", 
        "fields": {
            "support_date": null, 
            "charge": 163, 
            "support_type": "FIRSTSIGNER", 
            "act": 10
        }
    }, 
    {
        "pk": 11, 
        "model": "acts.actsupport", 
        "fields": {
            "support_date": null, 
            "charge": 2, 
            "support_type": "FIRSTSIGNER", 
            "act": 11
        }
    }, 
    {
        "pk": 12, 
        "model": "acts.actsupport", 
        "fields": {
            "support_date": null, 
            "charge": 9, 
            "support_type": "FIRSTSIGNER", 
            "act": 12
        }
    }, 
    {
        "pk": 13, 
        "model": "acts.actsupport", 
        "fields": {
            "support_date": null, 
            "charge": 3, 
            "support_type": "FIRSTSIGNER", 
            "act": 13
        }
    }, 
    {
        "pk": 14, 
        "model": "acts.actsupport", 
        "fields": {
            "support_date": null, 
            "charge": 9, 
            "support_type": "FIRSTSIGNER", 
            "act": 14
        }
    }, 
    {
        "pk": 15, 
        "model": "acts.actsupport", 
        "fields": {
            "support_date": null, 
            "charge": 7, 
            "support_type": "FIRSTSIGNER", 
            "act": 15
        }
    }, 
    {
        "pk": 16, 
        "model": "acts.actsupport", 
        "fields": {
            "support_date": null, 
            "charge": 10, 
            "support_type": "FIRSTSIGNER", 
            "act": 16
        }
    }, 
    {
        "pk": 17, 
        "model": "acts.actsupport", 
        "fields": {
            "support_date": null, 
            "charge": 12, 
            "support_type": "FIRSTSIGNER", 
            "act": 17
        }
    }, 
    {
        "pk": 18, 
        "model": "acts.actsupport", 
        "fields": {
            "support_date": null, 
            "charge": 12, 
            "support_type": "FIRSTSIGNER", 
            "act": 18
        }
    }, 
    {
        "pk": 19, 
        "model": "acts.actsupport", 
        "fields": {
            "support_date": null, 
            "charge": 12, 
            "support_type": "FIRSTSIGNER", 
            "act": 19
        }
    }, 
    {
        "pk": 20, 
        "model": "acts.actsupport", 
        "fields": {
            "support_date": null, 
            "charge": 12, 
            "support_type": "FIRSTSIGNER", 
            "act": 20
        }
    }, 
    {
        "pk": 21, 
        "model": "acts.actsupport", 
        "fields": {
            "support_date": null, 
            "charge": 12, 
            "support_type": "FIRSTSIGNER", 
            "act": 21
        }
    }, 
    {
        "pk": 22, 
        "model": "acts.actsupport", 
        "fields": {
            "support_date": null, 
            "charge": 12, 
            "support_type": "FIRSTSIGNER", 
            "act": 22
        }
    }, 
    {
        "pk": 23, 
        "model": "acts.actsupport", 
        "fields": {
            "support_date": null, 
            "charge": 12, 
            "support_type": "FIRSTSIGNER", 
            "act": 23
        }
    }, 
    {
        "pk": 24, 
        "model": "acts.actsupport", 
        "fields": {
            "support_date": null, 
            "charge": 8, 
            "support_type": "FIRSTSIGNER", 
            "act": 24
        }
    }, 
    {
        "pk": 25, 
        "model": "acts.actsupport", 
        "fields": {
            "support_date": null, 
            "charge": 12, 
            "support_type": "FIRSTSIGNER", 
            "act": 25
        }
    }, 
    {
        "pk": 26, 
        "model": "acts.actsupport", 
        "fields": {
            "support_date": null, 
            "charge": 12, 
            "support_type": "FIRSTSIGNER", 
            "act": 26
        }
    }, 
    {
        "pk": 27, 
        "model": "acts.actsupport", 
        "fields": {
            "support_date": null, 
            "charge": 8, 
            "support_type": "FIRSTSIGNER", 
            "act": 27
        }
    }, 
    {
        "pk": 28, 
        "model": "acts.actsupport", 
        "fields": {
            "support_date": null, 
            "charge": 8, 
            "support_type": "FIRSTSIGNER", 
            "act": 28
        }
    }, 
    {
        "pk": 29, 
        "model": "acts.actsupport", 
        "fields": {
            "support_date": null, 
            "charge": 12, 
            "support_type": "FIRSTSIGNER", 
            "act": 29
        }
    }, 
    {
        "pk": 1, 
        "model": "acts.deliberation", 
        "fields": {
            "status": "PRESENTED", 
            "approved_text": "", 
            "execution_date": null, 
            "approval_date": null, 
            "recipient_set": [], 
            "initiative": "MAYOR", 
            "publication_date": null, 
            "category_set": []
        }
    }, 
    {
        "pk": 2, 
        "model": "acts.deliberation", 
        "fields": {
            "status": "PRESENTED", 
            "approved_text": "", 
            "execution_date": null, 
            "approval_date": null, 
            "recipient_set": [], 
            "initiative": "MAYOR", 
            "publication_date": null, 
            "category_set": []
        }
    }, 
    {
        "pk": 3, 
        "model": "acts.deliberation", 
        "fields": {
            "status": "PRESENTED", 
            "approved_text": "", 
            "execution_date": null, 
            "approval_date": null, 
            "recipient_set": [], 
            "initiative": "MAYOR", 
            "publication_date": null, 
            "category_set": []
        }
    }, 
    {
        "pk": 4, 
        "model": "acts.deliberation", 
        "fields": {
            "status": "PRESENTED", 
            "approved_text": "", 
            "execution_date": null, 
            "approval_date": null, 
            "recipient_set": [], 
            "initiative": "COUNSELOR", 
            "publication_date": null, 
            "category_set": []
        }
    }, 
    {
        "pk": 5, 
        "model": "acts.deliberation", 
        "fields": {
            "status": "PRESENTED", 
            "approved_text": "", 
            "execution_date": null, 
            "approval_date": null, 
            "recipient_set": [], 
            "initiative": "MAYOR", 
            "publication_date": null, 
            "category_set": []
        }
    }, 
    {
        "pk": 6, 
        "model": "acts.deliberation", 
        "fields": {
            "status": "PRESENTED", 
            "approved_text": "", 
            "execution_date": null, 
            "approval_date": null, 
            "recipient_set": [], 
            "initiative": "MAYOR", 
            "publication_date": null, 
            "category_set": []
        }
    }, 
    {
        "pk": 7, 
        "model": "acts.deliberation", 
        "fields": {
            "status": "PRESENTED", 
            "approved_text": "", 
            "execution_date": null, 
            "approval_date": null, 
            "recipient_set": [], 
            "initiative": "MAYOR", 
            "publication_date": null, 
            "category_set": []
        }
    }, 
    {
        "pk": 8, 
        "model": "acts.deliberation", 
        "fields": {
            "status": "PRESENTED", 
            "approved_text": "", 
            "execution_date": null, 
            "approval_date": null, 
            "recipient_set": [], 
            "initiative": "MAYOR", 
            "publication_date": null, 
            "category_set": []
        }
    }, 
    {
        "pk": 9, 
        "model": "acts.deliberation", 
        "fields": {
            "status": "PRESENTED", 
            "approved_text": "", 
            "execution_date": null, 
            "approval_date": null, 
            "recipient_set": [], 
            "initiative": "MAYOR", 
            "publication_date": null, 
            "category_set": []
        }
    }, 
    {
        "pk": 10, 
        "model": "acts.deliberation", 
        "fields": {
            "status": "PRESENTED", 
            "approved_text": "", 
            "execution_date": null, 
            "approval_date": null, 
            "recipient_set": [], 
            "initiative": "COUNSELOR", 
            "publication_date": null, 
            "category_set": []
        }
    }, 
    {
        "pk": 11, 
        "model": "acts.deliberation", 
        "fields": {
            "status": "PRESENTED", 
            "approved_text": "", 
            "execution_date": null, 
            "approval_date": null, 
            "recipient_set": [], 
            "initiative": "MAYOR", 
            "publication_date": null, 
            "category_set": []
        }
    }, 
    {
        "pk": 12, 
        "model": "acts.deliberation", 
        "fields": {
            "status": "PRESENTED", 
            "approved_text": "", 
            "execution_date": null, 
            "approval_date": null, 
            "recipient_set": [], 
            "initiative": "ASSESSOR", 
            "publication_date": null, 
            "category_set": []
        }
    }, 
    {
        "pk": 13, 
        "model": "acts.deliberation", 
        "fields": {
            "status": "PRESENTED", 
            "approved_text": "", 
            "execution_date": null, 
            "approval_date": null, 
            "recipient_set": [], 
            "initiative": "ASSESSOR", 
            "publication_date": null, 
            "category_set": []
        }
    }, 
    {
        "pk": 14, 
        "model": "acts.deliberation", 
        "fields": {
            "status": "PRESENTED", 
            "approved_text": "", 
            "execution_date": null, 
            "approval_date": null, 
            "recipient_set": [], 
            "initiative": "ASSESSOR", 
            "publication_date": null, 
            "category_set": []
        }
    }, 
    {
        "pk": 15, 
        "model": "acts.deliberation", 
        "fields": {
            "status": "PRESENTED", 
            "approved_text": "", 
            "execution_date": null, 
            "approval_date": null, 
            "recipient_set": [], 
            "initiative": "ASSESSOR", 
            "publication_date": null, 
            "category_set": []
        }
    }, 
    {
        "pk": 16, 
        "model": "acts.deliberation", 
        "fields": {
            "status": "PRESENTED", 
            "approved_text": "", 
            "execution_date": null, 
            "approval_date": null, 
            "recipient_set": [], 
            "initiative": "ASSESSOR", 
            "publication_date": null, 
            "category_set": []
        }
    }, 
    {
        "pk": 17, 
        "model": "acts.deliberation", 
        "fields": {
            "status": "PRESENTED", 
            "approved_text": "", 
            "execution_date": null, 
            "approval_date": null, 
            "recipient_set": [], 
            "initiative": "ASSESSOR", 
            "publication_date": null, 
            "category_set": []
        }
    }, 
    {
        "pk": 18, 
        "model": "acts.deliberation", 
        "fields": {
            "status": "PRESENTED", 
            "approved_text": "", 
            "execution_date": null, 
            "approval_date": null, 
            "recipient_set": [], 
            "initiative": "ASSESSOR", 
            "publication_date": null, 
            "category_set": []
        }
    }, 
    {
        "pk": 19, 
        "model": "acts.deliberation", 
        "fields": {
            "status": "PRESENTED", 
            "approved_text": "", 
            "execution_date": null, 
            "approval_date": null, 
            "recipient_set": [], 
            "initiative": "ASSESSOR", 
            "publication_date": null, 
            "category_set": []
        }
    }, 
    {
        "pk": 20, 
        "model": "acts.deliberation", 
        "fields": {
            "status": "PRESENTED", 
            "approved_text": "", 
            "execution_date": null, 
            "approval_date": null, 
            "recipient_set": [], 
            "initiative": "ASSESSOR", 
            "publication_date": null, 
            "category_set": []
        }
    }, 
    {
        "pk": 21, 
        "model": "acts.deliberation", 
        "fields": {
            "status": "PRESENTED", 
            "approved_text": "", 
            "execution_date": null, 
            "approval_date": null, 
            "recipient_set": [], 
            "initiative": "ASSESSOR", 
            "publication_date": null, 
            "category_set": []
        }
    }, 
    {
        "pk": 22, 
        "model": "acts.deliberation", 
        "fields": {
            "status": "PRESENTED", 
            "approved_text": "", 
            "execution_date": null, 
            "approval_date": null, 
            "recipient_set": [], 
            "initiative": "ASSESSOR", 
            "publication_date": null, 
            "category_set": []
        }
    }, 
    {
        "pk": 23, 
        "model": "acts.deliberation", 
        "fields": {
            "status": "PRESENTED", 
            "approved_text": "", 
            "execution_date": null, 
            "approval_date": null, 
            "recipient_set": [], 
            "initiative": "ASSESSOR", 
            "publication_date": null, 
            "category_set": []
        }
    }, 
    {
        "pk": 24, 
        "model": "acts.deliberation", 
        "fields": {
            "status": "PRESENTED", 
            "approved_text": "", 
            "execution_date": null, 
            "approval_date": null, 
            "recipient_set": [], 
            "initiative": "ASSESSOR", 
            "publication_date": null, 
            "category_set": []
        }
    }, 
    {
        "pk": 25, 
        "model": "acts.deliberation", 
        "fields": {
            "status": "PRESENTED", 
            "approved_text": "", 
            "execution_date": null, 
            "approval_date": null, 
            "recipient_set": [], 
            "initiative": "ASSESSOR", 
            "publication_date": null, 
            "category_set": []
        }
    }, 
    {
        "pk": 26, 
        "model": "acts.deliberation", 
        "fields": {
            "status": "PRESENTED", 
            "approved_text": "", 
            "execution_date": null, 
            "approval_date": null, 
            "recipient_set": [], 
            "initiative": "ASSESSOR", 
            "publication_date": null, 
            "category_set": []
        }
    }, 
    {
        "pk": 27, 
        "model": "acts.deliberation", 
        "fields": {
            "status": "PRESENTED", 
            "approved_text": "", 
            "execution_date": null, 
            "approval_date": null, 
            "recipient_set": [], 
            "initiative": "ASSESSOR", 
            "publication_date": null, 
            "category_set": []
        }
    }, 
    {
        "pk": 28, 
        "model": "acts.deliberation", 
        "fields": {
            "status": "PRESENTED", 
            "approved_text": "", 
            "execution_date": null, 
            "approval_date": null, 
            "recipient_set": [], 
            "initiative": "ASSESSOR", 
            "publication_date": null, 
            "category_set": []
        }
    }, 
    {
        "pk": 29, 
        "model": "acts.deliberation", 
        "fields": {
            "status": "PRESENTED", 
            "approved_text": "", 
            "execution_date": null, 
            "approval_date": null, 
            "recipient_set": [], 
            "initiative": "ASSESSOR", 
            "publication_date": null, 
            "category_set": []
        }
    }, 
    {
        "pk": 1, 
        "model": "acts.transition", 
        "fields": {
            "symbol": null, 
            "votation": null, 
            "note": null, 
            "act": 1, 
            "target_status": "PRESENTED", 
            "transition_date": "2012-02-20"
        }
    }, 
    {
        "pk": 2, 
        "model": "acts.transition", 
        "fields": {
            "symbol": null, 
            "votation": null, 
            "note": null, 
            "act": 2, 
            "target_status": "PRESENTED", 
            "transition_date": "2012-02-20"
        }
    }, 
    {
        "pk": 3, 
        "model": "acts.transition", 
        "fields": {
            "symbol": null, 
            "votation": null, 
            "note": null, 
            "act": 3, 
            "target_status": "PRESENTED", 
            "transition_date": "2012-02-20"
        }
    }, 
    {
        "pk": 4, 
        "model": "acts.transition", 
        "fields": {
            "symbol": null, 
            "votation": null, 
            "note": null, 
            "act": 4, 
            "target_status": "PRESENTED", 
            "transition_date": "2012-03-26"
        }
    }, 
    {
        "pk": 5, 
        "model": "acts.transition", 
        "fields": {
            "symbol": null, 
            "votation": null, 
            "note": null, 
            "act": 5, 
            "target_status": "PRESENTED", 
            "transition_date": "2012-04-16"
        }
    }, 
    {
        "pk": 6, 
        "model": "acts.transition", 
        "fields": {
            "symbol": null, 
            "votation": null, 
            "note": null, 
            "act": 6, 
            "target_status": "PRESENTED", 
            "transition_date": "2012-04-16"
        }
    }, 
    {
        "pk": 7, 
        "model": "acts.transition", 
        "fields": {
            "symbol": null, 
            "votation": null, 
            "note": null, 
            "act": 7, 
            "target_status": "PRESENTED", 
            "transition_date": "2012-04-17"
        }
    }, 
    {
        "pk": 8, 
        "model": "acts.transition", 
        "fields": {
            "symbol": null, 
            "votation": null, 
            "note": null, 
            "act": 8, 
            "target_status": "PRESENTED", 
            "transition_date": "2012-04-26"
        }
    }, 
    {
        "pk": 9, 
        "model": "acts.transition", 
        "fields": {
            "symbol": null, 
            "votation": null, 
            "note": null, 
            "act": 9, 
            "target_status": "PRESENTED", 
            "transition_date": "2012-04-27"
        }
    }, 
    {
        "pk": 10, 
        "model": "acts.transition", 
        "fields": {
            "symbol": null, 
            "votation": null, 
            "note": null, 
            "act": 10, 
            "target_status": "PRESENTED", 
            "transition_date": "2012-03-27"
        }
    }, 
    {
        "pk": 11, 
        "model": "acts.transition", 
        "fields": {
            "symbol": null, 
            "votation": null, 
            "note": null, 
            "act": 11, 
            "target_status": "PRESENTED", 
            "transition_date": "2012-04-04"
        }
    }, 
    {
        "pk": 12, 
        "model": "acts.transition", 
        "fields": {
            "symbol": null, 
            "votation": null, 
            "note": null, 
            "act": 12, 
            "target_status": "PRESENTED", 
            "transition_date": "2012-04-04"
        }
    }, 
    {
        "pk": 13, 
        "model": "acts.transition", 
        "fields": {
            "symbol": null, 
            "votation": null, 
            "note": null, 
            "act": 13, 
            "target_status": "PRESENTED", 
            "transition_date": "2012-04-13"
        }
    }, 
    {
        "pk": 14, 
        "model": "acts.transition", 
        "fields": {
            "symbol": null, 
            "votation": null, 
            "note": null, 
            "act": 14, 
            "target_status": "PRESENTED", 
            "transition_date": "2012-04-02"
        }
    }, 
    {
        "pk": 15, 
        "model": "acts.transition", 
        "fields": {
            "symbol": null, 
            "votation": null, 
            "note": null, 
            "act": 15, 
            "target_status": "PRESENTED", 
            "transition_date": "2012-02-14"
        }
    }, 
    {
        "pk": 16, 
        "model": "acts.transition", 
        "fields": {
            "symbol": null, 
            "votation": null, 
            "note": null, 
            "act": 16, 
            "target_status": "PRESENTED", 
            "transition_date": "2012-03-08"
        }
    }, 
    {
        "pk": 17, 
        "model": "acts.transition", 
        "fields": {
            "symbol": null, 
            "votation": null, 
            "note": null, 
            "act": 17, 
            "target_status": "PRESENTED", 
            "transition_date": "2012-01-31"
        }
    }, 
    {
        "pk": 18, 
        "model": "acts.transition", 
        "fields": {
            "symbol": null, 
            "votation": null, 
            "note": null, 
            "act": 18, 
            "target_status": "PRESENTED", 
            "transition_date": "2012-02-02"
        }
    }, 
    {
        "pk": 19, 
        "model": "acts.transition", 
        "fields": {
            "symbol": null, 
            "votation": null, 
            "note": null, 
            "act": 19, 
            "target_status": "PRESENTED", 
            "transition_date": "2012-03-06"
        }
    }, 
    {
        "pk": 20, 
        "model": "acts.transition", 
        "fields": {
            "symbol": null, 
            "votation": null, 
            "note": null, 
            "act": 20, 
            "target_status": "PRESENTED", 
            "transition_date": "2012-03-20"
        }
    }, 
    {
        "pk": 21, 
        "model": "acts.transition", 
        "fields": {
            "symbol": null, 
            "votation": null, 
            "note": null, 
            "act": 21, 
            "target_status": "PRESENTED", 
            "transition_date": "2012-03-06"
        }
    }, 
    {
        "pk": 22, 
        "model": "acts.transition", 
        "fields": {
            "symbol": null, 
            "votation": null, 
            "note": null, 
            "act": 22, 
            "target_status": "PRESENTED", 
            "transition_date": "2012-03-07"
        }
    }, 
    {
        "pk": 23, 
        "model": "acts.transition", 
        "fields": {
            "symbol": null, 
            "votation": null, 
            "note": null, 
            "act": 23, 
            "target_status": "PRESENTED", 
            "transition_date": "2012-03-08"
        }
    }, 
    {
        "pk": 24, 
        "model": "acts.transition", 
        "fields": {
            "symbol": null, 
            "votation": null, 
            "note": null, 
            "act": 24, 
            "target_status": "PRESENTED", 
            "transition_date": "2012-03-09"
        }
    }, 
    {
        "pk": 25, 
        "model": "acts.transition", 
        "fields": {
            "symbol": null, 
            "votation": null, 
            "note": null, 
            "act": 25, 
            "target_status": "PRESENTED", 
            "transition_date": "2012-03-15"
        }
    }, 
    {
        "pk": 26, 
        "model": "acts.transition", 
        "fields": {
            "symbol": null, 
            "votation": null, 
            "note": null, 
            "act": 26, 
            "target_status": "PRESENTED", 
            "transition_date": "2012-03-15"
        }
    }, 
    {
        "pk": 27, 
        "model": "acts.transition", 
        "fields": {
            "symbol": null, 
            "votation": null, 
            "note": null, 
            "act": 27, 
            "target_status": "PRESENTED", 
            "transition_date": "2012-01-25"
        }
    }, 
    {
        "pk": 28, 
        "model": "acts.transition", 
        "fields": {
            "symbol": null, 
            "votation": null, 
            "note": null, 
            "act": 28, 
            "target_status": "PRESENTED", 
            "transition_date": "2012-02-07"
        }
    }, 
    {
        "pk": 29, 
        "model": "acts.transition", 
        "fields": {
            "symbol": null, 
            "votation": null, 
            "note": null, 
            "act": 29, 
            "target_status": "PRESENTED", 
            "transition_date": "2012-03-12"
        }
    }
]
